{
    "en-US": 1723357412.4592707,
    "ar": 1723357427.5533895,
    "de": 1723357442.6524284,
    "es-ES": 1723357457.7537508,
    "es-MX": 1723357472.8613694,
    "fr": 1723357487.9360394,
    "it": 1723357503.0304723,
    "ja": 1723357518.114754,
    "ko": 1723357533.2086394,
    "pl": 1723357548.3119729,
    "pt-BR": 1723357563.4122677,
    "ru": 1723357578.5060177,
    "tr": 1723357593.5930784
}