{
    "en-US": 1724073639.1739626,
    "ar": 1724073654.3343213,
    "de": 1724073669.5093522,
    "es-ES": 1724073684.673469,
    "es-MX": 1724073699.8557365,
    "fr": 1724073715.0103185,
    "it": 1724073730.190602,
    "ja": 1724073745.3446102,
    "ko": 1724073760.4945543,
    "pl": 1724073775.648161,
    "pt-BR": 1724073790.8218014,
    "ru": 1724073805.9825847,
    "tr": 1724073821.1435926
}