{
    "en-US": 1715149074.2095537,
    "ar": 1715149090.03169,
    "de": 1715149105.5368612,
    "es-ES": 1715149121.0227284,
    "es-MX": 1715149136.5762296,
    "fr": 1715149152.1093764,
    "it": 1715149167.6688094,
    "ja": 1715149184.1323688,
    "ko": 1715149200.3016522,
    "pl": 1715149215.8479426,
    "pt-BR": 1715149231.4187486,
    "ru": 1715149247.009011,
    "tr": 1715149262.567769
}