{
    "en-US": 1715840248.2148345,
    "ar": 1715840263.9585361,
    "de": 1715840279.3815303,
    "es-ES": 1715840294.7717223,
    "es-MX": 1715840310.2348566,
    "fr": 1715840325.6518004,
    "it": 1715840341.1107557,
    "ja": 1715840357.1793668,
    "ko": 1715840373.0476546,
    "pl": 1715840388.491577,
    "pt-BR": 1715840403.9550953,
    "ru": 1715840419.4353337,
    "tr": 1715840434.901658
}