{
    "en-US": 1719026392.724541,
    "ar": 1719026408.578196,
    "de": 1719026424.3994334,
    "es-ES": 1719026439.575335,
    "es-MX": 1719026454.7670147,
    "fr": 1719026469.9135149,
    "it": 1719026485.0799162,
    "ja": 1719026500.221943,
    "ko": 1719026515.387154,
    "pl": 1719026530.538088,
    "pt-BR": 1719026545.6985757,
    "ru": 1719026560.939768,
    "tr": 1719026576.0979867
}