{
    "en-US": 1724041172.7513254,
    "ar": 1724041187.9366987,
    "de": 1724041203.1222608,
    "es-ES": 1724041218.2784488,
    "es-MX": 1724041233.4561586,
    "fr": 1724041248.6182244,
    "it": 1724041263.7966063,
    "ja": 1724041278.9549139,
    "ko": 1724041294.1220286,
    "pl": 1724041309.2813811,
    "pt-BR": 1724041324.5037806,
    "ru": 1724041339.6836643,
    "tr": 1724041354.8480017
}