{
    "en-US": 1718332408.3423748,
    "ar": 1718332424.6842675,
    "de": 1718332441.0102327,
    "es-ES": 1718332457.1227179,
    "es-MX": 1718332472.345476,
    "fr": 1718332487.5415173,
    "it": 1718332502.7812183,
    "ja": 1718332517.9758806,
    "ko": 1718332533.1788785,
    "pl": 1718332548.360006,
    "pt-BR": 1718332563.5572286,
    "ru": 1718332578.7457519,
    "tr": 1718332593.958709
}