{
    "en-US": 1723068986.1300902,
    "ar": 1723069001.2269335,
    "de": 1723069016.3216453,
    "es-ES": 1723069031.4053166,
    "es-MX": 1723069046.5100548,
    "fr": 1723069061.62822,
    "it": 1723069076.7298098,
    "ja": 1723069091.8295982,
    "ko": 1723069106.9237084,
    "pl": 1723069122.0055437,
    "pt-BR": 1723069137.1037445,
    "ru": 1723069152.2233374,
    "tr": 1723069167.3044941
}