{
    "en-US": 1716777072.6878047,
    "ar": 1716777088.434302,
    "de": 1716777103.786072,
    "es-ES": 1716777119.1044765,
    "es-MX": 1716777134.5992427,
    "fr": 1716777150.058383,
    "it": 1716777165.5373595,
    "ja": 1716777182.5930908,
    "ko": 1716777199.1575396,
    "pl": 1716777214.6100397,
    "pt-BR": 1716777230.0851605,
    "ru": 1716777245.8938248,
    "tr": 1716777261.6174004
}