{
    "en-US": 1725072040.4771242,
    "ar": 1725072055.5771315,
    "de": 1725072070.6764326,
    "es-ES": 1725072085.764645,
    "es-MX": 1725072100.9027567,
    "fr": 1725072116.014187,
    "it": 1725072131.122381,
    "ja": 1725072146.2152557,
    "ko": 1725072161.339631,
    "pl": 1725072176.4456465,
    "pt-BR": 1725072191.5444202,
    "ru": 1725072206.6576095,
    "tr": 1725072221.757897
}