{
    "en-US": 1723900640.215252,
    "ar": 1723900655.3177106,
    "de": 1723900670.4213948,
    "es-ES": 1723900685.5105183,
    "es-MX": 1723900700.6181242,
    "fr": 1723900715.7227638,
    "it": 1723900730.820177,
    "ja": 1723900745.9110796,
    "ko": 1723900761.0075858,
    "pl": 1723900776.1166,
    "pt-BR": 1723900791.2252517,
    "ru": 1723900806.3322144,
    "tr": 1723900821.4437857
}