{
    "en-US": 1724303843.1777556,
    "ar": 1724303858.2822473,
    "de": 1724303873.3909395,
    "es-ES": 1724303888.4839497,
    "es-MX": 1724303903.6097784,
    "fr": 1724303918.6960337,
    "it": 1724303933.7947626,
    "ja": 1724303948.8934224,
    "ko": 1724303963.9849353,
    "pl": 1724303979.0743816,
    "pt-BR": 1724303994.188288,
    "ru": 1724304009.2868307,
    "tr": 1724304024.370137
}