{
    "en-US": 1717089276.603269,
    "ar": 1717089292.4565783,
    "de": 1717089307.8417037,
    "es-ES": 1717089323.211516,
    "es-MX": 1717089339.1274767,
    "fr": 1717089354.6322947,
    "it": 1717089370.1273615,
    "ja": 1717089387.701933,
    "ko": 1717089404.3925385,
    "pl": 1717089419.885305,
    "pt-BR": 1717089435.4294515,
    "ru": 1717089451.010926,
    "tr": 1717089466.5878878
}