{
    "en-US": 1725331208.8720841,
    "ar": 1725331224.0345979,
    "de": 1725331239.200977,
    "es-ES": 1725331254.3760448,
    "es-MX": 1725331269.5606,
    "fr": 1725331284.7207525,
    "it": 1725331299.8859117,
    "ja": 1725331315.0418556,
    "ko": 1725331330.2022865,
    "pl": 1725331345.3619015,
    "pt-BR": 1725331360.5510683,
    "ru": 1725331375.720798,
    "tr": 1725331390.8928168
}