{
    "en-US": 1721963976.7094836,
    "ar": 1721963991.8935103,
    "de": 1721964007.0714035,
    "es-ES": 1721964022.2582285,
    "es-MX": 1721964037.4407854,
    "fr": 1721964052.609756,
    "it": 1721964067.772656,
    "ja": 1721964082.9365313,
    "ko": 1721964098.0959322,
    "pl": 1721964113.2568312,
    "pt-BR": 1721964128.4403667,
    "ru": 1721964143.607208,
    "tr": 1721964158.7699416
}