{
    "en-US": 1723022342.0446734,
    "ar": 1723022357.1483898,
    "de": 1723022372.2576494,
    "es-ES": 1723022387.3482065,
    "es-MX": 1723022402.4720352,
    "fr": 1723022417.575524,
    "it": 1723022432.689861,
    "ja": 1723022447.7887328,
    "ko": 1723022462.912759,
    "pl": 1723022478.0003521,
    "pt-BR": 1723022493.1189907,
    "ru": 1723022508.2147634,
    "tr": 1723022523.3293886
}