{
    "en-US": 1714933106.982962,
    "ar": 1714933123.0191867,
    "de": 1714933138.5405722,
    "es-ES": 1714933154.2144866,
    "es-MX": 1714933169.8061876,
    "fr": 1714933185.3522255,
    "it": 1714933200.8975415,
    "ja": 1714933218.6324723,
    "ko": 1714933235.5842204,
    "pl": 1714933251.1568084,
    "pt-BR": 1714933266.7161446,
    "ru": 1714933282.5273693,
    "tr": 1714933298.128628
}