{
    "en-US": 1715789965.4040964,
    "ar": 1715789981.1763322,
    "de": 1715789996.6954184,
    "es-ES": 1715790012.189698,
    "es-MX": 1715790027.759493,
    "fr": 1715790043.3086495,
    "it": 1715790058.8768072,
    "ja": 1715790075.1323497,
    "ko": 1715790091.1075594,
    "pl": 1715790106.649178,
    "pt-BR": 1715790122.2415807,
    "ru": 1715790138.0479631,
    "tr": 1715790153.6086605
}