{
    "en-US": 1718073193.310894,
    "ar": 1718073209.6317492,
    "de": 1718073225.5309386,
    "es-ES": 1718073240.7363338,
    "es-MX": 1718073255.9197125,
    "fr": 1718073271.1008077,
    "it": 1718073286.296334,
    "ja": 1718073301.47473,
    "ko": 1718073316.7171955,
    "pl": 1718073331.8835485,
    "pt-BR": 1718073347.0648985,
    "ru": 1718073362.2412066,
    "tr": 1718073377.4169307
}