{
    "en-US": 1724160036.153224,
    "ar": 1724160051.2550986,
    "de": 1724160066.3834248,
    "es-ES": 1724160081.4975886,
    "es-MX": 1724160096.6194112,
    "fr": 1724160111.7312622,
    "it": 1724160126.8528042,
    "ja": 1724160141.947491,
    "ko": 1724160157.052968,
    "pl": 1724160172.171826,
    "pt-BR": 1724160187.3062894,
    "ru": 1724160202.4310615,
    "tr": 1724160217.5430903
}