{
    "en-US": 1721791121.9457803,
    "ar": 1721791137.1045198,
    "de": 1721791152.2784214,
    "es-ES": 1721791167.4315248,
    "es-MX": 1721791182.5941894,
    "fr": 1721791197.7460575,
    "it": 1721791212.948614,
    "ja": 1721791228.1137416,
    "ko": 1721791243.289104,
    "pl": 1721791258.453159,
    "pt-BR": 1721791273.6186023,
    "ru": 1721791288.7738237,
    "tr": 1721791303.9541154
}