{
    "en-US": 1724157143.431055,
    "ar": 1724157158.603538,
    "de": 1724157173.765829,
    "es-ES": 1724157188.9252942,
    "es-MX": 1724157204.124871,
    "fr": 1724157219.281011,
    "it": 1724157234.4533615,
    "ja": 1724157249.6161659,
    "ko": 1724157264.7767963,
    "pl": 1724157279.9340427,
    "pt-BR": 1724157295.1216278,
    "ru": 1724157310.289734,
    "tr": 1724157325.4577446
}