{
    "en-US": 1720964313.8490043,
    "ar": 1720964329.0111332,
    "de": 1720964344.174853,
    "es-ES": 1720964359.3390005,
    "es-MX": 1720964374.51446,
    "fr": 1720964389.6737864,
    "it": 1720964404.8491256,
    "ja": 1720964420.0095718,
    "ko": 1720964435.1725068,
    "pl": 1720964450.3269186,
    "pt-BR": 1720964465.5226038,
    "ru": 1720964480.6861088,
    "tr": 1720964495.8580918
}