{
    "en-US": 1723839534.226797,
    "ar": 1723839549.3260179,
    "de": 1723839564.4251082,
    "es-ES": 1723839579.5044456,
    "es-MX": 1723839594.616955,
    "fr": 1723839609.7324672,
    "it": 1723839624.8321362,
    "ja": 1723839639.918869,
    "ko": 1723839655.0088484,
    "pl": 1723839670.093363,
    "pt-BR": 1723839685.1942213,
    "ru": 1723839700.3053503,
    "tr": 1723839715.3921735
}