{
    "en-US": 1714266478.0833378,
    "ar": 1714266494.1248977,
    "de": 1714266509.4093573,
    "es-ES": 1714266525.3827462,
    "es-MX": 1714266541.1603866,
    "fr": 1714266556.813624,
    "it": 1714266572.5311444,
    "ja": 1714266589.0490274,
    "ko": 1714266604.3131547,
    "pl": 1714266619.5317981,
    "pt-BR": 1714266635.5482974,
    "ru": 1714266651.0810072,
    "tr": 1714266666.791471
}