{
    "en-US": 1716534905.1755412,
    "ar": 1716534921.1047976,
    "de": 1716534936.601853,
    "es-ES": 1716534952.1028397,
    "es-MX": 1716534967.706268,
    "fr": 1716534983.5549548,
    "it": 1716534999.1957042,
    "ja": 1716535016.3165154,
    "ko": 1716535033.0643497,
    "pl": 1716535048.6611457,
    "pt-BR": 1716535064.2818868,
    "ru": 1716535079.899647,
    "tr": 1716535095.5567732
}