{
    "en-US": 1719105159.7625246,
    "ar": 1719105176.2459643,
    "de": 1719105192.1182945,
    "es-ES": 1719105207.3327599,
    "es-MX": 1719105222.5717914,
    "fr": 1719105237.7710588,
    "it": 1719105252.9785385,
    "ja": 1719105268.1794977,
    "ko": 1719105283.394423,
    "pl": 1719105298.584619,
    "pt-BR": 1719105313.804714,
    "ru": 1719105328.98851,
    "tr": 1719105344.1947372
}