{
    "en-US": 1719393584.517826,
    "ar": 1719393599.633493,
    "de": 1719393614.7464502,
    "es-ES": 1719393629.872987,
    "es-MX": 1719393644.9973629,
    "fr": 1719393660.1252298,
    "it": 1719393675.2637134,
    "ja": 1719393690.3769512,
    "ko": 1719393705.502632,
    "pl": 1719393720.617454,
    "pt-BR": 1719393735.7305393,
    "ru": 1719393750.840637,
    "tr": 1719393765.97964
}