{
    "en-US": 1722566135.1783483,
    "ar": 1722566150.3445406,
    "de": 1722566165.5487797,
    "es-ES": 1722566180.7147856,
    "es-MX": 1722566195.880602,
    "fr": 1722566211.0390255,
    "it": 1722566226.2146134,
    "ja": 1722566241.3777442,
    "ko": 1722566256.5603495,
    "pl": 1722566271.7198722,
    "pt-BR": 1722566286.885808,
    "ru": 1722566302.0706067,
    "tr": 1722566317.240392
}