{
    "en-US": 1715538066.395923,
    "ar": 1715538082.654224,
    "de": 1715538098.3674936,
    "es-ES": 1715538113.8329344,
    "es-MX": 1715538129.399126,
    "fr": 1715538144.9238846,
    "it": 1715538160.4658113,
    "ja": 1715538177.9510381,
    "ko": 1715538194.6189115,
    "pl": 1715538210.2025702,
    "pt-BR": 1715538225.7720733,
    "ru": 1715538241.5990818,
    "tr": 1715538257.2168417
}