{
    "en-US": 1724202720.7132237,
    "ar": 1724202735.8144298,
    "de": 1724202750.9449627,
    "es-ES": 1724202766.0530658,
    "es-MX": 1724202781.1699643,
    "fr": 1724202796.2661026,
    "it": 1724202811.393901,
    "ja": 1724202826.492881,
    "ko": 1724202841.6246164,
    "pl": 1724202856.7249303,
    "pt-BR": 1724202871.8350766,
    "ru": 1724202886.9318135,
    "tr": 1724202902.0763986
}