{
    "en-US": 1718230568.95612,
    "ar": 1718230584.190741,
    "de": 1718230599.4418435,
    "es-ES": 1718230614.610895,
    "es-MX": 1718230629.822149,
    "fr": 1718230645.0032828,
    "it": 1718230660.2024982,
    "ja": 1718230675.3767045,
    "ko": 1718230690.5668344,
    "pl": 1718230705.7339284,
    "pt-BR": 1718230720.9253926,
    "ru": 1718230736.0882373,
    "tr": 1718230751.2796595
}