{
    "en-US": 1724142109.3181217,
    "ar": 1724142124.4179788,
    "de": 1724142139.5138993,
    "es-ES": 1724142154.6036353,
    "es-MX": 1724142169.761002,
    "fr": 1724142184.8448331,
    "it": 1724142199.9465213,
    "ja": 1724142215.0286853,
    "ko": 1724142230.1238902,
    "pl": 1724142245.2072668,
    "pt-BR": 1724142260.3392105,
    "ru": 1724142275.4317088,
    "tr": 1724142290.522579
}