{
    "en-US": 1714468644.0325267,
    "ar": 1714468660.052416,
    "de": 1714468675.4410803,
    "es-ES": 1714468690.768997,
    "es-MX": 1714468706.1686926,
    "fr": 1714468721.5674152,
    "it": 1714468736.965059,
    "ja": 1714468754.743384,
    "ko": 1714468771.707535,
    "pl": 1714468787.1213405,
    "pt-BR": 1714468802.7308526,
    "ru": 1714468818.4087234,
    "tr": 1714468833.878794
}