{
    "en-US": 1723530279.7296848,
    "ar": 1723530294.828063,
    "de": 1723530309.9278235,
    "es-ES": 1723530325.0132627,
    "es-MX": 1723530340.127371,
    "fr": 1723530355.238662,
    "it": 1723530370.339631,
    "ja": 1723530385.431829,
    "ko": 1723530400.5371914,
    "pl": 1723530415.6260166,
    "pt-BR": 1723530430.726134,
    "ru": 1723530445.84076,
    "tr": 1723530460.9405236
}