{
    "en-US": 1715854617.1671345,
    "ar": 1715854633.4016464,
    "de": 1715854649.1048295,
    "es-ES": 1715854664.6678498,
    "es-MX": 1715854680.4830494,
    "fr": 1715854696.2624245,
    "it": 1715854712.0914145,
    "ja": 1715854730.085675,
    "ko": 1715854747.3431096,
    "pl": 1715854763.14987,
    "pt-BR": 1715854778.9243217,
    "ru": 1715854794.5553863,
    "tr": 1715854810.4799418
}