{
    "en-US": 1719631121.1124833,
    "ar": 1719631136.274479,
    "de": 1719631151.449906,
    "es-ES": 1719631166.616545,
    "es-MX": 1719631181.8157349,
    "fr": 1719631196.9831626,
    "it": 1719631212.159668,
    "ja": 1719631227.3281782,
    "ko": 1719631242.4980757,
    "pl": 1719631257.6586094,
    "pt-BR": 1719631272.8580544,
    "ru": 1719631288.026251,
    "tr": 1719631303.2130435
}