{
    "en-US": 1725812486.555816,
    "ar": 1725812501.7917721,
    "de": 1725812516.9991965,
    "es-ES": 1725812532.1644142,
    "es-MX": 1725812547.3576853,
    "fr": 1725812562.53817,
    "it": 1725812577.7143798,
    "ja": 1725812592.8804762,
    "ko": 1725812608.0910864,
    "pl": 1725812623.2560349,
    "pt-BR": 1725812638.443872,
    "ru": 1725812653.6133924,
    "tr": 1725812668.829344
}