{
    "en-US": 1722489376.2475126,
    "ar": 1722489391.413911,
    "de": 1722489406.5945787,
    "es-ES": 1722489421.7569845,
    "es-MX": 1722489436.93313,
    "fr": 1722489452.092456,
    "it": 1722489467.2762988,
    "ja": 1722489482.452062,
    "ko": 1722489497.622115,
    "pl": 1722489512.77916,
    "pt-BR": 1722489527.9676647,
    "ru": 1722489543.1457763,
    "tr": 1722489558.3132062
}