{
    "en-US": 1720822538.3706393,
    "ar": 1720822553.5496721,
    "de": 1720822568.7409964,
    "es-ES": 1720822583.9204977,
    "es-MX": 1720822599.1278813,
    "fr": 1720822614.286449,
    "it": 1720822629.4634545,
    "ja": 1720822644.6262057,
    "ko": 1720822659.7999876,
    "pl": 1720822674.9614434,
    "pt-BR": 1720822690.1574764,
    "ru": 1720822705.5867932,
    "tr": 1720822720.7656891
}