{
    "en-US": 1721956214.7634134,
    "ar": 1721956229.9447289,
    "de": 1721956245.1253204,
    "es-ES": 1721956260.3514683,
    "es-MX": 1721956275.527119,
    "fr": 1721956290.687662,
    "it": 1721956305.8838375,
    "ja": 1721956321.056562,
    "ko": 1721956336.2293103,
    "pl": 1721956351.465222,
    "pt-BR": 1721956366.7083125,
    "ru": 1721956382.034632,
    "tr": 1721956397.290485
}