{
    "en-US": 1716283076.9808643,
    "ar": 1716283093.1057644,
    "de": 1716283108.488547,
    "es-ES": 1716283123.8366988,
    "es-MX": 1716283139.2242742,
    "fr": 1716283154.6432767,
    "it": 1716283170.0305748,
    "ja": 1716283187.3101687,
    "ko": 1716283204.1378565,
    "pl": 1716283219.5461993,
    "pt-BR": 1716283235.1954129,
    "ru": 1716283250.6874743,
    "tr": 1716283266.1412435
}