{
    "en-US": 1720171169.5832536,
    "ar": 1720171184.7006083,
    "de": 1720171199.813956,
    "es-ES": 1720171214.9100766,
    "es-MX": 1720171230.0512216,
    "fr": 1720171245.1665347,
    "it": 1720171260.2872338,
    "ja": 1720171275.4014251,
    "ko": 1720171290.5254798,
    "pl": 1720171305.6391592,
    "pt-BR": 1720171320.7831132,
    "ru": 1720171335.9117258,
    "tr": 1720171351.027524
}