{
    "en-US": 1718525938.8287284,
    "ar": 1718525954.797772,
    "de": 1718525970.6235735,
    "es-ES": 1718525985.804088,
    "es-MX": 1718526000.9758093,
    "fr": 1718526016.1361525,
    "it": 1718526031.3024483,
    "ja": 1718526046.4589922,
    "ko": 1718526061.6356559,
    "pl": 1718526076.7910867,
    "pt-BR": 1718526091.9705276,
    "ru": 1718526107.128605,
    "tr": 1718526122.2945838
}