{
    "en-US": 1718273792.4002542,
    "ar": 1718273808.3586447,
    "de": 1718273824.215797,
    "es-ES": 1718273839.4063506,
    "es-MX": 1718273854.5831923,
    "fr": 1718273869.7531238,
    "it": 1718273884.9279647,
    "ja": 1718273900.094081,
    "ko": 1718273915.3412378,
    "pl": 1718273930.509475,
    "pt-BR": 1718273945.6880035,
    "ru": 1718273960.8509295,
    "tr": 1718273976.0257535
}