{
    "en-US": 1716798035.6671479,
    "ar": 1716798051.4615684,
    "de": 1716798066.8280025,
    "es-ES": 1716798082.2004058,
    "es-MX": 1716798097.7056508,
    "fr": 1716798113.1820583,
    "it": 1716798128.8907104,
    "ja": 1716798146.2271907,
    "ko": 1716798162.8694897,
    "pl": 1716798178.376907,
    "pt-BR": 1716798193.8643296,
    "ru": 1716798209.611684,
    "tr": 1716798225.1552594
}