{
    "en-US": 1715379376.8600986,
    "ar": 1715379393.069921,
    "de": 1715379408.706376,
    "es-ES": 1715379424.078414,
    "es-MX": 1715379439.8110535,
    "fr": 1715379455.445622,
    "it": 1715379471.0689487,
    "ja": 1715379489.838968,
    "ko": 1715379507.0155733,
    "pl": 1715379522.172262,
    "pt-BR": 1715379537.3112795,
    "ru": 1715379552.4223359,
    "tr": 1715379567.5777166
}