{
    "en-US": 1718803156.676279,
    "ar": 1718803171.8401527,
    "de": 1718803187.0251296,
    "es-ES": 1718803202.1326697,
    "es-MX": 1718803217.26656,
    "fr": 1718803232.3784344,
    "it": 1718803247.490881,
    "ja": 1718803262.597938,
    "ko": 1718803277.7285671,
    "pl": 1718803292.8364098,
    "pt-BR": 1718803307.9612184,
    "ru": 1718803323.0698752,
    "tr": 1718803338.1793199
}