{
    "en-US": 1725715227.4341152,
    "ar": 1725715242.5379753,
    "de": 1725715257.646851,
    "es-ES": 1725715272.7561748,
    "es-MX": 1725715287.8897455,
    "fr": 1725715303.000161,
    "it": 1725715318.110822,
    "ja": 1725715333.217529,
    "ko": 1725715348.3180282,
    "pl": 1725715363.4171212,
    "pt-BR": 1725715378.5426085,
    "ru": 1725715393.6452026,
    "tr": 1725715408.7656605
}