{
    "en-US": 1721740801.9585729,
    "ar": 1721740817.0596461,
    "de": 1721740832.203173,
    "es-ES": 1721740847.3053343,
    "es-MX": 1721740862.467141,
    "fr": 1721740877.562131,
    "it": 1721740892.6859407,
    "ja": 1721740907.7855616,
    "ko": 1721740922.896653,
    "pl": 1721740937.9885406,
    "pt-BR": 1721740953.1347225,
    "ru": 1721740968.2410567,
    "tr": 1721740983.3555524
}