{
    "en-US": 1716431360.8342786,
    "ar": 1716431376.6619942,
    "de": 1716431392.022588,
    "es-ES": 1716431407.3954785,
    "es-MX": 1716431422.8323686,
    "fr": 1716431438.2425468,
    "it": 1716431453.6524863,
    "ja": 1716431470.859524,
    "ko": 1716431487.974461,
    "pl": 1716431503.4101965,
    "pt-BR": 1716431518.825128,
    "ru": 1716431534.343439,
    "tr": 1716431549.8677046
}