{
    "en-US": 1724934807.14465,
    "ar": 1724934822.25393,
    "de": 1724934837.3810976,
    "es-ES": 1724934852.497419,
    "es-MX": 1724934867.6337147,
    "fr": 1724934882.7355158,
    "it": 1724934897.8506901,
    "ja": 1724934912.9452493,
    "ko": 1724934928.049937,
    "pl": 1724934943.1430533,
    "pt-BR": 1724934958.2746458,
    "ru": 1724934973.3831089,
    "tr": 1724934988.5019054
}