{
    "en-US": 1717093324.2098134,
    "ar": 1717093340.5819566,
    "de": 1717093356.0816293,
    "es-ES": 1717093371.8839016,
    "es-MX": 1717093387.5173926,
    "fr": 1717093403.3408167,
    "it": 1717093418.9676583,
    "ja": 1717093436.0899112,
    "ko": 1717093452.8197029,
    "pl": 1717093468.7618427,
    "pt-BR": 1717093484.4017801,
    "ru": 1717093500.0652342,
    "tr": 1717093515.7145636
}