{
    "en-US": 1723504641.4302166,
    "ar": 1723504656.5886428,
    "de": 1723504671.7496676,
    "es-ES": 1723504686.9096417,
    "es-MX": 1723504702.0921428,
    "fr": 1723504717.2475293,
    "it": 1723504732.410708,
    "ja": 1723504747.569074,
    "ko": 1723504762.722895,
    "pl": 1723504777.8772275,
    "pt-BR": 1723504793.06382,
    "ru": 1723504808.2213068,
    "tr": 1723504823.3809152
}