{
    "en-US": 1718958034.5473225,
    "ar": 1718958049.7021468,
    "de": 1718958064.8907855,
    "es-ES": 1718958080.0036433,
    "es-MX": 1718958095.118647,
    "fr": 1718958110.2618568,
    "it": 1718958125.401937,
    "ja": 1718958140.503776,
    "ko": 1718958155.6126623,
    "pl": 1718958170.7191093,
    "pt-BR": 1718958185.853811,
    "ru": 1718958200.9602866,
    "tr": 1718958216.101786
}