{
    "en-US": 1723796518.4739697,
    "ar": 1723796533.5712583,
    "de": 1723796548.6892495,
    "es-ES": 1723796563.791423,
    "es-MX": 1723796578.9458728,
    "fr": 1723796594.0452826,
    "it": 1723796609.1537533,
    "ja": 1723796624.2609012,
    "ko": 1723796639.3519676,
    "pl": 1723796654.449367,
    "pt-BR": 1723796669.57712,
    "ru": 1723796684.675215,
    "tr": 1723796699.7786798
}