{
    "en-US": 1726017357.592795,
    "ar": 1726017372.7841046,
    "de": 1726017387.9858916,
    "es-ES": 1726017403.16769,
    "es-MX": 1726017418.3920124,
    "fr": 1726017433.5668132,
    "it": 1726017448.759611,
    "ja": 1726017463.9400609,
    "ko": 1726017479.123465,
    "pl": 1726017494.3108704,
    "pt-BR": 1726017509.551865,
    "ru": 1726017524.7283382,
    "tr": 1726017539.9252958
}