{
    "en-US": 1720268899.2610903,
    "ar": 1720268914.3758924,
    "de": 1720268929.49002,
    "es-ES": 1720268944.58931,
    "es-MX": 1720268959.7056878,
    "fr": 1720268974.8341808,
    "it": 1720268989.9447768,
    "ja": 1720269005.0562108,
    "ko": 1720269020.1658642,
    "pl": 1720269035.285023,
    "pt-BR": 1720269050.399022,
    "ru": 1720269065.5385237,
    "tr": 1720269080.648422
}