{
    "en-US": 1722256330.103625,
    "ar": 1722256345.2268946,
    "de": 1722256360.331002,
    "es-ES": 1722256375.4233782,
    "es-MX": 1722256390.581776,
    "fr": 1722256405.6768982,
    "it": 1722256420.7891345,
    "ja": 1722256435.8999436,
    "ko": 1722256450.997516,
    "pl": 1722256466.0830917,
    "pt-BR": 1722256481.2322567,
    "ru": 1722256496.3222148,
    "tr": 1722256511.4299939
}