{
    "en-US": 1717906784.8752182,
    "ar": 1717906800.9351454,
    "de": 1717906816.7491486,
    "es-ES": 1717906832.2854953,
    "es-MX": 1717906847.4793837,
    "fr": 1717906862.6594367,
    "it": 1717906877.8307571,
    "ja": 1717906893.002528,
    "ko": 1717906908.186279,
    "pl": 1717906923.3851807,
    "pt-BR": 1717906938.591551,
    "ru": 1717906953.7645254,
    "tr": 1717906968.9529176
}