{
    "en-US": 1717856149.9211557,
    "ar": 1717856165.0668576,
    "de": 1717856180.1827056,
    "es-ES": 1717856195.2829757,
    "es-MX": 1717856212.3646703,
    "fr": 1717856227.4684992,
    "it": 1717856242.5981367,
    "ja": 1717856257.7076201,
    "ko": 1717856272.8077116,
    "pl": 1717856287.9144049,
    "pt-BR": 1717856303.0294456,
    "ru": 1717856318.1248612,
    "tr": 1717856333.255442
}