{
    "en-US": 1715955348.6080139,
    "ar": 1715955363.836728,
    "de": 1715955379.036928,
    "es-ES": 1715955394.2306304,
    "es-MX": 1715955410.3762555,
    "fr": 1715955425.862946,
    "it": 1715955441.8491158,
    "ja": 1715955458.4752452,
    "ko": 1715955474.76365,
    "pl": 1715955490.6547353,
    "pt-BR": 1715955506.431242,
    "ru": 1715955521.9860883,
    "tr": 1715955537.841192
}