{
    "en-US": 1715977041.117971,
    "ar": 1715977056.9448416,
    "de": 1715977072.4631853,
    "es-ES": 1715977087.9634507,
    "es-MX": 1715977103.5312366,
    "fr": 1715977119.3911164,
    "it": 1715977134.964531,
    "ja": 1715977151.2754152,
    "ko": 1715977167.3222194,
    "pl": 1715977182.84538,
    "pt-BR": 1715977199.0629668,
    "ru": 1715977214.6326323,
    "tr": 1715977230.1906717
}