{
    "en-US": 1714352690.0453696,
    "ar": 1714352706.225439,
    "de": 1714352721.8222692,
    "es-ES": 1714352737.1749763,
    "es-MX": 1714352752.8377233,
    "fr": 1714352768.4486513,
    "it": 1714352784.1106899,
    "ja": 1714352801.8174427,
    "ko": 1714352818.788859,
    "pl": 1714352834.4137356,
    "pt-BR": 1714352850.0275,
    "ru": 1714352865.7192006,
    "tr": 1714352881.4180465
}