{
    "en-US": 1721413313.6039772,
    "ar": 1721413328.7983973,
    "de": 1721413343.9928079,
    "es-ES": 1721413359.1565528,
    "es-MX": 1721413374.3362837,
    "fr": 1721413389.5125976,
    "it": 1721413404.6907415,
    "ja": 1721413419.8515904,
    "ko": 1721413435.0264487,
    "pl": 1721413450.1801362,
    "pt-BR": 1721413465.3561292,
    "ru": 1721413480.5319164,
    "tr": 1721413495.6943007
}