{
    "en-US": 1717158539.1825602,
    "ar": 1717158555.2823348,
    "de": 1717158571.0564694,
    "es-ES": 1717158586.2715693,
    "es-MX": 1717158602.498742,
    "fr": 1717158618.24338,
    "it": 1717158634.0099266,
    "ja": 1717158650.2455103,
    "ko": 1717158666.4714994,
    "pl": 1717158682.3533268,
    "pt-BR": 1717158698.2951202,
    "ru": 1717158714.1172657,
    "tr": 1717158730.2911003
}