{
    "en-US": 1719040563.5536246,
    "ar": 1719040578.7613862,
    "de": 1719040593.9657254,
    "es-ES": 1719040609.1273196,
    "es-MX": 1719040624.2931142,
    "fr": 1719040639.4719875,
    "it": 1719040654.666321,
    "ja": 1719040669.8314166,
    "ko": 1719040684.999011,
    "pl": 1719040700.1593196,
    "pt-BR": 1719040715.332644,
    "ru": 1719040730.5151687,
    "tr": 1719040745.705021
}