{
    "en-US": 1719303682.6581063,
    "ar": 1719303697.8416805,
    "de": 1719303713.0298958,
    "es-ES": 1719303728.1965196,
    "es-MX": 1719303743.3749497,
    "fr": 1719303758.5409958,
    "it": 1719303773.736524,
    "ja": 1719303788.9055858,
    "ko": 1719303804.0868306,
    "pl": 1719303819.2538857,
    "pt-BR": 1719303834.462494,
    "ru": 1719303849.6397002,
    "tr": 1719303864.833164
}