{
    "en-US": 1717326830.9503207,
    "ar": 1717326846.9092767,
    "de": 1717326862.4196491,
    "es-ES": 1717326878.0375254,
    "es-MX": 1717326893.8920476,
    "fr": 1717326909.6095626,
    "it": 1717326925.3211231,
    "ja": 1717326942.9060829,
    "ko": 1717326959.43488,
    "pl": 1717326975.3423896,
    "pt-BR": 1717326991.0776262,
    "ru": 1717327006.8805447,
    "tr": 1717327022.7218876
}