{
    "en-US": 1725826680.246212,
    "ar": 1725826695.48741,
    "de": 1725826710.5802834,
    "es-ES": 1725826725.6684148,
    "es-MX": 1725826740.7845106,
    "fr": 1725826755.8747396,
    "it": 1725826770.9703126,
    "ja": 1725826786.062405,
    "ko": 1725826801.203661,
    "pl": 1725826816.2870395,
    "pt-BR": 1725826831.3999767,
    "ru": 1725826846.4838202,
    "tr": 1725826861.577739
}