{
    "en-US": 1725981533.7701669,
    "ar": 1725981548.8889618,
    "de": 1725981564.0117798,
    "es-ES": 1725981579.1083019,
    "es-MX": 1725981594.226621,
    "fr": 1725981609.3579943,
    "it": 1725981624.4820127,
    "ja": 1725981639.583951,
    "ko": 1725981654.729163,
    "pl": 1725981669.8325949,
    "pt-BR": 1725981684.9531434,
    "ru": 1725981700.0910654,
    "tr": 1725981715.2217689
}