{
    "en-US": 1718677989.851811,
    "ar": 1718678005.025863,
    "de": 1718678020.200577,
    "es-ES": 1718678035.3611302,
    "es-MX": 1718678050.5624514,
    "fr": 1718678065.7383392,
    "it": 1718678080.9143596,
    "ja": 1718678096.0903237,
    "ko": 1718678111.2557383,
    "pl": 1718678126.425531,
    "pt-BR": 1718678141.6229587,
    "ru": 1718678156.799113,
    "tr": 1718678173.4938486
}