{
    "en-US": 1721225793.130123,
    "ar": 1721225808.292615,
    "de": 1721225823.465699,
    "es-ES": 1721225838.6221411,
    "es-MX": 1721225853.8055632,
    "fr": 1721225868.9583616,
    "it": 1721225884.1333919,
    "ja": 1721225899.2935967,
    "ko": 1721225914.4540248,
    "pl": 1721225929.6138084,
    "pt-BR": 1721225944.8056962,
    "ru": 1721225959.9800792,
    "tr": 1721225975.1476176
}