{
    "en-US": 1724401312.9289467,
    "ar": 1724401328.1197202,
    "de": 1724401343.3006842,
    "es-ES": 1724401358.4625556,
    "es-MX": 1724401373.6264188,
    "fr": 1724401388.7806773,
    "it": 1724401403.957761,
    "ja": 1724401419.113997,
    "ko": 1724401434.2739024,
    "pl": 1724401449.4254622,
    "pt-BR": 1724401464.60458,
    "ru": 1724401479.767302,
    "tr": 1724401494.9431465
}