{
    "en-US": 1719018453.4234831,
    "ar": 1719018469.7369127,
    "de": 1719018485.5151525,
    "es-ES": 1719018500.652899,
    "es-MX": 1719018515.8114574,
    "fr": 1719018530.9362147,
    "it": 1719018546.067249,
    "ja": 1719018561.1836123,
    "ko": 1719018576.33853,
    "pl": 1719018591.4410803,
    "pt-BR": 1719018606.5639384,
    "ru": 1719018621.663562,
    "tr": 1719018636.7983272
}