{
    "en-US": 1724467006.5026355,
    "ar": 1724467021.6685715,
    "de": 1724467036.8407707,
    "es-ES": 1724467051.9932022,
    "es-MX": 1724467067.19989,
    "fr": 1724467082.3558426,
    "it": 1724467097.5161648,
    "ja": 1724467112.677075,
    "ko": 1724467127.8320835,
    "pl": 1724467142.9880512,
    "pt-BR": 1724467158.169509,
    "ru": 1724467173.3248594,
    "tr": 1724467188.47635
}