{
    "en-US": 1723493908.0198402,
    "ar": 1723493923.1216245,
    "de": 1723493938.2498367,
    "es-ES": 1723493953.3484664,
    "es-MX": 1723493968.459729,
    "fr": 1723493983.5707555,
    "it": 1723493998.6667266,
    "ja": 1723494013.7784188,
    "ko": 1723494028.886212,
    "pl": 1723494043.9883287,
    "pt-BR": 1723494059.105871,
    "ru": 1723494074.2186646,
    "tr": 1723494089.3168654
}