{
    "en-US": 1721809237.884309,
    "ar": 1721809253.0665722,
    "de": 1721809268.230169,
    "es-ES": 1721809283.3921916,
    "es-MX": 1721809298.5833802,
    "fr": 1721809313.7421966,
    "it": 1721809328.9078372,
    "ja": 1721809344.0656345,
    "ko": 1721809359.2420468,
    "pl": 1721809374.4057462,
    "pt-BR": 1721809389.5959306,
    "ru": 1721809404.750515,
    "tr": 1721809419.920491
}