{
    "en-US": 1725949484.8454764,
    "ar": 1725949500.042899,
    "de": 1725949515.2187877,
    "es-ES": 1725949530.3869066,
    "es-MX": 1725949545.59396,
    "fr": 1725949560.791294,
    "it": 1725949575.9642565,
    "ja": 1725949591.1324458,
    "ko": 1725949606.306417,
    "pl": 1725949621.4774292,
    "pt-BR": 1725949636.681577,
    "ru": 1725949651.8501594,
    "tr": 1725949667.0647655
}