{
    "en-US": 1717247854.4639955,
    "ar": 1717247869.6904733,
    "de": 1717247885.8445532,
    "es-ES": 1717247901.3502917,
    "es-MX": 1717247916.5520332,
    "fr": 1717247932.4296298,
    "it": 1717247947.6227174,
    "ja": 1717247963.9124503,
    "ko": 1717247979.7949076,
    "pl": 1717247995.3202777,
    "pt-BR": 1717248010.8325925,
    "ru": 1717248026.7553234,
    "tr": 1717248042.3795476
}