{
    "en-US": 1721542880.6446695,
    "ar": 1721542895.7566605,
    "de": 1721542910.8671057,
    "es-ES": 1721542925.9627964,
    "es-MX": 1721542941.0688863,
    "fr": 1721542956.15185,
    "it": 1721542971.270684,
    "ja": 1721542986.368811,
    "ko": 1721543001.4667637,
    "pl": 1721543016.5551822,
    "pt-BR": 1721543031.6671712,
    "ru": 1721543046.7647922,
    "tr": 1721543061.8794537
}