{
    "en-US": 1716891428.0367842,
    "ar": 1716891443.8806756,
    "de": 1716891459.3735626,
    "es-ES": 1716891474.8752031,
    "es-MX": 1716891490.5022411,
    "fr": 1716891506.124599,
    "it": 1716891521.7645497,
    "ja": 1716891537.8838987,
    "ko": 1716891553.8745668,
    "pl": 1716891569.7422454,
    "pt-BR": 1716891585.5424817,
    "ru": 1716891601.5778368,
    "tr": 1716891617.2013783
}