{
    "en-US": 1724508936.4593897,
    "ar": 1724508951.6307359,
    "de": 1724508966.8046277,
    "es-ES": 1724508981.961855,
    "es-MX": 1724508997.1476543,
    "fr": 1724509012.3012571,
    "it": 1724509027.463979,
    "ja": 1724509042.6246767,
    "ko": 1724509057.79071,
    "pl": 1724509072.9527216,
    "pt-BR": 1724509088.1476479,
    "ru": 1724509103.3067443,
    "tr": 1724509118.4685261
}