{
    "en-US": 1723087113.8427837,
    "ar": 1723087129.039844,
    "de": 1723087144.22438,
    "es-ES": 1723087159.4103494,
    "es-MX": 1723087174.5954843,
    "fr": 1723087189.764371,
    "it": 1723087204.9385753,
    "ja": 1723087220.1090405,
    "ko": 1723087235.2821586,
    "pl": 1723087250.4403841,
    "pt-BR": 1723087265.629255,
    "ru": 1723087280.7957165,
    "tr": 1723087295.9741518
}