{
    "en-US": 1725590519.8339782,
    "ar": 1725590535.0093915,
    "de": 1725590550.1709237,
    "es-ES": 1725590565.3378553,
    "es-MX": 1725590580.5033386,
    "fr": 1725590595.6548855,
    "it": 1725590610.8175926,
    "ja": 1725590625.975708,
    "ko": 1725590641.1288292,
    "pl": 1725590656.3048227,
    "pt-BR": 1725590671.4659557,
    "ru": 1725590686.6242118,
    "tr": 1725590701.7839115
}