{
    "en-US": 1718511524.0089011,
    "ar": 1718511539.834201,
    "de": 1718511555.2930245,
    "es-ES": 1718511570.490236,
    "es-MX": 1718511585.6799662,
    "fr": 1718511600.84631,
    "it": 1718511616.0341442,
    "ja": 1718511631.20304,
    "ko": 1718511646.3865883,
    "pl": 1718511661.5573366,
    "pt-BR": 1718511676.7406874,
    "ru": 1718511691.9081714,
    "tr": 1718511707.084993
}