{
    "en-US": 1724588973.2619817,
    "ar": 1724588988.3695703,
    "de": 1724589003.4795477,
    "es-ES": 1724589018.5686269,
    "es-MX": 1724589033.6958022,
    "fr": 1724589048.7831354,
    "it": 1724589063.8869479,
    "ja": 1724589078.9811974,
    "ko": 1724589094.0743053,
    "pl": 1724589109.1679413,
    "pt-BR": 1724589124.3005989,
    "ru": 1724589139.3845067,
    "tr": 1724589154.4778483
}