{
    "en-US": 1721553387.9520843,
    "ar": 1721553403.1234071,
    "de": 1721553418.3004317,
    "es-ES": 1721553433.4602542,
    "es-MX": 1721553448.6564934,
    "fr": 1721553463.8144574,
    "it": 1721553478.9827683,
    "ja": 1721553494.1444674,
    "ko": 1721553509.3089733,
    "pl": 1721553524.4651763,
    "pt-BR": 1721553539.6535442,
    "ru": 1721553554.8148372,
    "tr": 1721553569.9718714
}