{
    "en-US": 1725999538.95151,
    "ar": 1725999554.152505,
    "de": 1725999569.3353488,
    "es-ES": 1725999584.5038033,
    "es-MX": 1725999599.673692,
    "fr": 1725999614.8230603,
    "it": 1725999630.012844,
    "ja": 1725999645.1797183,
    "ko": 1725999660.339781,
    "pl": 1725999675.5068018,
    "pt-BR": 1725999690.668912,
    "ru": 1725999705.829923,
    "tr": 1725999721.0107105
}