{
    "en-US": 1725131615.9837012,
    "ar": 1725131631.0897782,
    "de": 1725131646.2030761,
    "es-ES": 1725131661.2935555,
    "es-MX": 1725131676.420404,
    "fr": 1725131691.5102253,
    "it": 1725131706.624338,
    "ja": 1725131721.7259793,
    "ko": 1725131736.8214035,
    "pl": 1725131751.9168642,
    "pt-BR": 1725131767.0525858,
    "ru": 1725131782.1473515,
    "tr": 1725131797.2579987
}