{
    "en-US": 1724357927.2332525,
    "ar": 1724357942.398215,
    "de": 1724357957.5617979,
    "es-ES": 1724357972.7194276,
    "es-MX": 1724357987.9003983,
    "fr": 1724358003.0486894,
    "it": 1724358018.2107222,
    "ja": 1724358033.369266,
    "ko": 1724358048.530373,
    "pl": 1724358063.6846833,
    "pt-BR": 1724358078.8928144,
    "ru": 1724358094.0615346,
    "tr": 1724358109.2185872
}