{
    "en-US": 1713950127.4698594,
    "ar": 1713950143.3909698,
    "de": 1713950158.8851545,
    "es-ES": 1713950174.363379,
    "es-MX": 1713950189.8661637,
    "fr": 1713950205.4391572,
    "it": 1713950220.945298,
    "ja": 1713950238.4145648,
    "ko": 1713950255.1714253,
    "pl": 1713950270.8978567,
    "pt-BR": 1713950286.421798,
    "ru": 1713950302.0048323,
    "tr": 1713950317.5576315
}