{
    "en-US": 1726003010.2566524,
    "ar": 1726003025.4329543,
    "de": 1726003040.6151354,
    "es-ES": 1726003055.7773066,
    "es-MX": 1726003070.9724352,
    "fr": 1726003086.1354644,
    "it": 1726003101.3140538,
    "ja": 1726003116.4787989,
    "ko": 1726003131.64112,
    "pl": 1726003146.818094,
    "pt-BR": 1726003162.0110848,
    "ru": 1726003177.1883948,
    "tr": 1726003192.352718
}