{
    "en-US": 1721377242.404218,
    "ar": 1721377257.5528603,
    "de": 1721377272.7105272,
    "es-ES": 1721377287.8486145,
    "es-MX": 1721377303.0055509,
    "fr": 1721377318.147617,
    "it": 1721377333.3123832,
    "ja": 1721377348.4509447,
    "ko": 1721377363.5946817,
    "pl": 1721377378.7313788,
    "pt-BR": 1721377393.880035,
    "ru": 1721377409.0237966,
    "tr": 1721377424.186698
}