{
    "en-US": 1720319784.0051136,
    "ar": 1720319799.1871197,
    "de": 1720319814.3689032,
    "es-ES": 1720319829.5403464,
    "es-MX": 1720319844.7363813,
    "fr": 1720319859.91484,
    "it": 1720319875.1396298,
    "ja": 1720319890.3273802,
    "ko": 1720319905.500802,
    "pl": 1720319920.6703305,
    "pt-BR": 1720319935.8657012,
    "ru": 1720319951.0459392,
    "tr": 1720319966.2429028
}