{
    "en-US": 1725164557.2507532,
    "ar": 1725164572.3531158,
    "de": 1725164587.4637928,
    "es-ES": 1725164602.5632653,
    "es-MX": 1725164617.6872733,
    "fr": 1725164632.7800133,
    "it": 1725164647.8945456,
    "ja": 1725164662.9945586,
    "ko": 1725164678.0892105,
    "pl": 1725164693.1884747,
    "pt-BR": 1725164708.3162084,
    "ru": 1725164723.4136796,
    "tr": 1725164738.5136669
}