{
    "en-US": 1714299361.644059,
    "ar": 1714299377.5541663,
    "de": 1714299392.960983,
    "es-ES": 1714299408.3485515,
    "es-MX": 1714299423.8177757,
    "fr": 1714299439.2726192,
    "it": 1714299454.7358093,
    "ja": 1714299472.2218885,
    "ko": 1714299488.8508022,
    "pl": 1714299504.3191876,
    "pt-BR": 1714299519.788356,
    "ru": 1714299535.3062677,
    "tr": 1714299551.0214255
}