{
    "en-US": 1717406280.8382788,
    "ar": 1717406296.5959766,
    "de": 1717406311.951535,
    "es-ES": 1717406327.2838504,
    "es-MX": 1717406342.7559047,
    "fr": 1717406358.2230713,
    "it": 1717406373.6817412,
    "ja": 1717406390.8571625,
    "ko": 1717406407.5183492,
    "pl": 1717406423.2202797,
    "pt-BR": 1717406438.706214,
    "ru": 1717406454.2658787,
    "tr": 1717406469.9567573
}