{
    "en-US": 1722676677.4545126,
    "ar": 1722676692.618202,
    "de": 1722676707.7778494,
    "es-ES": 1722676722.939381,
    "es-MX": 1722676738.1059167,
    "fr": 1722676753.2555218,
    "it": 1722676768.4283009,
    "ja": 1722676783.5759885,
    "ko": 1722676798.7290847,
    "pl": 1722676813.875962,
    "pt-BR": 1722676829.0554345,
    "ru": 1722676844.2075,
    "tr": 1722676859.364848
}