{
    "en-US": 1722223161.5179644,
    "ar": 1722223176.679582,
    "de": 1722223191.8451738,
    "es-ES": 1722223207.0045416,
    "es-MX": 1722223222.1882331,
    "fr": 1722223237.3425498,
    "it": 1722223252.5066037,
    "ja": 1722223267.6587188,
    "ko": 1722223282.811698,
    "pl": 1722223297.9676664,
    "pt-BR": 1722223313.15833,
    "ru": 1722223328.320235,
    "tr": 1722223343.4813914
}