{
    "en-US": 1723105279.7265105,
    "ar": 1723105294.894569,
    "de": 1723105310.075306,
    "es-ES": 1723105325.2351675,
    "es-MX": 1723105340.4131262,
    "fr": 1723105355.5916991,
    "it": 1723105370.7652516,
    "ja": 1723105385.918965,
    "ko": 1723105401.0795002,
    "pl": 1723105416.5330417,
    "pt-BR": 1723105431.6994402,
    "ru": 1723105446.8832567,
    "tr": 1723105462.037333
}