{
    "en-US": 1724422636.3565621,
    "ar": 1724422651.481604,
    "de": 1724422666.5995507,
    "es-ES": 1724422681.7129426,
    "es-MX": 1724422696.8682628,
    "fr": 1724422711.957296,
    "it": 1724422727.0630236,
    "ja": 1724422742.1551757,
    "ko": 1724422757.2615192,
    "pl": 1724422772.3570678,
    "pt-BR": 1724422787.4894938,
    "ru": 1724422802.599013,
    "tr": 1724422817.7437983
}