{
    "en-US": 1717388476.2802036,
    "ar": 1717388492.039652,
    "de": 1717388507.4143505,
    "es-ES": 1717388522.7669978,
    "es-MX": 1717388538.2745357,
    "fr": 1717388553.757181,
    "it": 1717388569.25036,
    "ja": 1717388586.5005574,
    "ko": 1717388602.9159517,
    "pl": 1717388618.0829298,
    "pt-BR": 1717388633.2063982,
    "ru": 1717388648.96454,
    "tr": 1717388664.4279733
}