{
    "en-US": 1718806549.6554675,
    "ar": 1718806565.6295743,
    "de": 1718806581.332362,
    "es-ES": 1718806596.5530837,
    "es-MX": 1718806611.7283595,
    "fr": 1718806627.8588462,
    "it": 1718806643.0172505,
    "ja": 1718806658.1401517,
    "ko": 1718806673.2687104,
    "pl": 1718806688.3848982,
    "pt-BR": 1718806703.5317376,
    "ru": 1718806718.6446583,
    "tr": 1718806733.7845182
}