{
    "en-US": 1721478523.370972,
    "ar": 1721478538.4620245,
    "de": 1721478553.558505,
    "es-ES": 1721478568.6451523,
    "es-MX": 1721478583.7431676,
    "fr": 1721478598.8515537,
    "it": 1721478613.9547546,
    "ja": 1721478629.0460901,
    "ko": 1721478644.1407127,
    "pl": 1721478659.226868,
    "pt-BR": 1721478674.3110726,
    "ru": 1721478689.4252756,
    "tr": 1721478704.5101001
}