{
    "en-US": 1722561055.9562867,
    "ar": 1722561071.1401722,
    "de": 1722561086.3293009,
    "es-ES": 1722561101.4936981,
    "es-MX": 1722561116.6785827,
    "fr": 1722561131.8504562,
    "it": 1722561147.0421586,
    "ja": 1722561162.2057853,
    "ko": 1722561177.37889,
    "pl": 1722561192.5363245,
    "pt-BR": 1722561207.700278,
    "ru": 1722561222.8629875,
    "tr": 1722561238.0352402
}