{
    "en-US": 1725214908.9308321,
    "ar": 1725214924.025752,
    "de": 1725214939.126083,
    "es-ES": 1725214954.2367127,
    "es-MX": 1725214969.37873,
    "fr": 1725214984.4791853,
    "it": 1725214999.5884445,
    "ja": 1725215014.688763,
    "ko": 1725215029.7868915,
    "pl": 1725215044.8848286,
    "pt-BR": 1725215060.0078464,
    "ru": 1725215075.1045663,
    "tr": 1725215090.204819
}