{
    "en-US": 1719594976.4964097,
    "ar": 1719594991.620556,
    "de": 1719595006.7443507,
    "es-ES": 1719595021.8504565,
    "es-MX": 1719595036.9986918,
    "fr": 1719595052.1354322,
    "it": 1719595067.262783,
    "ja": 1719595082.3671217,
    "ko": 1719595097.4842284,
    "pl": 1719595112.5954945,
    "pt-BR": 1719595127.7242503,
    "ru": 1719595142.868755,
    "tr": 1719595157.981969
}