{
    "en-US": 1722439073.2699113,
    "ar": 1722439088.438721,
    "de": 1722439103.6039417,
    "es-ES": 1722439118.765272,
    "es-MX": 1722439133.9455147,
    "fr": 1722439149.0999146,
    "it": 1722439164.2749639,
    "ja": 1722439179.4337568,
    "ko": 1722439194.5969677,
    "pl": 1722439209.7682722,
    "pt-BR": 1722439224.9558043,
    "ru": 1722439240.1222963,
    "tr": 1722439255.2888489
}