{
    "en-US": 1722827959.218855,
    "ar": 1722827974.3186488,
    "de": 1722827989.4249525,
    "es-ES": 1722828004.5161452,
    "es-MX": 1722828019.6331835,
    "fr": 1722828034.724629,
    "it": 1722828049.8368456,
    "ja": 1722828064.92086,
    "ko": 1722828080.0115576,
    "pl": 1722828095.0995057,
    "pt-BR": 1722828110.2081044,
    "ru": 1722828125.2917714,
    "tr": 1722828140.3974876
}