{
    "en-US": 1719137886.9262643,
    "ar": 1719137903.1750307,
    "de": 1719137918.9248834,
    "es-ES": 1719137934.926107,
    "es-MX": 1719137950.0501304,
    "fr": 1719137965.2129176,
    "it": 1719137980.3301375,
    "ja": 1719137995.4880922,
    "ko": 1719138010.5985448,
    "pl": 1719138025.7294364,
    "pt-BR": 1719138040.834534,
    "ru": 1719138055.9564035,
    "tr": 1719138071.0709417
}