{
    "en-US": 1722493429.1811376,
    "ar": 1722493444.311105,
    "de": 1722493459.4252932,
    "es-ES": 1722493474.527054,
    "es-MX": 1722493489.7139914,
    "fr": 1722493504.813194,
    "it": 1722493519.929771,
    "ja": 1722493535.0380754,
    "ko": 1722493550.146226,
    "pl": 1722493565.2389052,
    "pt-BR": 1722493580.3482678,
    "ru": 1722493595.4382877,
    "tr": 1722493610.6580389
}