{
    "en-US": 1718381978.414736,
    "ar": 1718381994.7978666,
    "de": 1718382010.3366704,
    "es-ES": 1718382025.5328543,
    "es-MX": 1718382040.853442,
    "fr": 1718382056.0573747,
    "it": 1718382071.2505922,
    "ja": 1718382086.4267745,
    "ko": 1718382101.6641767,
    "pl": 1718382116.8361325,
    "pt-BR": 1718382132.0265229,
    "ru": 1718382147.2153742,
    "tr": 1718382162.3928812
}