{
    "en-US": 1718627440.5426054,
    "ar": 1718627456.8922715,
    "de": 1718627473.0371397,
    "es-ES": 1718627488.8982837,
    "es-MX": 1718627504.1144986,
    "fr": 1718627519.319557,
    "it": 1718627534.5041728,
    "ja": 1718627549.6861248,
    "ko": 1718627564.8637273,
    "pl": 1718627580.0694501,
    "pt-BR": 1718627595.2604,
    "ru": 1718627610.434694,
    "tr": 1718627625.6200058
}