{
    "en-US": 1724365010.5849497,
    "ar": 1724365025.6806285,
    "de": 1724365040.8237705,
    "es-ES": 1724365055.9075425,
    "es-MX": 1724365071.1420684,
    "fr": 1724365086.2460468,
    "it": 1724365101.3931706,
    "ja": 1724365116.4822433,
    "ko": 1724365131.5788817,
    "pl": 1724365146.6599839,
    "pt-BR": 1724365161.7644408,
    "ru": 1724365176.8875253,
    "tr": 1724365191.984126
}