{
    "en-US": 1720246857.0259986,
    "ar": 1720246872.1354132,
    "de": 1720246887.243122,
    "es-ES": 1720246902.345576,
    "es-MX": 1720246917.4654396,
    "fr": 1720246932.5715823,
    "it": 1720246947.7001767,
    "ja": 1720246962.7995875,
    "ko": 1720246977.90299,
    "pl": 1720246993.0025918,
    "pt-BR": 1720247008.1311467,
    "ru": 1720247023.2579927,
    "tr": 1720247038.386843
}