{
    "en-US": 1715249889.4578805,
    "ar": 1715249905.431818,
    "de": 1715249920.944882,
    "es-ES": 1715249936.4348385,
    "es-MX": 1715249951.987294,
    "fr": 1715249967.5340157,
    "it": 1715249983.1522844,
    "ja": 1715250000.4771883,
    "ko": 1715250017.2027187,
    "pl": 1715250032.982356,
    "pt-BR": 1715250048.535537,
    "ru": 1715250064.3527074,
    "tr": 1715250080.0023134
}