{
    "en-US": 1725603878.8741858,
    "ar": 1725603894.1500907,
    "de": 1725603909.4196188,
    "es-ES": 1725603924.6880298,
    "es-MX": 1725603939.9578438,
    "fr": 1725603955.2162178,
    "it": 1725603970.5038843,
    "ja": 1725603985.76268,
    "ko": 1725604001.0447245,
    "pl": 1725604016.3077695,
    "pt-BR": 1725604031.57883,
    "ru": 1725604046.8442943,
    "tr": 1725604062.128787
}