{
    "en-US": 1719073272.4485548,
    "ar": 1719073287.5985475,
    "de": 1719073302.7965477,
    "es-ES": 1719073317.9086082,
    "es-MX": 1719073333.0277543,
    "fr": 1719073348.1454685,
    "it": 1719073363.2981143,
    "ja": 1719073378.4085786,
    "ko": 1719073393.5137658,
    "pl": 1719073408.6202123,
    "pt-BR": 1719073423.741891,
    "ru": 1719073438.8519123,
    "tr": 1719073453.9997718
}