{
    "en-US": 1720023686.8527102,
    "ar": 1720023701.9961212,
    "de": 1720023717.1183257,
    "es-ES": 1720023732.2271013,
    "es-MX": 1720023747.3666332,
    "fr": 1720023762.4861388,
    "it": 1720023777.6320102,
    "ja": 1720023792.7466261,
    "ko": 1720023807.870092,
    "pl": 1720023822.9911394,
    "pt-BR": 1720023838.1182728,
    "ru": 1720023853.251155,
    "tr": 1720023868.4318888
}