{
    "en-US": 1718612484.3203113,
    "ar": 1718612500.6288683,
    "de": 1718612516.7166657,
    "es-ES": 1718612532.4660258,
    "es-MX": 1718612547.6596096,
    "fr": 1718612562.8340833,
    "it": 1718612578.0113254,
    "ja": 1718612593.1845129,
    "ko": 1718612608.3567178,
    "pl": 1718612623.5351188,
    "pt-BR": 1718612638.7267873,
    "ru": 1718612653.9060626,
    "tr": 1718612669.0771494
}