{
    "en-US": 1718007699.1202984,
    "ar": 1718007715.0478354,
    "de": 1718007730.6779418,
    "es-ES": 1718007746.350583,
    "es-MX": 1718007761.4774656,
    "fr": 1718007776.5870526,
    "it": 1718007791.709974,
    "ja": 1718007806.812098,
    "ko": 1718007821.9574487,
    "pl": 1718007837.0751183,
    "pt-BR": 1718007852.1923835,
    "ru": 1718007867.2838368,
    "tr": 1718007882.382898
}