{
    "en-US": 1725707632.5389018,
    "ar": 1725707647.7023044,
    "de": 1725707662.876948,
    "es-ES": 1725707678.0326972,
    "es-MX": 1725707693.2034538,
    "fr": 1725707708.3626134,
    "it": 1725707723.5233555,
    "ja": 1725707738.7069266,
    "ko": 1725707753.8621898,
    "pl": 1725707769.0199032,
    "pt-BR": 1725707784.2115357,
    "ru": 1725707799.3754818,
    "tr": 1725707814.5371006
}