{
    "en-US": 1720242986.799862,
    "ar": 1720243001.9151404,
    "de": 1720243017.0258596,
    "es-ES": 1720243032.1265402,
    "es-MX": 1720243047.2455862,
    "fr": 1720243062.3437006,
    "it": 1720243077.473334,
    "ja": 1720243092.5831637,
    "ko": 1720243107.683829,
    "pl": 1720243122.7818058,
    "pt-BR": 1720243137.8948848,
    "ru": 1720243152.9902484,
    "tr": 1720243168.1306062
}