{
    "en-US": 1718054181.8456519,
    "ar": 1718054197.850704,
    "de": 1718054213.4160028,
    "es-ES": 1718054228.617695,
    "es-MX": 1718054243.8123894,
    "fr": 1718054258.9917772,
    "it": 1718054274.1838958,
    "ja": 1718054289.3536024,
    "ko": 1718054304.539376,
    "pl": 1718054319.704181,
    "pt-BR": 1718054334.8946576,
    "ru": 1718054350.0656116,
    "tr": 1718054365.247479
}