{
    "en-US": 1720614762.7997332,
    "ar": 1720614777.9649699,
    "de": 1720614793.138319,
    "es-ES": 1720614808.2945223,
    "es-MX": 1720614823.4569952,
    "fr": 1720614838.6129186,
    "it": 1720614853.799302,
    "ja": 1720614868.9613655,
    "ko": 1720614884.1184475,
    "pl": 1720614899.2811346,
    "pt-BR": 1720614914.4451358,
    "ru": 1720614929.6011472,
    "tr": 1720614944.7900662
}