{
    "en-US": 1720531191.864134,
    "ar": 1720531206.9768353,
    "de": 1720531222.1011636,
    "es-ES": 1720531237.2208164,
    "es-MX": 1720531252.3478186,
    "fr": 1720531267.4845665,
    "it": 1720531282.6084125,
    "ja": 1720531297.7088344,
    "ko": 1720531312.8264658,
    "pl": 1720531327.927097,
    "pt-BR": 1720531343.0395665,
    "ru": 1720531358.1722033,
    "tr": 1720531373.283966
}