{
    "en-US": 1719973926.3879378,
    "ar": 1719973941.5633028,
    "de": 1719973956.7404704,
    "es-ES": 1719973971.9146698,
    "es-MX": 1719973987.1282203,
    "fr": 1719974002.2957993,
    "it": 1719974017.475759,
    "ja": 1719974032.6477118,
    "ko": 1719974047.823473,
    "pl": 1719974062.9989407,
    "pt-BR": 1719974078.2041984,
    "ru": 1719974093.383037,
    "tr": 1719974108.558935
}