{
    "en-US": 1719721127.8874538,
    "ar": 1719721143.118666,
    "de": 1719721158.3831155,
    "es-ES": 1719721173.6044195,
    "es-MX": 1719721188.849888,
    "fr": 1719721204.0755005,
    "it": 1719721219.3617146,
    "ja": 1719721234.5906475,
    "ko": 1719721249.817638,
    "pl": 1719721265.0364,
    "pt-BR": 1719721280.2742019,
    "ru": 1719721295.5064073,
    "tr": 1719721310.7735558
}