{
    "en-US": 1718778154.8533118,
    "ar": 1718778170.994413,
    "de": 1718778186.606266,
    "es-ES": 1718778201.7259853,
    "es-MX": 1718778216.8956661,
    "fr": 1718778232.0213766,
    "it": 1718778247.126359,
    "ja": 1718778262.2373903,
    "ko": 1718778277.3450584,
    "pl": 1718778292.4456382,
    "pt-BR": 1718778307.562641,
    "ru": 1718778322.6984713,
    "tr": 1718778337.8047798
}