{
    "en-US": 1714220671.8081582,
    "ar": 1714220687.5858035,
    "de": 1714220703.231595,
    "es-ES": 1714220718.8780138,
    "es-MX": 1714220734.5627,
    "fr": 1714220750.2686722,
    "it": 1714220765.9874737,
    "ja": 1714220782.4429517,
    "ko": 1714220798.6348386,
    "pl": 1714220814.3512774,
    "pt-BR": 1714220830.041735,
    "ru": 1714220845.841884,
    "tr": 1714220861.6128418
}