{
    "en-US": 1718594369.4518266,
    "ar": 1718594385.6489782,
    "de": 1718594401.5269291,
    "es-ES": 1718594416.72423,
    "es-MX": 1718594431.9050255,
    "fr": 1718594447.0691319,
    "it": 1718594462.2566261,
    "ja": 1718594477.4185202,
    "ko": 1718594492.6050007,
    "pl": 1718594507.7729843,
    "pt-BR": 1718594522.9528883,
    "ru": 1718594538.1253572,
    "tr": 1718594553.3084726
}