{
    "en-US": 1714439001.8410015,
    "ar": 1714439018.1697254,
    "de": 1714439033.880269,
    "es-ES": 1714439049.6224737,
    "es-MX": 1714439065.3852694,
    "fr": 1714439081.4293613,
    "it": 1714439097.1401968,
    "ja": 1714439115.2742133,
    "ko": 1714439132.868587,
    "pl": 1714439148.4860325,
    "pt-BR": 1714439164.2065485,
    "ru": 1714439180.1110916,
    "tr": 1714439196.1787443
}