{
    "en-US": 1722953736.8450568,
    "ar": 1722953752.0151005,
    "de": 1722953767.2069056,
    "es-ES": 1722953782.3769047,
    "es-MX": 1722953797.5687265,
    "fr": 1722953812.7282662,
    "it": 1722953827.9039457,
    "ja": 1722953843.0701308,
    "ko": 1722953858.2407207,
    "pl": 1722953873.404696,
    "pt-BR": 1722953888.594693,
    "ru": 1722953903.7611856,
    "tr": 1722953918.9361198
}