{
    "en-US": 1720833047.8715503,
    "ar": 1720833062.9659688,
    "de": 1720833078.065698,
    "es-ES": 1720833093.1636214,
    "es-MX": 1720833108.2841237,
    "fr": 1720833123.3896523,
    "it": 1720833138.5011635,
    "ja": 1720833153.5949404,
    "ko": 1720833168.6917305,
    "pl": 1720833183.7783759,
    "pt-BR": 1720833198.893338,
    "ru": 1720833213.9762425,
    "tr": 1720833229.073877
}