{
    "en-US": 1722158303.842339,
    "ar": 1722158319.026379,
    "de": 1722158334.1928122,
    "es-ES": 1722158349.3526304,
    "es-MX": 1722158364.5309603,
    "fr": 1722158379.6858084,
    "it": 1722158394.8651123,
    "ja": 1722158410.0223694,
    "ko": 1722158425.1966794,
    "pl": 1722158440.3613303,
    "pt-BR": 1722158455.5256138,
    "ru": 1722158470.684052,
    "tr": 1722158485.860227
}