{
    "en-US": 1717532197.3101823,
    "ar": 1717532213.0774786,
    "de": 1717532228.5227764,
    "es-ES": 1717532243.983429,
    "es-MX": 1717532259.5732088,
    "fr": 1717532275.3981001,
    "it": 1717532290.9439213,
    "ja": 1717532306.995773,
    "ko": 1717532322.9864707,
    "pl": 1717532338.5543,
    "pt-BR": 1717532354.1034298,
    "ru": 1717532369.6889896,
    "tr": 1717532385.2406573
}