{
    "en-US": 1718342187.9828653,
    "ar": 1718342203.1379952,
    "de": 1718342218.2868311,
    "es-ES": 1718342233.4226766,
    "es-MX": 1718342248.539353,
    "fr": 1718342263.6438885,
    "it": 1718342278.7977233,
    "ja": 1718342293.9012625,
    "ko": 1718342309.0186083,
    "pl": 1718342324.1188295,
    "pt-BR": 1718342339.2560992,
    "ru": 1718342354.3722196,
    "tr": 1718342369.518642
}