{
    "en-US": 1719645368.009056,
    "ar": 1719645383.1159918,
    "de": 1719645398.2455254,
    "es-ES": 1719645413.3480568,
    "es-MX": 1719645428.4788084,
    "fr": 1719645443.5742214,
    "it": 1719645458.6826403,
    "ja": 1719645473.7830465,
    "ko": 1719645488.8879313,
    "pl": 1719645503.9978094,
    "pt-BR": 1719645519.1315486,
    "ru": 1719645534.2278707,
    "tr": 1719645549.3408496
}