{
    "en-US": 1724905247.9747438,
    "ar": 1724905263.1664476,
    "de": 1724905278.3442445,
    "es-ES": 1724905293.50238,
    "es-MX": 1724905308.7122636,
    "fr": 1724905323.8790746,
    "it": 1724905339.0534275,
    "ja": 1724905354.2168086,
    "ko": 1724905369.38226,
    "pl": 1724905384.5446627,
    "pt-BR": 1724905399.7490098,
    "ru": 1724905414.9120603,
    "tr": 1724905430.0762944
}