{
    "en-US": 1719815152.6393373,
    "ar": 1719815167.8137164,
    "de": 1719815182.9907157,
    "es-ES": 1719815198.1633966,
    "es-MX": 1719815213.3547773,
    "fr": 1719815228.5202186,
    "it": 1719815243.7176743,
    "ja": 1719815258.8909419,
    "ko": 1719815274.066346,
    "pl": 1719815289.2367983,
    "pt-BR": 1719815304.4038012,
    "ru": 1719815319.5792694,
    "tr": 1719815334.7719505
}