{
    "en-US": 1719418893.2420926,
    "ar": 1719418908.3638806,
    "de": 1719418923.4914837,
    "es-ES": 1719418938.6095455,
    "es-MX": 1719418953.8054168,
    "fr": 1719418968.934876,
    "it": 1719418984.164134,
    "ja": 1719418999.2995691,
    "ko": 1719419014.4216511,
    "pl": 1719419029.530283,
    "pt-BR": 1719419044.7016337,
    "ru": 1719419059.8340154,
    "tr": 1719419074.9501185
}