{
    "en-US": 1723976244.0876982,
    "ar": 1723976259.1747298,
    "de": 1723976274.2701652,
    "es-ES": 1723976289.3549113,
    "es-MX": 1723976304.4868279,
    "fr": 1723976319.5713284,
    "it": 1723976334.6674716,
    "ja": 1723976349.7509286,
    "ko": 1723976364.8364308,
    "pl": 1723976379.9214756,
    "pt-BR": 1723976395.0663495,
    "ru": 1723976410.150893,
    "tr": 1723976425.247352
}