{
    "en-US": 1713932257.4224856,
    "ar": 1713932273.4428856,
    "de": 1713932288.9597497,
    "es-ES": 1713932304.4424715,
    "es-MX": 1713932319.9636066,
    "fr": 1713932335.5065162,
    "it": 1713932351.0259423,
    "ja": 1713932367.3464017,
    "ko": 1713932383.3881295,
    "pl": 1713932398.9218564,
    "pt-BR": 1713932414.4677567,
    "ru": 1713932430.042574,
    "tr": 1713932445.59286
}