{
    "en-US": 1722543515.9913785,
    "ar": 1722543531.171608,
    "de": 1722543546.334014,
    "es-ES": 1722543561.484203,
    "es-MX": 1722543576.665536,
    "fr": 1722543591.8175445,
    "it": 1722543607.0148716,
    "ja": 1722543622.16284,
    "ko": 1722543637.3245838,
    "pl": 1722543652.4860723,
    "pt-BR": 1722543667.659318,
    "ru": 1722543682.806834,
    "tr": 1722543697.9751997
}