{
    "en-US": 1716218236.1033828,
    "ar": 1716218252.0387552,
    "de": 1716218267.7967,
    "es-ES": 1716218283.6306767,
    "es-MX": 1716218299.4747121,
    "fr": 1716218314.9856174,
    "it": 1716218330.8050342,
    "ja": 1716218348.2835498,
    "ko": 1716218365.0860488,
    "pl": 1716218380.5846593,
    "pt-BR": 1716218396.5073013,
    "ru": 1716218411.9990165,
    "tr": 1716218427.8722227
}