{
    "en-US": 1719542071.4918587,
    "ar": 1719542086.607159,
    "de": 1719542101.7355177,
    "es-ES": 1719542116.8413541,
    "es-MX": 1719542131.965737,
    "fr": 1719542147.0755436,
    "it": 1719542162.2103436,
    "ja": 1719542177.3173087,
    "ko": 1719542192.432551,
    "pl": 1719542207.5322566,
    "pt-BR": 1719542222.664802,
    "ru": 1719542237.7646334,
    "tr": 1719542252.8997955
}