{
    "en-US": 1713845901.422388,
    "ar": 1713845917.392536,
    "de": 1713845932.808785,
    "es-ES": 1713845948.2113013,
    "es-MX": 1713845963.6558113,
    "fr": 1713845979.1271675,
    "it": 1713845994.59231,
    "ja": 1713846010.9101686,
    "ko": 1713846026.9141147,
    "pl": 1713846042.385643,
    "pt-BR": 1713846057.898426,
    "ru": 1713846073.55103,
    "tr": 1713846089.2369788
}