{
    "en-US": 1718378352.038313,
    "ar": 1718378368.032918,
    "de": 1718378383.8007805,
    "es-ES": 1718378398.9396145,
    "es-MX": 1718378414.1137884,
    "fr": 1718378429.2628162,
    "it": 1718378444.391872,
    "ja": 1718378459.5705547,
    "ko": 1718378474.7031364,
    "pl": 1718378489.8316622,
    "pt-BR": 1718378504.9726868,
    "ru": 1718378520.0930986,
    "tr": 1718378535.228578
}