{
    "en-US": 1725751009.2113729,
    "ar": 1725751024.3203256,
    "de": 1725751039.4343095,
    "es-ES": 1725751054.5297537,
    "es-MX": 1725751069.664874,
    "fr": 1725751084.7550917,
    "it": 1725751099.8640013,
    "ja": 1725751114.968287,
    "ko": 1725751130.068722,
    "pl": 1725751145.1664634,
    "pt-BR": 1725751160.2897835,
    "ru": 1725751175.3802369,
    "tr": 1725751190.490385
}