{
    "en-US": 1713849254.8777115,
    "ar": 1713849270.840182,
    "de": 1713849286.2563205,
    "es-ES": 1713849301.658926,
    "es-MX": 1713849317.101366,
    "fr": 1713849332.5607226,
    "it": 1713849348.034223,
    "ja": 1713849364.2189157,
    "ko": 1713849380.2035978,
    "pl": 1713849395.6815202,
    "pt-BR": 1713849411.160384,
    "ru": 1713849426.833564,
    "tr": 1713849442.2974517
}