{
    "en-US": 1716870061.4059424,
    "ar": 1716870077.1530116,
    "de": 1716870092.6013398,
    "es-ES": 1716870108.001376,
    "es-MX": 1716870123.5576742,
    "fr": 1716870139.3166413,
    "it": 1716870154.8660944,
    "ja": 1716870170.9154959,
    "ko": 1716870186.8901558,
    "pl": 1716870202.4340656,
    "pt-BR": 1716870218.1861913,
    "ru": 1716870233.7416654,
    "tr": 1716870249.3043282
}