{
    "en-US": 1716970899.6322381,
    "ar": 1716970915.4760823,
    "de": 1716970930.820693,
    "es-ES": 1716970946.182873,
    "es-MX": 1716970961.7718382,
    "fr": 1716970977.2321818,
    "it": 1716970992.7032087,
    "ja": 1716971010.5620399,
    "ko": 1716971027.2139077,
    "pl": 1716971042.6777182,
    "pt-BR": 1716971058.1154788,
    "ru": 1716971073.6506507,
    "tr": 1716971089.3918722
}