{
    "en-US": 1723321050.2765322,
    "ar": 1723321065.362487,
    "de": 1723321080.4890213,
    "es-ES": 1723321095.591666,
    "es-MX": 1723321110.769313,
    "fr": 1723321125.8585541,
    "it": 1723321140.9532204,
    "ja": 1723321156.067156,
    "ko": 1723321171.1569815,
    "pl": 1723321186.2403712,
    "pt-BR": 1723321201.348404,
    "ru": 1723321216.4388363,
    "tr": 1723321231.5214682
}