{
    "en-US": 1715660323.4180644,
    "ar": 1715660339.0891893,
    "de": 1715660354.2909951,
    "es-ES": 1715660369.4044023,
    "es-MX": 1715660384.5379503,
    "fr": 1715660399.638165,
    "it": 1715660414.767038,
    "ja": 1715660431.701823,
    "ko": 1715660446.8885522,
    "pl": 1715660462.022177,
    "pt-BR": 1715660477.1514225,
    "ru": 1715660492.2627852,
    "tr": 1715660507.967814
}