{
    "en-US": 1717816660.0827684,
    "ar": 1717816676.064547,
    "de": 1717816691.8546984,
    "es-ES": 1717816707.6230989,
    "es-MX": 1717816722.823998,
    "fr": 1717816737.9956675,
    "it": 1717816753.176856,
    "ja": 1717816768.3382018,
    "ko": 1717816783.5432265,
    "pl": 1717816798.7557182,
    "pt-BR": 1717816813.9292412,
    "ru": 1717816829.0873613,
    "tr": 1717816844.258275
}