{
    "en-US": 1723098260.2092931,
    "ar": 1723098275.3278737,
    "de": 1723098290.4504776,
    "es-ES": 1723098305.5415747,
    "es-MX": 1723098320.672927,
    "fr": 1723098335.7846615,
    "it": 1723098350.895783,
    "ja": 1723098365.9822252,
    "ko": 1723098381.0770006,
    "pl": 1723098396.172722,
    "pt-BR": 1723098411.287215,
    "ru": 1723098426.3795192,
    "tr": 1723098441.4733813
}