{
    "en-US": 1721160988.7060194,
    "ar": 1721161003.8730648,
    "de": 1721161019.0382454,
    "es-ES": 1721161034.1979642,
    "es-MX": 1721161049.3598523,
    "fr": 1721161064.5320594,
    "it": 1721161079.709064,
    "ja": 1721161094.8701322,
    "ko": 1721161110.0286233,
    "pl": 1721161125.1942992,
    "pt-BR": 1721161140.369364,
    "ru": 1721161155.5542893,
    "tr": 1721161170.7233171
}