{
    "en-US": 1721816401.5755289,
    "ar": 1721816416.6753728,
    "de": 1721816431.783047,
    "es-ES": 1721816446.871681,
    "es-MX": 1721816461.9726212,
    "fr": 1721816477.068612,
    "it": 1721816492.1960993,
    "ja": 1721816507.2910383,
    "ko": 1721816522.4076247,
    "pl": 1721816537.491299,
    "pt-BR": 1721816552.599505,
    "ru": 1721816567.6928914,
    "tr": 1721816582.8052318
}