{
    "en-US": 1723756648.6516197,
    "ar": 1723756663.8209224,
    "de": 1723756678.9929948,
    "es-ES": 1723756694.1582646,
    "es-MX": 1723756709.3392072,
    "fr": 1723756724.4955666,
    "it": 1723756739.6676292,
    "ja": 1723756754.831944,
    "ko": 1723756769.9993262,
    "pl": 1723756785.1597588,
    "pt-BR": 1723756800.3632927,
    "ru": 1723756815.5394566,
    "tr": 1723756830.705573
}