{
    "en-US": 1725740274.8331633,
    "ar": 1725740290.000753,
    "de": 1725740305.1630642,
    "es-ES": 1725740320.3231297,
    "es-MX": 1725740335.5061924,
    "fr": 1725740350.6630776,
    "it": 1725740365.8295524,
    "ja": 1725740380.987295,
    "ko": 1725740396.1469069,
    "pl": 1725740411.3086865,
    "pt-BR": 1725740426.4905005,
    "ru": 1725740441.6462996,
    "tr": 1725740456.8093212
}