{
    "en-US": 1723516707.344529,
    "ar": 1723516722.4480686,
    "de": 1723516737.5464327,
    "es-ES": 1723516752.6422408,
    "es-MX": 1723516767.7380202,
    "fr": 1723516782.836526,
    "it": 1723516797.9293873,
    "ja": 1723516813.020126,
    "ko": 1723516828.1315665,
    "pl": 1723516843.2213495,
    "pt-BR": 1723516858.3214734,
    "ru": 1723516873.4937696,
    "tr": 1723516888.5786314
}