{
    "en-US": 1715480976.6138535,
    "ar": 1715480992.600876,
    "de": 1715481008.136633,
    "es-ES": 1715481023.7054772,
    "es-MX": 1715481039.2440016,
    "fr": 1715481054.8113832,
    "it": 1715481070.3664033,
    "ja": 1715481087.9038413,
    "ko": 1715481104.8153086,
    "pl": 1715481120.433644,
    "pt-BR": 1715481136.0127997,
    "ru": 1715481151.659416,
    "tr": 1715481167.29105
}