{
    "en-US": 1725355118.3103988,
    "ar": 1725355133.4718754,
    "de": 1725355148.647893,
    "es-ES": 1725355163.8082578,
    "es-MX": 1725355178.9942973,
    "fr": 1725355194.1517432,
    "it": 1725355209.3314562,
    "ja": 1725355224.4922767,
    "ko": 1725355239.657306,
    "pl": 1725355254.8278003,
    "pt-BR": 1725355270.0165124,
    "ru": 1725355285.1863492,
    "tr": 1725355300.3426144
}