{
    "en-US": 1716614158.291787,
    "ar": 1716614174.1745465,
    "de": 1716614189.5372922,
    "es-ES": 1716614205.1779037,
    "es-MX": 1716614221.0418453,
    "fr": 1716614236.5240629,
    "it": 1716614252.0046523,
    "ja": 1716614272.375291,
    "ko": 1716614290.3151665,
    "pl": 1716614305.784191,
    "pt-BR": 1716614321.2549675,
    "ru": 1716614337.0479307,
    "tr": 1716614352.557585
}