{
    "en-US": 1719292574.9548514,
    "ar": 1719292590.1340342,
    "de": 1719292605.3088775,
    "es-ES": 1719292620.4834828,
    "es-MX": 1719292635.6723754,
    "fr": 1719292650.8355062,
    "it": 1719292666.0184772,
    "ja": 1719292681.1943443,
    "ko": 1719292696.3675847,
    "pl": 1719292711.5421205,
    "pt-BR": 1719292726.7455997,
    "ru": 1719292741.9170883,
    "tr": 1719292757.0976107
}