{
    "en-US": 1720182599.4770114,
    "ar": 1720182614.6586587,
    "de": 1720182629.8338883,
    "es-ES": 1720182644.996466,
    "es-MX": 1720182660.1738656,
    "fr": 1720182675.3424242,
    "it": 1720182690.533134,
    "ja": 1720182705.6933074,
    "ko": 1720182720.864934,
    "pl": 1720182736.0390837,
    "pt-BR": 1720182751.2700038,
    "ru": 1720182766.4877856,
    "tr": 1720182781.7299633
}