{
    "en-US": 1721636537.7914374,
    "ar": 1721636552.8895338,
    "de": 1721636567.9904954,
    "es-ES": 1721636583.1145766,
    "es-MX": 1721636598.2262287,
    "fr": 1721636613.344661,
    "it": 1721636628.4436948,
    "ja": 1721636643.5416782,
    "ko": 1721636658.657689,
    "pl": 1721636673.7394922,
    "pt-BR": 1721636688.851417,
    "ru": 1721636703.9612699,
    "tr": 1721636719.0544605
}