{
    "en-US": 1717597056.263146,
    "ar": 1717597072.387216,
    "de": 1717597088.256247,
    "es-ES": 1717597103.4573371,
    "es-MX": 1717597118.638525,
    "fr": 1717597133.823019,
    "it": 1717597149.0039892,
    "ja": 1717597164.179466,
    "ko": 1717597179.3928025,
    "pl": 1717597194.6078403,
    "pt-BR": 1717597209.7958257,
    "ru": 1717597224.9708939,
    "tr": 1717597240.1513176
}