{
    "en-US": 1724639884.0647302,
    "ar": 1724639899.1728668,
    "de": 1724639914.2732904,
    "es-ES": 1724639929.365381,
    "es-MX": 1724639944.4845097,
    "fr": 1724639959.6620355,
    "it": 1724639974.7628207,
    "ja": 1724639989.8544016,
    "ko": 1724640004.9552507,
    "pl": 1724640020.0412493,
    "pt-BR": 1724640035.1489997,
    "ru": 1724640050.2771006,
    "tr": 1724640065.3743753
}