{
    "en-US": 1714307252.3442883,
    "ar": 1714307268.3606582,
    "de": 1714307284.0385478,
    "es-ES": 1714307299.6771865,
    "es-MX": 1714307315.3802795,
    "fr": 1714307331.0964293,
    "it": 1714307346.780117,
    "ja": 1714307363.2315893,
    "ko": 1714307379.4118185,
    "pl": 1714307395.1726055,
    "pt-BR": 1714307410.9067485,
    "ru": 1714307426.8977046,
    "tr": 1714307442.863061
}