{
    "en-US": 1718551048.0035055,
    "ar": 1718551064.2079053,
    "de": 1718551079.6612837,
    "es-ES": 1718551094.7972882,
    "es-MX": 1718551109.979043,
    "fr": 1718551125.0767174,
    "it": 1718551140.2397587,
    "ja": 1718551155.35312,
    "ko": 1718551170.465169,
    "pl": 1718551185.5825386,
    "pt-BR": 1718551200.7025561,
    "ru": 1718551215.8097892,
    "tr": 1718551230.9712799
}