{
    "en-US": 1717258682.2400918,
    "ar": 1717258698.1430492,
    "de": 1717258713.804657,
    "es-ES": 1717258729.482228,
    "es-MX": 1717258745.2440362,
    "fr": 1717258761.0332859,
    "it": 1717258776.8477151,
    "ja": 1717258793.4671621,
    "ko": 1717258809.8297865,
    "pl": 1717258825.7016141,
    "pt-BR": 1717258841.4966214,
    "ru": 1717258857.4251914,
    "tr": 1717258873.3619273
}