{
    "en-US": 1717582673.779238,
    "ar": 1717582689.7510045,
    "de": 1717582705.1287234,
    "es-ES": 1717582720.5097322,
    "es-MX": 1717582736.2700746,
    "fr": 1717582751.7338915,
    "it": 1717582767.1900387,
    "ja": 1717582784.5481129,
    "ko": 1717582801.2715929,
    "pl": 1717582816.738102,
    "pt-BR": 1717582832.2505271,
    "ru": 1717582847.8276563,
    "tr": 1717582863.342818
}