{
    "en-US": 1722291532.2406983,
    "ar": 1722291547.3401232,
    "de": 1722291562.435338,
    "es-ES": 1722291577.5304112,
    "es-MX": 1722291592.6687598,
    "fr": 1722291607.762955,
    "it": 1722291622.8889961,
    "ja": 1722291637.9781296,
    "ko": 1722291653.082916,
    "pl": 1722291668.1733315,
    "pt-BR": 1722291683.2987025,
    "ru": 1722291698.3843434,
    "tr": 1722291713.500491
}