{
    "en-US": 1721092326.1272569,
    "ar": 1721092341.3062878,
    "de": 1721092356.4763565,
    "es-ES": 1721092371.6500633,
    "es-MX": 1721092387.2413208,
    "fr": 1721092402.4073153,
    "it": 1721092417.617235,
    "ja": 1721092432.7761424,
    "ko": 1721092447.94693,
    "pl": 1721092463.1117163,
    "pt-BR": 1721092478.2868867,
    "ru": 1721092493.4548292,
    "tr": 1721092508.6538553
}