{
    "en-US": 1725992630.1659508,
    "ar": 1725992645.2781577,
    "de": 1725992660.4005008,
    "es-ES": 1725992675.5080922,
    "es-MX": 1725992690.648,
    "fr": 1725992705.7554774,
    "it": 1725992720.8688679,
    "ja": 1725992735.9662492,
    "ko": 1725992751.0688589,
    "pl": 1725992766.1664996,
    "pt-BR": 1725992781.3072617,
    "ru": 1725992796.4036224,
    "tr": 1725992811.526847
}