{
    "en-US": 1714530634.4875689,
    "ar": 1714530650.497561,
    "de": 1714530665.8439467,
    "es-ES": 1714530681.396883,
    "es-MX": 1714530696.836523,
    "fr": 1714530712.4205089,
    "it": 1714530727.818304,
    "ja": 1714530746.8320603,
    "ko": 1714530766.16902,
    "pl": 1714530781.6017356,
    "pt-BR": 1714530797.0141304,
    "ru": 1714530812.517622,
    "tr": 1714530828.0687394
}