{
    "en-US": 1717323375.5536387,
    "ar": 1717323391.5195029,
    "de": 1717323406.9127965,
    "es-ES": 1717323422.287608,
    "es-MX": 1717323437.7747357,
    "fr": 1717323453.2633712,
    "it": 1717323468.7437701,
    "ja": 1717323486.6845176,
    "ko": 1717323504.1444297,
    "pl": 1717323519.6426365,
    "pt-BR": 1717323535.1681373,
    "ru": 1717323550.984747,
    "tr": 1717323566.6446326
}