{
    "en-US": 1714119565.9549515,
    "ar": 1714119581.8368995,
    "de": 1714119597.341305,
    "es-ES": 1714119612.6759431,
    "es-MX": 1714119628.0707264,
    "fr": 1714119643.4511814,
    "it": 1714119658.848645,
    "ja": 1714119676.9474914,
    "ko": 1714119693.7760637,
    "pl": 1714119709.1815555,
    "pt-BR": 1714119724.593127,
    "ru": 1714119740.125694,
    "tr": 1714119755.8387783
}