{
    "en-US": 1721621990.3151453,
    "ar": 1721622005.484422,
    "de": 1721622020.7072482,
    "es-ES": 1721622035.8984997,
    "es-MX": 1721622051.0922189,
    "fr": 1721622066.246342,
    "it": 1721622081.419365,
    "ja": 1721622096.58632,
    "ko": 1721622111.756491,
    "pl": 1721622126.9328713,
    "pt-BR": 1721622142.1368454,
    "ru": 1721622157.3042321,
    "tr": 1721622172.4736257
}