{
    "en-US": 1716880569.5329893,
    "ar": 1716880585.3497448,
    "de": 1716880600.7638323,
    "es-ES": 1716880616.1751618,
    "es-MX": 1716880631.7051418,
    "fr": 1716880647.256956,
    "it": 1716880662.7668915,
    "ja": 1716880679.732039,
    "ko": 1716880696.2897224,
    "pl": 1716880711.8303301,
    "pt-BR": 1716880727.3632076,
    "ru": 1716880742.9205265,
    "tr": 1716880758.5812905
}