{
    "en-US": 1725971694.051877,
    "ar": 1725971709.2058046,
    "de": 1725971724.3654313,
    "es-ES": 1725971739.5237,
    "es-MX": 1725971754.6973794,
    "fr": 1725971769.8477418,
    "it": 1725971785.0099046,
    "ja": 1725971800.1583064,
    "ko": 1725971815.3146849,
    "pl": 1725971830.4700015,
    "pt-BR": 1725971845.6617677,
    "ru": 1725971860.8178713,
    "tr": 1725971875.9707005
}