{
    "en-US": 1720988197.062825,
    "ar": 1720988212.2344637,
    "de": 1720988227.432024,
    "es-ES": 1720988242.609204,
    "es-MX": 1720988257.790191,
    "fr": 1720988272.9728255,
    "it": 1720988288.1459224,
    "ja": 1720988303.3097572,
    "ko": 1720988318.5012667,
    "pl": 1720988333.676863,
    "pt-BR": 1720988348.8472447,
    "ru": 1720988364.0091121,
    "tr": 1720988379.173959
}