{
    "en-US": 1725412552.0782042,
    "ar": 1725412567.2061074,
    "de": 1725412582.3399196,
    "es-ES": 1725412597.457577,
    "es-MX": 1725412612.5829887,
    "fr": 1725412627.7188563,
    "it": 1725412642.83616,
    "ja": 1725412657.9435456,
    "ko": 1725412673.0605793,
    "pl": 1725412688.1709707,
    "pt-BR": 1725412703.3026378,
    "ru": 1725412718.4480317,
    "tr": 1725412733.5654016
}