{
    "en-US": 1724121392.1273856,
    "ar": 1724121407.3298404,
    "de": 1724121422.5316784,
    "es-ES": 1724121437.7196593,
    "es-MX": 1724121452.9410677,
    "fr": 1724121468.117771,
    "it": 1724121483.3119628,
    "ja": 1724121498.497818,
    "ko": 1724121513.6967232,
    "pl": 1724121528.8911994,
    "pt-BR": 1724121544.1134124,
    "ru": 1724121559.304652,
    "tr": 1724121574.4942954
}