{
    "en-US": 1725059918.6269073,
    "ar": 1725059933.7352777,
    "de": 1725059948.840155,
    "es-ES": 1725059963.9293475,
    "es-MX": 1725059979.0981376,
    "fr": 1725059994.1935146,
    "it": 1725060009.2902293,
    "ja": 1725060024.3770967,
    "ko": 1725060039.4644954,
    "pl": 1725060054.5720236,
    "pt-BR": 1725060069.7002869,
    "ru": 1725060084.7869453,
    "tr": 1725060099.8870635
}