{
    "en-US": 1717525266.493493,
    "ar": 1717525282.4896386,
    "de": 1717525298.0572414,
    "es-ES": 1717525313.6458783,
    "es-MX": 1717525329.3373652,
    "fr": 1717525345.002395,
    "it": 1717525360.7066433,
    "ja": 1717525378.176428,
    "ko": 1717525396.1677387,
    "pl": 1717525411.8993213,
    "pt-BR": 1717525427.5642679,
    "ru": 1717525443.3159382,
    "tr": 1717525459.027446
}