{
    "en-US": 1724851328.7684312,
    "ar": 1724851343.8899436,
    "de": 1724851358.998561,
    "es-ES": 1724851374.0943878,
    "es-MX": 1724851389.2357543,
    "fr": 1724851404.3634295,
    "it": 1724851419.4901433,
    "ja": 1724851434.5866606,
    "ko": 1724851449.6871054,
    "pl": 1724851464.7968044,
    "pt-BR": 1724851479.9448535,
    "ru": 1724851495.0528607,
    "tr": 1724851510.1849856
}