{
    "en-US": 1718482693.376115,
    "ar": 1718482709.1987782,
    "de": 1718482724.9017732,
    "es-ES": 1718482740.0344005,
    "es-MX": 1718482755.1773376,
    "fr": 1718482770.2724597,
    "it": 1718482785.4073024,
    "ja": 1718482800.52148,
    "ko": 1718482815.6606154,
    "pl": 1718482830.77792,
    "pt-BR": 1718482845.8963394,
    "ru": 1718482861.0007112,
    "tr": 1718482876.12582
}