{
    "en-US": 1718975992.0089047,
    "ar": 1718976007.169008,
    "de": 1718976022.369486,
    "es-ES": 1718976037.4749804,
    "es-MX": 1718976052.591917,
    "fr": 1718976067.7247274,
    "it": 1718976082.8969164,
    "ja": 1718976098.0149376,
    "ko": 1718976113.1361246,
    "pl": 1718976128.244289,
    "pt-BR": 1718976143.3758366,
    "ru": 1718976158.507696,
    "tr": 1718976173.6491036
}