{
    "en-US": 1717471168.8685663,
    "ar": 1717471184.788007,
    "de": 1717471199.9485557,
    "es-ES": 1717471215.6109033,
    "es-MX": 1717471230.9958417,
    "fr": 1717471246.3574483,
    "it": 1717471261.8282344,
    "ja": 1717471279.4979365,
    "ko": 1717471296.5072374,
    "pl": 1717471311.6604495,
    "pt-BR": 1717471327.1584356,
    "ru": 1717471342.621724,
    "tr": 1717471358.0422037
}