{
    "en-US": 1724321969.5430079,
    "ar": 1724321984.7310948,
    "de": 1724321999.920333,
    "es-ES": 1724322015.0955317,
    "es-MX": 1724322030.2659898,
    "fr": 1724322045.443776,
    "it": 1724322060.6600676,
    "ja": 1724322075.8447447,
    "ko": 1724322091.0230334,
    "pl": 1724322106.2171435,
    "pt-BR": 1724322121.4076133,
    "ru": 1724322136.5817893,
    "tr": 1724322151.7818146
}