{
    "en-US": 1719321548.5899277,
    "ar": 1719321563.7674751,
    "de": 1719321578.9443228,
    "es-ES": 1719321594.116057,
    "es-MX": 1719321609.3156745,
    "fr": 1719321624.4882097,
    "it": 1719321639.6698585,
    "ja": 1719321654.841287,
    "ko": 1719321670.0198445,
    "pl": 1719321685.19426,
    "pt-BR": 1719321700.4002054,
    "ru": 1719321715.5793843,
    "tr": 1719321730.7535899
}