{
    "en-US": 1723972757.1057785,
    "ar": 1723972772.213638,
    "de": 1723972787.3227835,
    "es-ES": 1723972802.4070792,
    "es-MX": 1723972817.5386245,
    "fr": 1723972832.6250892,
    "it": 1723972847.7205102,
    "ja": 1723972862.8052912,
    "ko": 1723972877.9010012,
    "pl": 1723972893.0011163,
    "pt-BR": 1723972908.1147184,
    "ru": 1723972923.2111673,
    "tr": 1723972938.299294
}