{
    "en-US": 1725804964.3010023,
    "ar": 1725804979.4831355,
    "de": 1725804994.6627972,
    "es-ES": 1725805009.8589494,
    "es-MX": 1725805025.0558355,
    "fr": 1725805040.2206123,
    "it": 1725805055.3894734,
    "ja": 1725805070.5814247,
    "ko": 1725805085.7574406,
    "pl": 1725805100.9304242,
    "pt-BR": 1725805116.1250484,
    "ru": 1725805131.2933228,
    "tr": 1725805146.4641564
}