{
    "en-US": 1716369527.8665602,
    "ar": 1716369543.6827915,
    "de": 1716369559.0517905,
    "es-ES": 1716369574.415374,
    "es-MX": 1716369589.843916,
    "fr": 1716369605.5430942,
    "it": 1716369620.9403243,
    "ja": 1716369639.479409,
    "ko": 1716369656.437318,
    "pl": 1716369671.8188295,
    "pt-BR": 1716369687.225395,
    "ru": 1716369702.705863,
    "tr": 1716369718.1714203
}