{
    "en-US": 1713712496.6561685,
    "ar": 1713712513.153125,
    "de": 1713712528.5127394,
    "es-ES": 1713712543.8576279,
    "es-MX": 1713712559.2669249,
    "fr": 1713712574.679675,
    "it": 1713712590.0789099,
    "ja": 1713712607.4805503,
    "ko": 1713712624.4902773,
    "pl": 1713712639.9784656,
    "pt-BR": 1713712655.5552847,
    "ru": 1713712671.0784094,
    "tr": 1713712686.5440524
}