{
    "en-US": 1721456617.0965168,
    "ar": 1721456632.1941159,
    "de": 1721456647.2878132,
    "es-ES": 1721456662.3848543,
    "es-MX": 1721456677.48685,
    "fr": 1721456692.5904312,
    "it": 1721456707.6843574,
    "ja": 1721456722.7773368,
    "ko": 1721456737.8590019,
    "pl": 1721456752.9450617,
    "pt-BR": 1721456768.045609,
    "ru": 1721456783.1520321,
    "tr": 1721456798.2461448
}