{
    "en-US": 1721437747.9397464,
    "ar": 1721437763.1010444,
    "de": 1721437778.263134,
    "es-ES": 1721437793.4226832,
    "es-MX": 1721437808.6001742,
    "fr": 1721437823.7570753,
    "it": 1721437838.9334908,
    "ja": 1721437854.0920577,
    "ko": 1721437869.2561584,
    "pl": 1721437884.423856,
    "pt-BR": 1721437899.620151,
    "ru": 1721437914.7748315,
    "tr": 1721437929.9347892
}