{
    "en-US": 1716685870.3043957,
    "ar": 1716685886.06444,
    "de": 1716685901.6653721,
    "es-ES": 1716685917.2646215,
    "es-MX": 1716685933.0587213,
    "fr": 1716685948.5376568,
    "it": 1716685964.5552266,
    "ja": 1716685982.9130096,
    "ko": 1716686000.4907706,
    "pl": 1716686016.2236884,
    "pt-BR": 1716686031.9742227,
    "ru": 1716686047.7383232,
    "tr": 1716686063.7014155
}