{
    "en-US": 1723209683.3316405,
    "ar": 1723209698.4454346,
    "de": 1723209713.556221,
    "es-ES": 1723209728.6558928,
    "es-MX": 1723209743.7846668,
    "fr": 1723209758.8963573,
    "it": 1723209774.0086534,
    "ja": 1723209789.1040292,
    "ko": 1723209804.206833,
    "pl": 1723209819.3134363,
    "pt-BR": 1723209834.4801116,
    "ru": 1723209849.5717807,
    "tr": 1723209864.685057
}