{
    "en-US": 1723353347.6235526,
    "ar": 1723353362.732382,
    "de": 1723353377.8269966,
    "es-ES": 1723353392.9171858,
    "es-MX": 1723353408.0246487,
    "fr": 1723353423.1110718,
    "it": 1723353438.2309587,
    "ja": 1723353453.3224263,
    "ko": 1723353468.4097335,
    "pl": 1723353483.4907348,
    "pt-BR": 1723353498.5889814,
    "ru": 1723353513.6862333,
    "tr": 1723353528.7970693
}