{
    "en-US": 1725085348.2550635,
    "ar": 1725085363.4266307,
    "de": 1725085378.5946035,
    "es-ES": 1725085393.755754,
    "es-MX": 1725085408.9374497,
    "fr": 1725085424.092138,
    "it": 1725085439.2640717,
    "ja": 1725085454.4409454,
    "ko": 1725085469.5967894,
    "pl": 1725085484.7520819,
    "pt-BR": 1725085499.9343214,
    "ru": 1725085515.094231,
    "tr": 1725085530.2696602
}