{
    "en-US": 1721308815.1058931,
    "ar": 1721308830.2656507,
    "de": 1721308845.4296198,
    "es-ES": 1721308860.5920744,
    "es-MX": 1721308875.766095,
    "fr": 1721308890.9559343,
    "it": 1721308906.151247,
    "ja": 1721308921.309098,
    "ko": 1721308936.470445,
    "pl": 1721308951.6275713,
    "pt-BR": 1721308966.8041928,
    "ru": 1721308981.9680223,
    "tr": 1721308997.132124
}