{
    "en-US": 1715746768.6643045,
    "ar": 1715746784.4107227,
    "de": 1715746799.913693,
    "es-ES": 1715746815.4236207,
    "es-MX": 1715746830.9667037,
    "fr": 1715746846.7806284,
    "it": 1715746862.325432,
    "ja": 1715746878.3769774,
    "ko": 1715746894.3636098,
    "pl": 1715746909.8920224,
    "pt-BR": 1715746925.477915,
    "ru": 1715746941.3137486,
    "tr": 1715746956.871286
}