{
    "en-US": 1724214063.4553244,
    "ar": 1724214078.5554223,
    "de": 1724214093.663339,
    "es-ES": 1724214108.772178,
    "es-MX": 1724214123.9116209,
    "fr": 1724214138.999535,
    "it": 1724214154.103486,
    "ja": 1724214169.1932352,
    "ko": 1724214184.2935364,
    "pl": 1724214199.4104226,
    "pt-BR": 1724214214.5273678,
    "ru": 1724214229.613434,
    "tr": 1724214244.7126777
}