{
    "en-US": 1721060450.742509,
    "ar": 1721060465.8602037,
    "de": 1721060480.9771292,
    "es-ES": 1721060496.0768805,
    "es-MX": 1721060511.221648,
    "fr": 1721060526.33967,
    "it": 1721060541.503887,
    "ja": 1721060556.6135745,
    "ko": 1721060571.7477372,
    "pl": 1721060586.870318,
    "pt-BR": 1721060601.9980974,
    "ru": 1721060617.1094556,
    "tr": 1721060632.3299725
}