{
    "en-US": 1724962716.0488744,
    "ar": 1724962731.2504466,
    "de": 1724962746.4653912,
    "es-ES": 1724962761.6582396,
    "es-MX": 1724962776.9020073,
    "fr": 1724962792.093606,
    "it": 1724962807.2933435,
    "ja": 1724962822.4856246,
    "ko": 1724962837.67606,
    "pl": 1724962852.87174,
    "pt-BR": 1724962868.093989,
    "ru": 1724962883.302194,
    "tr": 1724962898.4989004
}