{
    "en-US": 1714083274.0746124,
    "ar": 1714083289.936011,
    "de": 1714083305.4734273,
    "es-ES": 1714083320.8154938,
    "es-MX": 1714083336.2869368,
    "fr": 1714083351.771393,
    "it": 1714083367.196048,
    "ja": 1714083385.6376727,
    "ko": 1714083402.934416,
    "pl": 1714083418.3591216,
    "pt-BR": 1714083433.9408157,
    "ru": 1714083449.3959076,
    "tr": 1714083464.8888128
}