{
    "en-US": 1722331088.4174643,
    "ar": 1722331103.5187433,
    "de": 1722331118.6178875,
    "es-ES": 1722331133.7346294,
    "es-MX": 1722331148.8415618,
    "fr": 1722331163.9245996,
    "it": 1722331179.0510561,
    "ja": 1722331194.1407475,
    "ko": 1722331209.234634,
    "pl": 1722331224.3256967,
    "pt-BR": 1722331239.43353,
    "ru": 1722331254.5306768,
    "tr": 1722331269.635953
}