{
    "en-US": 1720581575.9145992,
    "ar": 1720581591.0687263,
    "de": 1720581606.229701,
    "es-ES": 1720581621.3682554,
    "es-MX": 1720581636.5389304,
    "fr": 1720581651.6689556,
    "it": 1720581666.813524,
    "ja": 1720581681.9419913,
    "ko": 1720581697.0778294,
    "pl": 1720581712.2105355,
    "pt-BR": 1720581727.4028819,
    "ru": 1720581742.5419586,
    "tr": 1720581757.6743155
}