{
    "en-US": 1722086228.0920324,
    "ar": 1722086243.2841861,
    "de": 1722086258.4519765,
    "es-ES": 1722086273.674044,
    "es-MX": 1722086288.8398924,
    "fr": 1722086304.0009496,
    "it": 1722086319.1793542,
    "ja": 1722086334.3381696,
    "ko": 1722086349.501267,
    "pl": 1722086364.6596208,
    "pt-BR": 1722086379.8247995,
    "ru": 1722086394.983678,
    "tr": 1722086410.1617653
}