{
    "en-US": 1722057385.206413,
    "ar": 1722057400.2967486,
    "de": 1722057415.413273,
    "es-ES": 1722057430.5049336,
    "es-MX": 1722057445.6184185,
    "fr": 1722057460.6994715,
    "it": 1722057475.7938664,
    "ja": 1722057490.876228,
    "ko": 1722057505.988987,
    "pl": 1722057521.0850608,
    "pt-BR": 1722057536.184162,
    "ru": 1722057551.2683213,
    "tr": 1722057566.3580973
}