{
    "en-US": 1720890826.6145384,
    "ar": 1720890841.7280052,
    "de": 1720890856.8265154,
    "es-ES": 1720890871.944707,
    "es-MX": 1720890887.0477853,
    "fr": 1720890902.1438558,
    "it": 1720890917.2550557,
    "ja": 1720890932.3584878,
    "ko": 1720890947.8468397,
    "pl": 1720890962.9481878,
    "pt-BR": 1720890978.0460045,
    "ru": 1720890993.1549962,
    "tr": 1720891008.2598448
}