{
    "en-US": 1720102529.636241,
    "ar": 1720102544.7964263,
    "de": 1720102559.9931147,
    "es-ES": 1720102575.1464725,
    "es-MX": 1720102590.3336732,
    "fr": 1720102605.49424,
    "it": 1720102620.656425,
    "ja": 1720102635.8099358,
    "ko": 1720102650.9807322,
    "pl": 1720102666.1352682,
    "pt-BR": 1720102681.32591,
    "ru": 1720102696.4786193,
    "tr": 1720102711.6523345
}