{
    "en-US": 1719119735.9391494,
    "ar": 1719119751.145608,
    "de": 1719119766.3431923,
    "es-ES": 1719119781.5100002,
    "es-MX": 1719119796.6918259,
    "fr": 1719119811.857095,
    "it": 1719119827.0623956,
    "ja": 1719119842.2280192,
    "ko": 1719119857.4029891,
    "pl": 1719119872.5694907,
    "pt-BR": 1719119887.7463284,
    "ru": 1719119902.921299,
    "tr": 1719119918.1335762
}