{
    "en-US": 1718886576.431526,
    "ar": 1718886591.6414664,
    "de": 1718886606.8431554,
    "es-ES": 1718886622.0110688,
    "es-MX": 1718886637.1777513,
    "fr": 1718886652.3447475,
    "it": 1718886667.5441113,
    "ja": 1718886682.7217572,
    "ko": 1718886697.9147391,
    "pl": 1718886713.0820863,
    "pt-BR": 1718886728.2650049,
    "ru": 1718886743.433271,
    "tr": 1718886758.6272922
}