{
    "en-US": 1717698040.349073,
    "ar": 1717698056.347848,
    "de": 1717698072.43708,
    "es-ES": 1717698088.203103,
    "es-MX": 1717698103.4144042,
    "fr": 1717698118.6034377,
    "it": 1717698133.7978077,
    "ja": 1717698148.985497,
    "ko": 1717698164.1796823,
    "pl": 1717698179.400561,
    "pt-BR": 1717698194.611577,
    "ru": 1717698209.791099,
    "tr": 1717698225.0001354
}