{
    "en-US": 1720563425.080618,
    "ar": 1720563440.2474043,
    "de": 1720563455.4266915,
    "es-ES": 1720563470.5882077,
    "es-MX": 1720563485.7622461,
    "fr": 1720563500.9123852,
    "it": 1720563516.115922,
    "ja": 1720563531.2705696,
    "ko": 1720563546.4455507,
    "pl": 1720563561.601559,
    "pt-BR": 1720563576.7712798,
    "ru": 1720563591.9512894,
    "tr": 1720563607.1422186
}