{
    "en-US": 1722136695.894043,
    "ar": 1722136711.058817,
    "de": 1722136726.219494,
    "es-ES": 1722136741.375787,
    "es-MX": 1722136756.5484989,
    "fr": 1722136771.696705,
    "it": 1722136786.8601978,
    "ja": 1722136802.025514,
    "ko": 1722136817.1905663,
    "pl": 1722136832.3372154,
    "pt-BR": 1722136847.5215158,
    "ru": 1722136862.6811678,
    "tr": 1722136877.845473
}