{
    "en-US": 1717665516.5938482,
    "ar": 1717665532.5340571,
    "de": 1717665548.268821,
    "es-ES": 1717665564.0375369,
    "es-MX": 1717665579.238894,
    "fr": 1717665594.4236155,
    "it": 1717665609.6021407,
    "ja": 1717665624.7821424,
    "ko": 1717665639.9500015,
    "pl": 1717665655.1414137,
    "pt-BR": 1717665670.3295188,
    "ru": 1717665685.5057445,
    "tr": 1717665700.6941357
}