{
    "en-US": 1719390060.349857,
    "ar": 1719390075.5293014,
    "de": 1719390090.722496,
    "es-ES": 1719390105.8929956,
    "es-MX": 1719390121.0989056,
    "fr": 1719390136.2793195,
    "it": 1719390151.4660199,
    "ja": 1719390166.6335342,
    "ko": 1719390181.8101947,
    "pl": 1719390196.981735,
    "pt-BR": 1719390212.1884823,
    "ru": 1719390227.3636851,
    "tr": 1719390242.5360634
}