{
    "en-US": 1713774052.7819815,
    "ar": 1713774068.7317016,
    "de": 1713774084.0590882,
    "es-ES": 1713774099.3944442,
    "es-MX": 1713774114.8639817,
    "fr": 1713774130.268717,
    "it": 1713774145.6632981,
    "ja": 1713774163.642879,
    "ko": 1713774180.3505561,
    "pl": 1713774195.7925289,
    "pt-BR": 1713774211.1989648,
    "ru": 1713774226.7635047,
    "tr": 1713774242.2184744
}