{
    "en-US": 1716657369.1108043,
    "ar": 1716657385.0276842,
    "de": 1716657400.4607112,
    "es-ES": 1716657415.8608835,
    "es-MX": 1716657431.41672,
    "fr": 1716657446.9762306,
    "it": 1716657462.755164,
    "ja": 1716657480.143192,
    "ko": 1716657496.9572039,
    "pl": 1716657512.5303836,
    "pt-BR": 1716657528.0866468,
    "ru": 1716657543.6753552,
    "tr": 1716657559.2530081
}