{
    "en-US": 1713723547.7865748,
    "ar": 1713723563.9434595,
    "de": 1713723579.4477873,
    "es-ES": 1713723594.9344928,
    "es-MX": 1713723610.6803591,
    "fr": 1713723626.45193,
    "it": 1713723642.012648,
    "ja": 1713723659.3465989,
    "ko": 1713723676.06859,
    "pl": 1713723691.8474343,
    "pt-BR": 1713723707.4147758,
    "ru": 1713723723.0452666,
    "tr": 1713723738.628883
}