{
    "en-US": 1722993124.990338,
    "ar": 1722993140.154102,
    "de": 1722993155.3382826,
    "es-ES": 1722993170.504366,
    "es-MX": 1722993185.6990242,
    "fr": 1722993200.855169,
    "it": 1722993216.0294437,
    "ja": 1722993231.1946099,
    "ko": 1722993246.3612328,
    "pl": 1722993261.520032,
    "pt-BR": 1722993276.7263327,
    "ru": 1722993291.9014769,
    "tr": 1722993307.0641718
}