{
    "en-US": 1721535548.549004,
    "ar": 1721535564.645374,
    "de": 1721535579.7601078,
    "es-ES": 1721535594.860989,
    "es-MX": 1721535609.9721115,
    "fr": 1721535625.0763295,
    "it": 1721535640.2361042,
    "ja": 1721535655.3477993,
    "ko": 1721535670.4547791,
    "pl": 1721535685.5419388,
    "pt-BR": 1721535700.6674562,
    "ru": 1721535715.7693732,
    "tr": 1721535732.3865452
}