{
    "en-US": 1719872176.9426093,
    "ar": 1719872192.1425836,
    "de": 1719872207.3220086,
    "es-ES": 1719872222.4951806,
    "es-MX": 1719872237.6850603,
    "fr": 1719872252.855024,
    "it": 1719872268.0441935,
    "ja": 1719872283.2353308,
    "ko": 1719872298.406398,
    "pl": 1719872313.5691397,
    "pt-BR": 1719872328.7549305,
    "ru": 1719872343.9331295,
    "tr": 1719872359.0999217
}