{
    "en-US": 1713781101.7116678,
    "ar": 1713781117.5450008,
    "de": 1713781132.8972404,
    "es-ES": 1713781148.4368837,
    "es-MX": 1713781163.9151626,
    "fr": 1713781179.3222463,
    "it": 1713781194.717754,
    "ja": 1713781212.2649093,
    "ko": 1713781229.1656015,
    "pl": 1713781244.6302147,
    "pt-BR": 1713781260.041772,
    "ru": 1713781275.5056853,
    "tr": 1713781291.1146734
}