{
    "en-US": 1725193874.1810572,
    "ar": 1725193889.2833004,
    "de": 1725193904.3976276,
    "es-ES": 1725193919.4959283,
    "es-MX": 1725193934.6117797,
    "fr": 1725193949.7052724,
    "it": 1725193964.818723,
    "ja": 1725193979.9035945,
    "ko": 1725193994.9869754,
    "pl": 1725194010.0765953,
    "pt-BR": 1725194025.1961448,
    "ru": 1725194040.2916827,
    "tr": 1725194055.3894022
}