{
    "en-US": 1716599087.785695,
    "ar": 1716599103.9111557,
    "de": 1716599119.939182,
    "es-ES": 1716599135.4792821,
    "es-MX": 1716599151.0216997,
    "fr": 1716599167.2015343,
    "it": 1716599183.1304228,
    "ja": 1716599200.3088412,
    "ko": 1716599217.340304,
    "pl": 1716599233.3077016,
    "pt-BR": 1716599249.1903598,
    "ru": 1716599264.858723,
    "tr": 1716599280.8124897
}