{
    "en-US": 1718598032.1457715,
    "ar": 1718598048.2182403,
    "de": 1718598064.087418,
    "es-ES": 1718598079.2740946,
    "es-MX": 1718598094.45062,
    "fr": 1718598109.6128316,
    "it": 1718598124.8130872,
    "ja": 1718598139.9821281,
    "ko": 1718598155.1764102,
    "pl": 1718598170.3427358,
    "pt-BR": 1718598185.5169654,
    "ru": 1718598200.6803527,
    "tr": 1718598215.854489
}