{
    "en-US": 1717604477.329542,
    "ar": 1717604493.3020172,
    "de": 1717604509.086333,
    "es-ES": 1717604524.9644682,
    "es-MX": 1717604540.1787617,
    "fr": 1717604555.3626256,
    "it": 1717604570.5591404,
    "ja": 1717604585.7283578,
    "ko": 1717604600.9392686,
    "pl": 1717604616.131312,
    "pt-BR": 1717604631.3194804,
    "ru": 1717604646.492672,
    "tr": 1717604661.6984942
}