{
    "en-US": 1718853507.3883104,
    "ar": 1718853523.558415,
    "de": 1718853539.3195062,
    "es-ES": 1718853554.4526503,
    "es-MX": 1718853569.5933533,
    "fr": 1718853584.696928,
    "it": 1718853599.8485706,
    "ja": 1718853614.9652343,
    "ko": 1718853630.0783832,
    "pl": 1718853645.186895,
    "pt-BR": 1718853660.3090563,
    "ru": 1718853675.411154,
    "tr": 1718853690.561507
}