{
    "en-US": 1722068322.4546385,
    "ar": 1722068337.6233835,
    "de": 1722068352.795649,
    "es-ES": 1722068367.9590518,
    "es-MX": 1722068383.1292293,
    "fr": 1722068398.2861595,
    "it": 1722068413.4531102,
    "ja": 1722068428.6080601,
    "ko": 1722068443.7701275,
    "pl": 1722068458.9281244,
    "pt-BR": 1722068474.1240728,
    "ru": 1722068489.2833939,
    "tr": 1722068504.4555159
}