{
    "en-US": 1722442833.2237542,
    "ar": 1722442848.405111,
    "de": 1722442863.586946,
    "es-ES": 1722442878.7504191,
    "es-MX": 1722442893.9326737,
    "fr": 1722442909.1076381,
    "it": 1722442924.285531,
    "ja": 1722442939.4594715,
    "ko": 1722442954.62474,
    "pl": 1722442969.78463,
    "pt-BR": 1722442984.9638515,
    "ru": 1722443000.1285121,
    "tr": 1722443015.3055117
}