{
    "en-US": 1716358934.6101954,
    "ar": 1716358950.4872742,
    "de": 1716358965.835056,
    "es-ES": 1716358981.165197,
    "es-MX": 1716358996.5616348,
    "fr": 1716359012.2235544,
    "it": 1716359027.628753,
    "ja": 1716359045.2416785,
    "ko": 1716359062.4286866,
    "pl": 1716359077.8332357,
    "pt-BR": 1716359093.2213194,
    "ru": 1716359108.668722,
    "tr": 1716359124.0978231
}