{
    "en-US": 1717478401.135969,
    "ar": 1717478416.9675376,
    "de": 1717478432.340443,
    "es-ES": 1717478447.6892378,
    "es-MX": 1717478463.1718917,
    "fr": 1717478478.8397448,
    "it": 1717478494.320743,
    "ja": 1717478512.0384395,
    "ko": 1717478528.7385955,
    "pl": 1717478544.2122881,
    "pt-BR": 1717478559.691553,
    "ru": 1717478575.4956305,
    "tr": 1717478591.0066397
}