{
    "en-US": 1719094476.2175376,
    "ar": 1719094491.416451,
    "de": 1719094506.6169841,
    "es-ES": 1719094521.7885551,
    "es-MX": 1719094536.9751947,
    "fr": 1719094552.1445725,
    "it": 1719094567.3489463,
    "ja": 1719094582.5277398,
    "ko": 1719094597.6987119,
    "pl": 1719094612.8667889,
    "pt-BR": 1719094628.039749,
    "ru": 1719094643.2146816,
    "tr": 1719094658.396917
}