{
    "en-US": 1721751778.643341,
    "ar": 1721751795.1334274,
    "de": 1721751810.3601537,
    "es-ES": 1721751825.5311685,
    "es-MX": 1721751840.6971729,
    "fr": 1721751855.87927,
    "it": 1721751871.0725112,
    "ja": 1721751886.2457576,
    "ko": 1721751901.4396317,
    "pl": 1721751916.6049788,
    "pt-BR": 1721751931.7861516,
    "ru": 1721751946.9767895,
    "tr": 1721751962.1692967
}