{
    "en-US": 1722402922.8093667,
    "ar": 1722402937.9202118,
    "de": 1722402953.016647,
    "es-ES": 1722402968.1118603,
    "es-MX": 1722402983.2250514,
    "fr": 1722402998.3545623,
    "it": 1722403013.4681077,
    "ja": 1722403028.5636747,
    "ko": 1722403043.6613834,
    "pl": 1722403058.7556803,
    "pt-BR": 1722403073.8808248,
    "ru": 1722403088.9738476,
    "tr": 1722403104.0874453
}