{
    "en-US": 1717226059.8582306,
    "ar": 1717226075.5457013,
    "de": 1717226090.9818497,
    "es-ES": 1717226106.4075303,
    "es-MX": 1717226121.9345577,
    "fr": 1717226137.6823823,
    "it": 1717226153.2499504,
    "ja": 1717226169.3347957,
    "ko": 1717226185.2480204,
    "pl": 1717226200.7713184,
    "pt-BR": 1717226216.519972,
    "ru": 1717226232.0780802,
    "tr": 1717226247.6296027
}