{
    "en-US": 1713752794.4901016,
    "ar": 1713752810.5858653,
    "de": 1713752826.0589328,
    "es-ES": 1713752841.5856323,
    "es-MX": 1713752857.1279027,
    "fr": 1713752872.6703515,
    "it": 1713752888.220366,
    "ja": 1713752905.6602743,
    "ko": 1713752922.6390538,
    "pl": 1713752938.2689385,
    "pt-BR": 1713752953.8092682,
    "ru": 1713752969.6382341,
    "tr": 1713752985.2280366
}