{
    "en-US": 1721097359.1272843,
    "ar": 1721097374.3067796,
    "de": 1721097389.4699442,
    "es-ES": 1721097404.6253362,
    "es-MX": 1721097419.8184502,
    "fr": 1721097434.9689934,
    "it": 1721097450.1328485,
    "ja": 1721097465.2871087,
    "ko": 1721097480.452257,
    "pl": 1721097495.6099007,
    "pt-BR": 1721097510.7963736,
    "ru": 1721097525.954634,
    "tr": 1721097541.1435962
}