{
    "en-US": 1721312193.1204648,
    "ar": 1721312208.2329414,
    "de": 1721312223.3749022,
    "es-ES": 1721312238.4780843,
    "es-MX": 1721312253.6061733,
    "fr": 1721312268.7400737,
    "it": 1721312283.8724144,
    "ja": 1721312298.972454,
    "ko": 1721312314.0850432,
    "pl": 1721312329.1953092,
    "pt-BR": 1721312344.3245127,
    "ru": 1721312359.4688263,
    "tr": 1721312374.5821385
}