{
    "en-US": 1719023404.640939,
    "ar": 1719023419.7930026,
    "de": 1719023434.969881,
    "es-ES": 1719023450.0712395,
    "es-MX": 1719023465.190322,
    "fr": 1719023480.292331,
    "it": 1719023495.4325707,
    "ja": 1719023510.5354927,
    "ko": 1719023525.6465394,
    "pl": 1719023540.7506793,
    "pt-BR": 1719023555.873962,
    "ru": 1719023570.978896,
    "tr": 1719023586.115183
}