{
    "en-US": 1713925472.8621683,
    "ar": 1713925488.8508234,
    "de": 1713925504.2646213,
    "es-ES": 1713925519.6554573,
    "es-MX": 1713925535.1055105,
    "fr": 1713925550.5589023,
    "it": 1713925566.0204728,
    "ja": 1713925582.3848896,
    "ko": 1713925598.2535326,
    "pl": 1713925613.72773,
    "pt-BR": 1713925629.1725905,
    "ru": 1713925644.653985,
    "tr": 1713925660.111098
}