{
    "en-US": 1719536898.2346628,
    "ar": 1719536913.4111493,
    "de": 1719536928.5988388,
    "es-ES": 1719536943.7632449,
    "es-MX": 1719536958.9571033,
    "fr": 1719536974.1205401,
    "it": 1719536989.307736,
    "ja": 1719537004.490038,
    "ko": 1719537019.6579468,
    "pl": 1719537034.819463,
    "pt-BR": 1719537050.013079,
    "ru": 1719537065.1856506,
    "tr": 1719537080.3553646
}