{
    "en-US": 1720819038.4829755,
    "ar": 1720819053.594541,
    "de": 1720819068.704345,
    "es-ES": 1720819083.8063316,
    "es-MX": 1720819098.9208236,
    "fr": 1720819114.0514445,
    "it": 1720819129.1888137,
    "ja": 1720819144.2805405,
    "ko": 1720819159.3895855,
    "pl": 1720819174.4937642,
    "pt-BR": 1720819189.6178987,
    "ru": 1720819204.7355082,
    "tr": 1720819219.8667798
}