{
    "en-US": 1713889135.8536184,
    "ar": 1713889151.628178,
    "de": 1713889167.0730429,
    "es-ES": 1713889182.506686,
    "es-MX": 1713889197.948588,
    "fr": 1713889213.3877501,
    "it": 1713889228.8590667,
    "ja": 1713889245.013865,
    "ko": 1713889260.991172,
    "pl": 1713889276.638711,
    "pt-BR": 1713889292.077943,
    "ru": 1713889307.5585873,
    "tr": 1713889323.0277684
}