{
    "en-US": 1721859374.1684234,
    "ar": 1721859389.3501194,
    "de": 1721859404.523765,
    "es-ES": 1721859419.6773944,
    "es-MX": 1721859434.853062,
    "fr": 1721859450.0055168,
    "it": 1721859465.198982,
    "ja": 1721859480.3565993,
    "ko": 1721859495.5230696,
    "pl": 1721859510.6860702,
    "pt-BR": 1721859525.850501,
    "ru": 1721859541.0086331,
    "tr": 1721859556.1918488
}