{
    "en-US": 1725539635.242355,
    "ar": 1725539650.4196534,
    "de": 1725539665.5940087,
    "es-ES": 1725539680.7576544,
    "es-MX": 1725539695.9545596,
    "fr": 1725539711.1128123,
    "it": 1725539726.2938137,
    "ja": 1725539741.4621644,
    "ko": 1725539756.6276608,
    "pl": 1725539771.7877038,
    "pt-BR": 1725539786.9759731,
    "ru": 1725539802.1399965,
    "tr": 1725539817.3022323
}