{
    "en-US": 1724188659.0425177,
    "ar": 1724188674.214965,
    "de": 1724188689.4050176,
    "es-ES": 1724188704.5713835,
    "es-MX": 1724188719.7543201,
    "fr": 1724188734.9168155,
    "it": 1724188750.1166627,
    "ja": 1724188765.272278,
    "ko": 1724188780.4370377,
    "pl": 1724188795.5991187,
    "pt-BR": 1724188810.7751014,
    "ru": 1724188825.9529321,
    "tr": 1724188841.1333902
}