{
    "en-US": 1723929302.2427542,
    "ar": 1723929317.4497616,
    "de": 1723929332.6269004,
    "es-ES": 1723929347.7813523,
    "es-MX": 1723929362.9537609,
    "fr": 1723929378.1998436,
    "it": 1723929393.3920565,
    "ja": 1723929408.5570424,
    "ko": 1723929423.715997,
    "pl": 1723929438.8715587,
    "pt-BR": 1723929454.0371158,
    "ru": 1723929469.2062519,
    "tr": 1723929484.3752024
}