{
    "en-US": 1721737904.0914905,
    "ar": 1721737919.2022643,
    "de": 1721737934.3101683,
    "es-ES": 1721737949.4030805,
    "es-MX": 1721737964.5267873,
    "fr": 1721737979.6699312,
    "it": 1721737994.7815454,
    "ja": 1721738009.872026,
    "ko": 1721738024.9769676,
    "pl": 1721738040.0669003,
    "pt-BR": 1721738055.176595,
    "ru": 1721738070.2841098,
    "tr": 1721738085.3904314
}