{
    "en-US": 1716106728.7987893,
    "ar": 1716106744.9000247,
    "de": 1716106760.2585666,
    "es-ES": 1716106775.596906,
    "es-MX": 1716106790.982315,
    "fr": 1716106806.3673296,
    "it": 1716106821.7504737,
    "ja": 1716106839.3796196,
    "ko": 1716106855.9298062,
    "pl": 1716106871.3276203,
    "pt-BR": 1716106886.7180562,
    "ru": 1716106902.4568608,
    "tr": 1716106917.9090583
}