{
    "en-US": 1723090950.2121222,
    "ar": 1723090965.3237784,
    "de": 1723090980.4364817,
    "es-ES": 1723090995.538184,
    "es-MX": 1723091010.6532493,
    "fr": 1723091025.7699623,
    "it": 1723091040.8888686,
    "ja": 1723091055.9929593,
    "ko": 1723091071.0937603,
    "pl": 1723091086.188307,
    "pt-BR": 1723091101.297882,
    "ru": 1723091116.4120548,
    "tr": 1723091131.5152292
}