{
    "en-US": 1715907970.338719,
    "ar": 1715907986.5697827,
    "de": 1715908002.3389194,
    "es-ES": 1715908018.0424917,
    "es-MX": 1715908033.9264138,
    "fr": 1715908049.8359582,
    "it": 1715908065.664946,
    "ja": 1715908083.6212628,
    "ko": 1715908100.477254,
    "pl": 1715908116.2625902,
    "pt-BR": 1715908132.0940726,
    "ru": 1715908147.7698245,
    "tr": 1715908163.67887
}