{
    "en-US": 1725315436.8629842,
    "ar": 1725315451.9607034,
    "de": 1725315467.0806112,
    "es-ES": 1725315482.1687953,
    "es-MX": 1725315497.2768064,
    "fr": 1725315512.3888652,
    "it": 1725315527.4931915,
    "ja": 1725315542.6029418,
    "ko": 1725315557.6944523,
    "pl": 1725315572.7788644,
    "pt-BR": 1725315587.8867552,
    "ru": 1725315603.003827,
    "tr": 1725315618.1160343
}