{
    "en-US": 1724602782.163135,
    "ar": 1724602797.2755446,
    "de": 1724602812.4358978,
    "es-ES": 1724602827.5361228,
    "es-MX": 1724602842.6601076,
    "fr": 1724602857.7792902,
    "it": 1724602872.888638,
    "ja": 1724602888.0562623,
    "ko": 1724602903.164858,
    "pl": 1724602918.263373,
    "pt-BR": 1724602933.3739889,
    "ru": 1724602948.5182533,
    "tr": 1724602963.6194012
}