{
    "en-US": 1719968946.7537336,
    "ar": 1719968961.867888,
    "de": 1719968977.0012608,
    "es-ES": 1719968992.1073444,
    "es-MX": 1719969007.2441084,
    "fr": 1719969022.3685102,
    "it": 1719969037.4944918,
    "ja": 1719969052.6004577,
    "ko": 1719969067.721039,
    "pl": 1719969082.827412,
    "pt-BR": 1719969097.9706886,
    "ru": 1719969113.0829637,
    "tr": 1719969128.2004044
}