{
    "en-US": 1724015680.760191,
    "ar": 1724015695.9263134,
    "de": 1724015711.1071203,
    "es-ES": 1724015726.274881,
    "es-MX": 1724015741.456893,
    "fr": 1724015756.6121876,
    "it": 1724015771.787402,
    "ja": 1724015786.9490323,
    "ko": 1724015802.1110618,
    "pl": 1724015817.270843,
    "pt-BR": 1724015832.4605174,
    "ru": 1724015847.6272755,
    "tr": 1724015862.8070443
}