{
    "en-US": 1718219711.2298605,
    "ar": 1718219727.162888,
    "de": 1718219742.883396,
    "es-ES": 1718219758.0123131,
    "es-MX": 1718219773.1527414,
    "fr": 1718219788.2624507,
    "it": 1718219803.3822353,
    "ja": 1718219818.4880397,
    "ko": 1718219833.627594,
    "pl": 1718219848.73335,
    "pt-BR": 1718219863.8457832,
    "ru": 1718219878.9562862,
    "tr": 1718219894.0768878
}