{
    "en-US": 1716085864.6092386,
    "ar": 1716085880.768968,
    "de": 1716085896.4622734,
    "es-ES": 1716085912.1826794,
    "es-MX": 1716085927.914712,
    "fr": 1716085943.4103372,
    "it": 1716085959.2317207,
    "ja": 1716085976.9348235,
    "ko": 1716085993.9846659,
    "pl": 1716086009.5244884,
    "pt-BR": 1716086025.033212,
    "ru": 1716086040.5882137,
    "tr": 1716086056.3283875
}