{
    "en-US": 1716920484.9484868,
    "ar": 1716920501.351294,
    "de": 1716920517.0196729,
    "es-ES": 1716920532.7592015,
    "es-MX": 1716920548.6229177,
    "fr": 1716920564.0846412,
    "it": 1716920579.585967,
    "ja": 1716920598.193124,
    "ko": 1716920616.0310524,
    "pl": 1716920631.8897195,
    "pt-BR": 1716920647.8316123,
    "ru": 1716920663.639628,
    "tr": 1716920679.7505367
}