{
    "en-US": 1723011791.631533,
    "ar": 1723011806.8029573,
    "de": 1723011821.9808588,
    "es-ES": 1723011837.1619093,
    "es-MX": 1723011852.3369846,
    "fr": 1723011867.4899502,
    "it": 1723011882.653911,
    "ja": 1723011897.8076618,
    "ko": 1723011912.9732814,
    "pl": 1723011928.128491,
    "pt-BR": 1723011943.3281012,
    "ru": 1723011958.5079951,
    "tr": 1723011973.6875892
}