{
    "en-US": 1720686052.7429206,
    "ar": 1720686067.8430877,
    "de": 1720686082.9531498,
    "es-ES": 1720686098.0511096,
    "es-MX": 1720686113.1573796,
    "fr": 1720686128.27178,
    "it": 1720686143.3907526,
    "ja": 1720686158.4835722,
    "ko": 1720686173.5813382,
    "pl": 1720686188.663865,
    "pt-BR": 1720686203.7743468,
    "ru": 1720686218.8750298,
    "tr": 1720686233.994522
}