{
    "en-US": 1714105047.4129598,
    "ar": 1714105063.1459274,
    "de": 1714105078.5541654,
    "es-ES": 1714105094.1320407,
    "es-MX": 1714105109.6148918,
    "fr": 1714105125.0722537,
    "it": 1714105140.5447452,
    "ja": 1714105156.7374923,
    "ko": 1714105172.733263,
    "pl": 1714105188.2173948,
    "pt-BR": 1714105203.688828,
    "ru": 1714105219.2011485,
    "tr": 1714105234.700796
}