{
    "en-US": 1720665340.497626,
    "ar": 1720665355.6687355,
    "de": 1720665370.8548958,
    "es-ES": 1720665386.0107076,
    "es-MX": 1720665401.200637,
    "fr": 1720665416.3651574,
    "it": 1720665431.5407386,
    "ja": 1720665446.7082415,
    "ko": 1720665461.878988,
    "pl": 1720665477.0382946,
    "pt-BR": 1720665492.2304232,
    "ru": 1720665507.402766,
    "tr": 1720665522.5904167
}