{
    "en-US": 1725380557.0852666,
    "ar": 1725380572.269317,
    "de": 1725380587.4576468,
    "es-ES": 1725380602.6259382,
    "es-MX": 1725380617.8356407,
    "fr": 1725380633.0008638,
    "it": 1725380648.1888812,
    "ja": 1725380663.3592987,
    "ko": 1725380678.5650008,
    "pl": 1725380693.7244253,
    "pt-BR": 1725380708.9378102,
    "ru": 1725380724.1007032,
    "tr": 1725380739.2746067
}