{
    "en-US": 1716604055.9582403,
    "ar": 1716604071.8001153,
    "de": 1716604087.269813,
    "es-ES": 1716604102.772024,
    "es-MX": 1716604118.6079357,
    "fr": 1716604134.204646,
    "it": 1716604149.982377,
    "ja": 1716604166.124309,
    "ko": 1716604182.110159,
    "pl": 1716604197.974954,
    "pt-BR": 1716604213.6188915,
    "ru": 1716604229.2875514,
    "tr": 1716604244.8972013
}