{
    "en-US": 1725542581.9745672,
    "ar": 1725542597.135667,
    "de": 1725542612.3130815,
    "es-ES": 1725542627.4792993,
    "es-MX": 1725542642.6577663,
    "fr": 1725542657.8169637,
    "it": 1725542672.9885993,
    "ja": 1725542688.1538045,
    "ko": 1725542703.3164465,
    "pl": 1725542718.4743967,
    "pt-BR": 1725542733.6708736,
    "ru": 1725542748.8400397,
    "tr": 1725542764.012079
}