{
    "en-US": 1720372568.7545455,
    "ar": 1720372583.8680964,
    "de": 1720372598.9973679,
    "es-ES": 1720372614.1018984,
    "es-MX": 1720372629.2300832,
    "fr": 1720372644.3421316,
    "it": 1720372659.5025678,
    "ja": 1720372674.6035516,
    "ko": 1720372689.709174,
    "pl": 1720372704.8117232,
    "pt-BR": 1720372719.9265778,
    "ru": 1720372735.0279925,
    "tr": 1720372750.155261
}