{
    "en-US": 1724390219.8720903,
    "ar": 1724390234.9694402,
    "de": 1724390250.0655608,
    "es-ES": 1724390265.1456153,
    "es-MX": 1724390280.2594109,
    "fr": 1724390295.3436737,
    "it": 1724390310.4389822,
    "ja": 1724390325.523683,
    "ko": 1724390340.611127,
    "pl": 1724390355.6929836,
    "pt-BR": 1724390370.8047261,
    "ru": 1724390385.887438,
    "tr": 1724390401.0188513
}