{
    "en-US": 1716355032.2730834,
    "ar": 1716355048.0619261,
    "de": 1716355063.3943453,
    "es-ES": 1716355078.750737,
    "es-MX": 1716355094.1367092,
    "fr": 1716355109.5352306,
    "it": 1716355124.921921,
    "ja": 1716355144.1810064,
    "ko": 1716355160.9906576,
    "pl": 1716355176.376014,
    "pt-BR": 1716355191.7791839,
    "ru": 1716355207.2237773,
    "tr": 1716355222.6921384
}