{
    "en-US": 1713747913.6671243,
    "ar": 1713747929.8676667,
    "de": 1713747945.4209824,
    "es-ES": 1713747960.991957,
    "es-MX": 1713747976.6288023,
    "fr": 1713747992.2060697,
    "it": 1713748007.6088686,
    "ja": 1713748025.2757368,
    "ko": 1713748042.1673427,
    "pl": 1713748057.7828772,
    "pt-BR": 1713748073.3655643,
    "ru": 1713748089.2658377,
    "tr": 1713748104.9110441
}