{
    "en-US": 1720167602.5643544,
    "ar": 1720167617.7541184,
    "de": 1720167632.9275265,
    "es-ES": 1720167648.1070926,
    "es-MX": 1720167663.3061888,
    "fr": 1720167678.4693604,
    "it": 1720167693.6417375,
    "ja": 1720167708.80532,
    "ko": 1720167723.9709046,
    "pl": 1720167739.133571,
    "pt-BR": 1720167754.3244958,
    "ru": 1720167769.4883263,
    "tr": 1720167784.663345
}