{
    "en-US": 1723641645.2462494,
    "ar": 1723641660.4307456,
    "de": 1723641675.5959125,
    "es-ES": 1723641690.7522917,
    "es-MX": 1723641705.9373217,
    "fr": 1723641721.089209,
    "it": 1723641736.2561421,
    "ja": 1723641751.4100902,
    "ko": 1723641766.5729558,
    "pl": 1723641781.7292016,
    "pt-BR": 1723641796.9102871,
    "ru": 1723641812.0682971,
    "tr": 1723641827.2272992
}