{
    "en-US": 1716253539.1083128,
    "ar": 1716253554.9769986,
    "de": 1716253570.8043706,
    "es-ES": 1716253586.5634854,
    "es-MX": 1716253602.3643427,
    "fr": 1716253618.1710737,
    "it": 1716253634.0184677,
    "ja": 1716253651.3734267,
    "ko": 1716253668.3269472,
    "pl": 1716253684.1853957,
    "pt-BR": 1716253700.101867,
    "ru": 1716253716.0753357,
    "tr": 1716253732.0089724
}