{
    "en-US": 1723948674.860231,
    "ar": 1723948690.0561802,
    "de": 1723948705.2411077,
    "es-ES": 1723948720.40556,
    "es-MX": 1723948735.6211693,
    "fr": 1723948750.790016,
    "it": 1723948765.975057,
    "ja": 1723948781.1410038,
    "ko": 1723948796.3177922,
    "pl": 1723948811.511666,
    "pt-BR": 1723948826.7228324,
    "ru": 1723948841.8960364,
    "tr": 1723948857.0630875
}