{
    "en-US": 1719433224.7398055,
    "ar": 1719433239.8764298,
    "de": 1719433255.0401385,
    "es-ES": 1719433270.1715188,
    "es-MX": 1719433285.3344069,
    "fr": 1719433300.4473407,
    "it": 1719433315.612157,
    "ja": 1719433330.7449915,
    "ko": 1719433345.8762019,
    "pl": 1719433360.9958975,
    "pt-BR": 1719433376.1475153,
    "ru": 1719433391.260861,
    "tr": 1719433406.417762
}