{
    "en-US": 1716434258.8183494,
    "ar": 1716434274.6468828,
    "de": 1716434290.1727602,
    "es-ES": 1716434305.6564615,
    "es-MX": 1716434321.4119132,
    "fr": 1716434336.9496176,
    "it": 1716434352.4882174,
    "ja": 1716434368.6285572,
    "ko": 1716434384.5899003,
    "pl": 1716434400.4498036,
    "pt-BR": 1716434416.0271137,
    "ru": 1716434431.9111547,
    "tr": 1716434447.741234
}