{
    "en-US": 1722234215.8450346,
    "ar": 1722234230.9380853,
    "de": 1722234246.049511,
    "es-ES": 1722234261.139196,
    "es-MX": 1722234276.2324018,
    "fr": 1722234291.3282752,
    "it": 1722234306.44774,
    "ja": 1722234321.5357516,
    "ko": 1722234336.6292574,
    "pl": 1722234351.7131288,
    "pt-BR": 1722234366.823648,
    "ru": 1722234381.9377265,
    "tr": 1722234397.0486708
}