{
    "en-US": 1718533018.9404666,
    "ar": 1718533034.8022585,
    "de": 1718533050.1773725,
    "es-ES": 1718533065.3169138,
    "es-MX": 1718533080.4483907,
    "fr": 1718533095.5359497,
    "it": 1718533110.639581,
    "ja": 1718533125.7334168,
    "ko": 1718533140.8391557,
    "pl": 1718533155.9313362,
    "pt-BR": 1718533171.0263274,
    "ru": 1718533186.1179187,
    "tr": 1718533201.2234845
}