{
    "en-US": 1717755430.2128193,
    "ar": 1717755446.1193354,
    "de": 1717755461.6567647,
    "es-ES": 1717755476.8594818,
    "es-MX": 1717755492.039037,
    "fr": 1717755507.2024374,
    "it": 1717755522.3826637,
    "ja": 1717755537.5514834,
    "ko": 1717755552.744728,
    "pl": 1717755567.9081964,
    "pt-BR": 1717755583.087095,
    "ru": 1717755598.2612765,
    "tr": 1717755613.436563
}