{
    "en-US": 1722831635.685222,
    "ar": 1722831650.8015957,
    "de": 1722831665.9116807,
    "es-ES": 1722831681.0010512,
    "es-MX": 1722831696.1290927,
    "fr": 1722831711.231543,
    "it": 1722831726.3402362,
    "ja": 1722831741.437809,
    "ko": 1722831756.5501537,
    "pl": 1722831771.6366467,
    "pt-BR": 1722831786.7523944,
    "ru": 1722831801.8596654,
    "tr": 1722831816.9579039
}