{
    "en-US": 1717410040.5821257,
    "ar": 1717410056.313601,
    "de": 1717410071.6695516,
    "es-ES": 1717410087.000052,
    "es-MX": 1717410102.6575983,
    "fr": 1717410118.1586602,
    "it": 1717410133.626528,
    "ja": 1717410151.1290185,
    "ko": 1717410167.72541,
    "pl": 1717410183.2163372,
    "pt-BR": 1717410198.6864462,
    "ru": 1717410214.2608736,
    "tr": 1717410229.7655325
}