{
    "en-US": 1724675553.099989,
    "ar": 1724675568.2019732,
    "de": 1724675583.3257303,
    "es-ES": 1724675598.435042,
    "es-MX": 1724675613.5841973,
    "fr": 1724675628.7100906,
    "it": 1724675643.8392153,
    "ja": 1724675658.965736,
    "ko": 1724675674.0735953,
    "pl": 1724675689.1699562,
    "pt-BR": 1724675704.3067973,
    "ru": 1724675719.4126453,
    "tr": 1724675734.5418246
}