{
    "en-US": 1717345103.0619879,
    "ar": 1717345118.8930027,
    "de": 1717345134.4123635,
    "es-ES": 1717345149.8991518,
    "es-MX": 1717345165.8294203,
    "fr": 1717345181.6706493,
    "it": 1717345197.277758,
    "ja": 1717345213.3751652,
    "ko": 1717345229.373649,
    "pl": 1717345244.9928465,
    "pt-BR": 1717345260.832518,
    "ru": 1717345276.479279,
    "tr": 1717345292.36
}