{
    "en-US": 1720534523.6759453,
    "ar": 1720534538.85124,
    "de": 1720534554.0169685,
    "es-ES": 1720534569.176901,
    "es-MX": 1720534584.3549948,
    "fr": 1720534599.5121634,
    "it": 1720534614.697296,
    "ja": 1720534629.8567512,
    "ko": 1720534645.0188994,
    "pl": 1720534660.1823363,
    "pt-BR": 1720534675.3484268,
    "ru": 1720534690.5093691,
    "tr": 1720534705.6979961
}