{
    "en-US": 1715102104.107009,
    "ar": 1715102120.2672257,
    "de": 1715102135.871502,
    "es-ES": 1715102151.2546556,
    "es-MX": 1715102166.7315927,
    "fr": 1715102182.1328514,
    "it": 1715102197.6177013,
    "ja": 1715102216.0113518,
    "ko": 1715102233.911907,
    "pl": 1715102249.3558617,
    "pt-BR": 1715102264.8426654,
    "ru": 1715102280.416171,
    "tr": 1715102295.9642699
}