{
    "en-US": 1725049162.813605,
    "ar": 1725049177.974341,
    "de": 1725049193.1509225,
    "es-ES": 1725049208.3090332,
    "es-MX": 1725049223.4970546,
    "fr": 1725049238.6617827,
    "it": 1725049253.8272934,
    "ja": 1725049268.998246,
    "ko": 1725049284.162206,
    "pl": 1725049299.3126836,
    "pt-BR": 1725049314.4943714,
    "ru": 1725049329.6641166,
    "tr": 1725049344.8278253
}