{
    "en-US": 1723072587.5808146,
    "ar": 1723072602.7112236,
    "de": 1723072617.8220868,
    "es-ES": 1723072632.9244692,
    "es-MX": 1723072648.0582662,
    "fr": 1723072663.14093,
    "it": 1723072678.2335267,
    "ja": 1723072693.331187,
    "ko": 1723072708.4222424,
    "pl": 1723072723.5122774,
    "pt-BR": 1723072738.620393,
    "ru": 1723072753.7093523,
    "tr": 1723072768.8049161
}