{
    "en-US": 1717072155.7940845,
    "ar": 1717072171.8330855,
    "de": 1717072187.655135,
    "es-ES": 1717072203.4827368,
    "es-MX": 1717072219.4690917,
    "fr": 1717072235.3566341,
    "it": 1717072251.4650397,
    "ja": 1717072268.4052074,
    "ko": 1717072285.2368178,
    "pl": 1717072301.353103,
    "pt-BR": 1717072317.4488854,
    "ru": 1717072333.3414094,
    "tr": 1717072349.2853835
}