{
    "en-US": 1718529465.39402,
    "ar": 1718529481.458177,
    "de": 1718529497.7402177,
    "es-ES": 1718529512.9388323,
    "es-MX": 1718529528.1291907,
    "fr": 1718529543.292782,
    "it": 1718529558.4764369,
    "ja": 1718529573.63797,
    "ko": 1718529588.8251045,
    "pl": 1718529603.9905694,
    "pt-BR": 1718529619.1670828,
    "ru": 1718529634.342076,
    "tr": 1718529649.5110903
}