{
    "en-US": 1716851811.9957557,
    "ar": 1716851827.9065354,
    "de": 1716851843.3848448,
    "es-ES": 1716851858.8588889,
    "es-MX": 1716851874.4726863,
    "fr": 1716851890.2528558,
    "it": 1716851905.8651125,
    "ja": 1716851923.0714614,
    "ko": 1716851939.616167,
    "pl": 1716851955.23767,
    "pt-BR": 1716851970.8701215,
    "ru": 1716851986.518684,
    "tr": 1716852002.3894126
}