{
    "en-US": 1715185215.9643753,
    "ar": 1715185231.915736,
    "de": 1715185247.3525517,
    "es-ES": 1715185263.0853958,
    "es-MX": 1715185278.6142085,
    "fr": 1715185294.041111,
    "it": 1715185309.491102,
    "ja": 1715185328.401885,
    "ko": 1715185345.5778701,
    "pl": 1715185361.2352612,
    "pt-BR": 1715185377.1038916,
    "ru": 1715185392.6082847,
    "tr": 1715185408.1920915
}