{
    "en-US": 1714480025.5958853,
    "ar": 1714480041.7290392,
    "de": 1714480057.4362466,
    "es-ES": 1714480073.0723965,
    "es-MX": 1714480088.8302655,
    "fr": 1714480104.5622787,
    "it": 1714480120.3190367,
    "ja": 1714480136.8528636,
    "ko": 1714480153.1546578,
    "pl": 1714480168.8949006,
    "pt-BR": 1714480184.8404765,
    "ru": 1714480200.8329499,
    "tr": 1714480216.6395683
}