{
    "en-US": 1718562079.3937309,
    "ar": 1718562095.2616723,
    "de": 1718562110.9478858,
    "es-ES": 1718562126.6196191,
    "es-MX": 1718562141.7695336,
    "fr": 1718562156.8826854,
    "it": 1718562172.007376,
    "ja": 1718562187.1125648,
    "ko": 1718562202.231612,
    "pl": 1718562217.3586302,
    "pt-BR": 1718562232.491639,
    "ru": 1718562247.6070817,
    "tr": 1718562262.7251554
}