{
    "en-US": 1723969184.4214017,
    "ar": 1723969199.5816722,
    "de": 1723969214.7401302,
    "es-ES": 1723969229.8940904,
    "es-MX": 1723969245.0808413,
    "fr": 1723969260.234735,
    "it": 1723969275.3988092,
    "ja": 1723969290.5523887,
    "ko": 1723969305.7086456,
    "pl": 1723969320.8565218,
    "pt-BR": 1723969336.0366588,
    "ru": 1723969351.1905932,
    "tr": 1723969366.3468149
}