{
    "en-US": 1724789951.5082066,
    "ar": 1724789966.6372335,
    "de": 1724789981.7541864,
    "es-ES": 1724789996.8984416,
    "es-MX": 1724790012.1748364,
    "fr": 1724790027.287032,
    "it": 1724790042.411307,
    "ja": 1724790057.5198712,
    "ko": 1724790072.657314,
    "pl": 1724790087.7586107,
    "pt-BR": 1724790102.9029236,
    "ru": 1724790117.9918222,
    "tr": 1724790133.1328926
}