{
    "en-US": 1723293002.6510496,
    "ar": 1723293017.7392697,
    "de": 1723293032.8429828,
    "es-ES": 1723293047.9181643,
    "es-MX": 1723293063.0241137,
    "fr": 1723293078.116331,
    "it": 1723293093.2094495,
    "ja": 1723293108.2959483,
    "ko": 1723293123.393934,
    "pl": 1723293138.4757378,
    "pt-BR": 1723293153.5711617,
    "ru": 1723293168.6550522,
    "tr": 1723293183.7407882
}