{
    "en-US": 1718774254.9257941,
    "ar": 1718774270.9566832,
    "de": 1718774286.386025,
    "es-ES": 1718774301.5169904,
    "es-MX": 1718774316.7445135,
    "fr": 1718774331.8668275,
    "it": 1718774346.9867382,
    "ja": 1718774362.0967686,
    "ko": 1718774377.2290113,
    "pl": 1718774392.3349574,
    "pt-BR": 1718774407.460864,
    "ru": 1718774422.5765421,
    "tr": 1718774437.7014585
}