{
    "en-US": 1725938403.931519,
    "ar": 1725938419.042049,
    "de": 1725938434.1662147,
    "es-ES": 1725938449.2646012,
    "es-MX": 1725938464.4422457,
    "fr": 1725938479.5533047,
    "it": 1725938494.6655016,
    "ja": 1725938509.7756782,
    "ko": 1725938524.9007714,
    "pl": 1725938540.0093563,
    "pt-BR": 1725938555.1560585,
    "ru": 1725938570.256768,
    "tr": 1725938585.4119942
}