{
    "en-US": 1718248692.798698,
    "ar": 1718248710.0844448,
    "de": 1718248725.7500563,
    "es-ES": 1718248741.4564745,
    "es-MX": 1718248756.5985177,
    "fr": 1718248771.7290764,
    "it": 1718248786.8663797,
    "ja": 1718248801.976045,
    "ko": 1718248817.08751,
    "pl": 1718248832.2445514,
    "pt-BR": 1718248847.3753185,
    "ru": 1718248862.4907548,
    "tr": 1718248877.6015975
}