{
    "en-US": 1716952710.4353104,
    "ar": 1716952726.2296762,
    "de": 1716952741.685307,
    "es-ES": 1716952757.0217948,
    "es-MX": 1716952772.5126927,
    "fr": 1716952788.0148377,
    "it": 1716952803.3878806,
    "ja": 1716952820.7424557,
    "ko": 1716952837.4438312,
    "pl": 1716952852.9708014,
    "pt-BR": 1716952868.480566,
    "ru": 1716952884.0745444,
    "tr": 1716952899.604199
}