{
    "en-US": 1714821163.861469,
    "ar": 1714821179.7917209,
    "de": 1714821195.1393793,
    "es-ES": 1714821210.47692,
    "es-MX": 1714821225.8952796,
    "fr": 1714821241.285541,
    "it": 1714821256.6844747,
    "ja": 1714821274.0113478,
    "ko": 1714821290.8087614,
    "pl": 1714821306.2484992,
    "pt-BR": 1714821321.6543891,
    "ru": 1714821337.1913834,
    "tr": 1714821352.6491053
}