{
    "en-US": 1721247504.5958543,
    "ar": 1721247519.7017102,
    "de": 1721247534.8282022,
    "es-ES": 1721247549.9436195,
    "es-MX": 1721247565.095822,
    "fr": 1721247580.2155254,
    "it": 1721247595.3404593,
    "ja": 1721247610.4383962,
    "ko": 1721247625.5692089,
    "pl": 1721247640.669895,
    "pt-BR": 1721247655.8263137,
    "ru": 1721247670.9276521,
    "tr": 1721247686.0271647
}