{
    "en-US": 1725294157.43452,
    "ar": 1725294172.5985723,
    "de": 1725294187.7757032,
    "es-ES": 1725294202.9395185,
    "es-MX": 1725294218.1197054,
    "fr": 1725294233.279387,
    "it": 1725294248.4543586,
    "ja": 1725294263.6297386,
    "ko": 1725294278.7932127,
    "pl": 1725294293.9510758,
    "pt-BR": 1725294309.137685,
    "ru": 1725294324.30127,
    "tr": 1725294339.4640055
}