{
    "en-US": 1719551783.4796042,
    "ar": 1719551798.5973053,
    "de": 1719551813.7118218,
    "es-ES": 1719551828.8145769,
    "es-MX": 1719551843.933133,
    "fr": 1719551859.0453076,
    "it": 1719551874.1856737,
    "ja": 1719551889.281031,
    "ko": 1719551904.4607675,
    "pl": 1719551919.5561697,
    "pt-BR": 1719551934.6735644,
    "ru": 1719551949.7698805,
    "tr": 1719551964.9098184
}