{
    "en-US": 1724048658.2690492,
    "ar": 1724048673.3575504,
    "de": 1724048688.458439,
    "es-ES": 1724048703.5447278,
    "es-MX": 1724048718.7389867,
    "fr": 1724048733.8483052,
    "it": 1724048748.9457653,
    "ja": 1724048764.035622,
    "ko": 1724048779.1298435,
    "pl": 1724048794.2152443,
    "pt-BR": 1724048809.33033,
    "ru": 1724048824.4413488,
    "tr": 1724048839.5393975
}