{
    "en-US": 1720838009.3150773,
    "ar": 1720838024.4296212,
    "de": 1720838039.5413353,
    "es-ES": 1720838054.6405993,
    "es-MX": 1720838069.7847812,
    "fr": 1720838084.8825984,
    "it": 1720838100.020736,
    "ja": 1720838115.120961,
    "ko": 1720838130.234887,
    "pl": 1720838145.3292122,
    "pt-BR": 1720838160.4755905,
    "ru": 1720838175.587069,
    "tr": 1720838190.7079291
}