{
    "en-US": 1725952654.864689,
    "ar": 1725952670.020469,
    "de": 1725952685.1822832,
    "es-ES": 1725952700.334924,
    "es-MX": 1725952715.510095,
    "fr": 1725952730.656116,
    "it": 1725952745.8130147,
    "ja": 1725952760.9639468,
    "ko": 1725952776.119848,
    "pl": 1725952791.2747467,
    "pt-BR": 1725952806.4547055,
    "ru": 1725952821.6135652,
    "tr": 1725952836.777952
}