{
    "en-US": 1715129651.7234967,
    "ar": 1715129667.9757054,
    "de": 1715129683.2553737,
    "es-ES": 1715129699.2582552,
    "es-MX": 1715129715.211941,
    "fr": 1715129730.9345238,
    "it": 1715129746.685484,
    "ja": 1715129764.3768106,
    "ko": 1715129781.4982116,
    "pl": 1715129797.342436,
    "pt-BR": 1715129813.1732116,
    "ru": 1715129829.2728698,
    "tr": 1715129845.3424551
}