{
    "en-US": 1716035205.4483151,
    "ar": 1716035221.5838735,
    "de": 1716035237.4264157,
    "es-ES": 1716035253.2569382,
    "es-MX": 1716035269.109083,
    "fr": 1716035284.7046807,
    "it": 1716035300.5903342,
    "ja": 1716035316.993561,
    "ko": 1716035333.2150357,
    "pl": 1716035349.1307485,
    "pt-BR": 1716035365.0119333,
    "ru": 1716035380.6502683,
    "tr": 1716035396.5442867
}