{
    "en-US": 1715350485.4290495,
    "ar": 1715350501.3598542,
    "de": 1715350516.7522988,
    "es-ES": 1715350532.1161902,
    "es-MX": 1715350547.5458472,
    "fr": 1715350563.0094666,
    "it": 1715350578.4381957,
    "ja": 1715350596.5927458,
    "ko": 1715350613.541558,
    "pl": 1715350629.0031102,
    "pt-BR": 1715350644.4547844,
    "ru": 1715350660.0860958,
    "tr": 1715350675.5787704
}