{
    "en-US": 1720999002.95223,
    "ar": 1720999018.1329262,
    "de": 1720999033.3084059,
    "es-ES": 1720999048.4700825,
    "es-MX": 1720999063.6875913,
    "fr": 1720999078.8411214,
    "it": 1720999094.0299833,
    "ja": 1720999109.1907353,
    "ko": 1720999124.3525765,
    "pl": 1720999139.5125546,
    "pt-BR": 1720999154.6847277,
    "ru": 1720999169.8460095,
    "tr": 1720999185.0247166
}