{
    "en-US": 1719476437.737548,
    "ar": 1719476452.9216006,
    "de": 1719476468.1001017,
    "es-ES": 1719476483.269738,
    "es-MX": 1719476498.478087,
    "fr": 1719476513.646972,
    "it": 1719476528.824135,
    "ja": 1719476543.9966717,
    "ko": 1719476559.1639216,
    "pl": 1719476574.3266332,
    "pt-BR": 1719476589.5300744,
    "ru": 1719476604.6953096,
    "tr": 1719476619.8618832
}