{
    "en-US": 1718972950.7268705,
    "ar": 1718972965.918106,
    "de": 1718972981.104096,
    "es-ES": 1718972996.2676256,
    "es-MX": 1718973011.4289727,
    "fr": 1718973026.585612,
    "it": 1718973041.7773564,
    "ja": 1718973056.945247,
    "ko": 1718973072.1060185,
    "pl": 1718973087.2668047,
    "pt-BR": 1718973102.4448137,
    "ru": 1718973117.6171615,
    "tr": 1718973132.8046844
}