{
    "en-US": 1723065445.1038487,
    "ar": 1723065460.270373,
    "de": 1723065475.4352386,
    "es-ES": 1723065490.6002557,
    "es-MX": 1723065505.786186,
    "fr": 1723065520.941954,
    "it": 1723065536.1176243,
    "ja": 1723065551.279662,
    "ko": 1723065566.443772,
    "pl": 1723065581.6174643,
    "pt-BR": 1723065596.7974932,
    "ru": 1723065611.9774299,
    "tr": 1723065627.1388392
}