{
    "en-US": 1719756879.2716305,
    "ar": 1719756894.461782,
    "de": 1719756909.6345897,
    "es-ES": 1719756924.8005793,
    "es-MX": 1719756939.999468,
    "fr": 1719756955.1661818,
    "it": 1719756970.346794,
    "ja": 1719756985.5173917,
    "ko": 1719757000.6858215,
    "pl": 1719757015.855108,
    "pt-BR": 1719757031.1445625,
    "ru": 1719757046.305301,
    "tr": 1719757061.4802105
}