{
    "en-US": 1724764866.8136256,
    "ar": 1724764881.9267454,
    "de": 1724764897.0506136,
    "es-ES": 1724764912.159631,
    "es-MX": 1724764927.2837281,
    "fr": 1724764942.3989253,
    "it": 1724764957.5166056,
    "ja": 1724764972.6265204,
    "ko": 1724764987.735071,
    "pl": 1724765002.8433485,
    "pt-BR": 1724765017.9554176,
    "ru": 1724765033.09503,
    "tr": 1724765048.20796
}