{
    "en-US": 1717218978.9688745,
    "ar": 1717218995.024421,
    "de": 1717219010.522066,
    "es-ES": 1717219026.007456,
    "es-MX": 1717219041.614026,
    "fr": 1717219057.2327645,
    "it": 1717219073.1271574,
    "ja": 1717219089.3108134,
    "ko": 1717219105.2401206,
    "pl": 1717219120.86476,
    "pt-BR": 1717219136.5343504,
    "ru": 1717219152.1907172,
    "tr": 1717219168.0386035
}