{
    "en-US": 1715603384.8559837,
    "ar": 1715603401.1295981,
    "de": 1715603416.8842957,
    "es-ES": 1715603432.620663,
    "es-MX": 1715603448.290234,
    "fr": 1715603464.0117254,
    "it": 1715603479.7480829,
    "ja": 1715603498.8899076,
    "ko": 1715603517.0853477,
    "pl": 1715603532.888542,
    "pt-BR": 1715603548.5103202,
    "ru": 1715603564.3011937,
    "tr": 1715603580.161852
}