{
    "en-US": 1717798545.1000798,
    "ar": 1717798561.6633298,
    "de": 1717798576.8433914,
    "es-ES": 1717798592.0179515,
    "es-MX": 1717798607.1868877,
    "fr": 1717798622.3679874,
    "it": 1717798637.567448,
    "ja": 1717798652.738513,
    "ko": 1717798667.916584,
    "pl": 1717798683.080792,
    "pt-BR": 1717798698.2700858,
    "ru": 1717798713.4479241,
    "tr": 1717798728.637803
}