{
    "en-US": 1721315950.1470475,
    "ar": 1721315965.2608259,
    "de": 1721315980.3844438,
    "es-ES": 1721315995.5000472,
    "es-MX": 1721316010.626508,
    "fr": 1721316025.7209685,
    "it": 1721316040.8922868,
    "ja": 1721316055.9974673,
    "ko": 1721316071.12358,
    "pl": 1721316086.23704,
    "pt-BR": 1721316101.3638663,
    "ru": 1721316116.4795868,
    "tr": 1721316131.6120553
}