{
    "en-US": 1717147085.6498559,
    "ar": 1717147101.4716623,
    "de": 1717147116.9128044,
    "es-ES": 1717147132.3536632,
    "es-MX": 1717147147.9136596,
    "fr": 1717147163.467416,
    "it": 1717147179.0186925,
    "ja": 1717147196.0090427,
    "ko": 1717147212.5924695,
    "pl": 1717147228.1192963,
    "pt-BR": 1717147243.6976058,
    "ru": 1717147259.3225741,
    "tr": 1717147274.8959277
}