{
    "en-US": 1718568980.7596526,
    "ar": 1718568996.7685614,
    "de": 1718569012.2453682,
    "es-ES": 1718569027.4434514,
    "es-MX": 1718569042.6656458,
    "fr": 1718569057.8352387,
    "it": 1718569073.0079966,
    "ja": 1718569088.1671164,
    "ko": 1718569103.3541558,
    "pl": 1718569118.534679,
    "pt-BR": 1718569133.7118094,
    "ru": 1718569148.8740973,
    "tr": 1718569164.0457416
}