{
    "en-US": 1722327668.1695468,
    "ar": 1722327683.340102,
    "de": 1722327698.511828,
    "es-ES": 1722327713.6647155,
    "es-MX": 1722327728.8704052,
    "fr": 1722327744.0210433,
    "it": 1722327759.2109013,
    "ja": 1722327774.372479,
    "ko": 1722327789.5351489,
    "pl": 1722327804.6978908,
    "pt-BR": 1722327819.874979,
    "ru": 1722327835.0329201,
    "tr": 1722327850.2150402
}