{
    "en-US": 1724848421.1533802,
    "ar": 1724848436.2539306,
    "de": 1724848451.3537555,
    "es-ES": 1724848466.4393883,
    "es-MX": 1724848481.546285,
    "fr": 1724848496.6646054,
    "it": 1724848511.797908,
    "ja": 1724848526.8816304,
    "ko": 1724848541.980287,
    "pl": 1724848557.0713584,
    "pt-BR": 1724848572.1878848,
    "ru": 1724848587.2972295,
    "tr": 1724848602.3955233
}