{
    "en-US": 1723216771.2528076,
    "ar": 1723216786.4660382,
    "de": 1723216801.6597314,
    "es-ES": 1723216816.8121517,
    "es-MX": 1723216831.9887664,
    "fr": 1723216847.1504443,
    "it": 1723216862.3702693,
    "ja": 1723216877.5402231,
    "ko": 1723216892.7223914,
    "pl": 1723216907.8811877,
    "pt-BR": 1723216923.0626829,
    "ru": 1723216938.2299411,
    "tr": 1723216953.417689
}