{
    "en-US": 1725560519.1803799,
    "ar": 1725560534.3489137,
    "de": 1725560549.5609653,
    "es-ES": 1725560564.770755,
    "es-MX": 1725560579.9381511,
    "fr": 1725560595.1071577,
    "it": 1725560610.299126,
    "ja": 1725560625.4613473,
    "ko": 1725560640.6247997,
    "pl": 1725560655.827756,
    "pt-BR": 1725560671.0133362,
    "ru": 1725560686.182713,
    "tr": 1725560701.3694298
}