{
    "en-US": 1717986885.4660215,
    "ar": 1717986901.7874525,
    "de": 1717986917.7357843,
    "es-ES": 1717986933.521451,
    "es-MX": 1717986948.7495098,
    "fr": 1717986963.9191968,
    "it": 1717986979.097751,
    "ja": 1717986994.2730887,
    "ko": 1717987009.4596279,
    "pl": 1717987024.6491659,
    "pt-BR": 1717987039.8255267,
    "ru": 1717987054.9902332,
    "tr": 1717987070.1567
}