{
    "en-US": 1719976706.834079,
    "ar": 1719976721.9805312,
    "de": 1719976737.1339169,
    "es-ES": 1719976752.277153,
    "es-MX": 1719976767.4585516,
    "fr": 1719976782.5694876,
    "it": 1719976797.7232437,
    "ja": 1719976812.8605275,
    "ko": 1719976827.9922059,
    "pl": 1719976843.1254277,
    "pt-BR": 1719976858.2907078,
    "ru": 1719976873.4188352,
    "tr": 1719976888.5455148
}