{
    "en-US": 1724807663.8820522,
    "ar": 1724807679.0477073,
    "de": 1724807694.218787,
    "es-ES": 1724807709.3749933,
    "es-MX": 1724807724.5668335,
    "fr": 1724807739.72412,
    "it": 1724807754.902685,
    "ja": 1724807770.0633392,
    "ko": 1724807785.2869189,
    "pl": 1724807800.4596589,
    "pt-BR": 1724807815.6757154,
    "ru": 1724807830.8448517,
    "tr": 1724807846.027011
}