{
    "en-US": 1716045393.0013044,
    "ar": 1716045408.7316446,
    "de": 1716045424.1764734,
    "es-ES": 1716045439.5960236,
    "es-MX": 1716045455.048756,
    "fr": 1716045470.51244,
    "it": 1716045486.0040338,
    "ja": 1716045502.1270761,
    "ko": 1716045518.0448663,
    "pl": 1716045533.5451581,
    "pt-BR": 1716045549.0132072,
    "ru": 1716045564.5126865,
    "tr": 1716045579.99749
}