{
    "en-US": 1719110054.3853874,
    "ar": 1719110069.5307477,
    "de": 1719110084.7071068,
    "es-ES": 1719110099.81045,
    "es-MX": 1719110114.9152167,
    "fr": 1719110130.0202844,
    "it": 1719110145.152936,
    "ja": 1719110160.2513223,
    "ko": 1719110175.3597853,
    "pl": 1719110190.4616318,
    "pt-BR": 1719110205.5857859,
    "ru": 1719110220.6890492,
    "tr": 1719110235.8738742
}