{
    "en-US": 1719267412.9841847,
    "ar": 1719267428.1020164,
    "de": 1719267443.23785,
    "es-ES": 1719267458.3413813,
    "es-MX": 1719267473.4669795,
    "fr": 1719267488.6095486,
    "it": 1719267503.73713,
    "ja": 1719267518.8377619,
    "ko": 1719267533.9527037,
    "pl": 1719267549.0598912,
    "pt-BR": 1719267564.2032971,
    "ru": 1719267579.35607,
    "tr": 1719267594.4747767
}