{
    "en-US": 1722294991.1926568,
    "ar": 1722295006.2937112,
    "de": 1722295021.4224112,
    "es-ES": 1722295036.5183969,
    "es-MX": 1722295051.6306555,
    "fr": 1722295066.715702,
    "it": 1722295081.83668,
    "ja": 1722295096.9276044,
    "ko": 1722295112.0207226,
    "pl": 1722295127.1160896,
    "pt-BR": 1722295142.2166924,
    "ru": 1722295157.3013525,
    "tr": 1722295172.4134877
}