{
    "en-US": 1724035105.0308187,
    "ar": 1724035120.1636941,
    "de": 1724035135.3040495,
    "es-ES": 1724035150.3944747,
    "es-MX": 1724035165.508126,
    "fr": 1724035180.606171,
    "it": 1724035195.7317853,
    "ja": 1724035210.8299968,
    "ko": 1724035225.9475842,
    "pl": 1724035241.0387511,
    "pt-BR": 1724035256.162448,
    "ru": 1724035271.261465,
    "tr": 1724035286.3801348
}