{
    "en-US": 1716736623.1847532,
    "ar": 1716736639.034741,
    "de": 1716736654.5356421,
    "es-ES": 1716736670.0017045,
    "es-MX": 1716736685.610865,
    "fr": 1716736701.210642,
    "it": 1716736717.003333,
    "ja": 1716736734.0166988,
    "ko": 1716736750.5349333,
    "pl": 1716736766.4373257,
    "pt-BR": 1716736782.2273507,
    "ru": 1716736797.8714883,
    "tr": 1716736813.6031053
}