{
    "en-US": 1723645033.6363227,
    "ar": 1723645048.74699,
    "de": 1723645063.8634436,
    "es-ES": 1723645078.9742339,
    "es-MX": 1723645094.0947058,
    "fr": 1723645109.267568,
    "it": 1723645124.39095,
    "ja": 1723645139.4983723,
    "ko": 1723645154.6114998,
    "pl": 1723645169.734106,
    "pt-BR": 1723645184.851062,
    "ru": 1723645199.9679935,
    "tr": 1723645215.0733895
}