{
    "en-US": 1714962613.5726156,
    "ar": 1714962629.5688088,
    "de": 1714962644.924199,
    "es-ES": 1714962660.2708635,
    "es-MX": 1714962675.6868448,
    "fr": 1714962691.08913,
    "it": 1714962706.5020092,
    "ja": 1714962724.1792815,
    "ko": 1714962741.0901682,
    "pl": 1714962756.4789662,
    "pt-BR": 1714962771.893258,
    "ru": 1714962787.3635123,
    "tr": 1714962802.8080819
}