{
    "en-US": 1725819742.8630924,
    "ar": 1725819758.0492165,
    "de": 1725819773.2218626,
    "es-ES": 1725819788.3795857,
    "es-MX": 1725819803.5729454,
    "fr": 1725819818.7365317,
    "it": 1725819833.9109514,
    "ja": 1725819849.079135,
    "ko": 1725819864.255259,
    "pl": 1725819879.4172392,
    "pt-BR": 1725819894.6209888,
    "ru": 1725819909.7837358,
    "tr": 1725819924.9553099
}