{
    "en-US": 1714093382.2686374,
    "ar": 1714093398.4820971,
    "de": 1714093414.2465577,
    "es-ES": 1714093429.7276747,
    "es-MX": 1714093445.430091,
    "fr": 1714093461.3777046,
    "it": 1714093476.9147282,
    "ja": 1714093495.181855,
    "ko": 1714093512.490335,
    "pl": 1714093528.257913,
    "pt-BR": 1714093544.174345,
    "ru": 1714093560.3168807,
    "tr": 1714093576.3558075
}