{
    "en-US": 1714965500.1306467,
    "ar": 1714965516.1499715,
    "de": 1714965531.6369731,
    "es-ES": 1714965547.1361072,
    "es-MX": 1714965562.6722572,
    "fr": 1714965578.2133157,
    "it": 1714965593.7620237,
    "ja": 1714965611.1567647,
    "ko": 1714965626.4878733,
    "pl": 1714965641.7298288,
    "pt-BR": 1714965656.9739091,
    "ru": 1714965672.87422,
    "tr": 1714965688.5999036
}