{
    "en-US": 1725852069.7233527,
    "ar": 1725852084.8217688,
    "de": 1725852099.9451659,
    "es-ES": 1725852115.0645742,
    "es-MX": 1725852130.1796935,
    "fr": 1725852145.3716695,
    "it": 1725852160.482122,
    "ja": 1725852175.5867426,
    "ko": 1725852190.6810079,
    "pl": 1725852205.8199148,
    "pt-BR": 1725852220.9265945,
    "ru": 1725852236.032935,
    "tr": 1725852251.162675
}