{
    "en-US": 1715776231.7113645,
    "ar": 1715776246.9602842,
    "de": 1715776262.1512108,
    "es-ES": 1715776278.27541,
    "es-MX": 1715776294.0896084,
    "fr": 1715776309.895669,
    "it": 1715776325.711953,
    "ja": 1715776343.244541,
    "ko": 1715776360.2953472,
    "pl": 1715776376.1927567,
    "pt-BR": 1715776392.3062022,
    "ru": 1715776408.2896159,
    "tr": 1715776424.4927447
}