{
    "en-US": 1718713822.5436864,
    "ar": 1718713838.8280745,
    "de": 1718713854.9521267,
    "es-ES": 1718713870.2804449,
    "es-MX": 1718713885.4452639,
    "fr": 1718713900.6351054,
    "it": 1718713915.8043249,
    "ja": 1718713930.9667275,
    "ko": 1718713946.1448095,
    "pl": 1718713961.313178,
    "pt-BR": 1718713976.4829524,
    "ru": 1718713991.6613467,
    "tr": 1718714006.8252063
}