{
    "en-US": 1723126570.1070662,
    "ar": 1723126585.228391,
    "de": 1723126600.3535025,
    "es-ES": 1723126615.4683695,
    "es-MX": 1723126630.5913692,
    "fr": 1723126645.7172852,
    "it": 1723126660.8344803,
    "ja": 1723126675.9426389,
    "ko": 1723126691.0410764,
    "pl": 1723126706.1508212,
    "pt-BR": 1723126721.2824032,
    "ru": 1723126736.4242084,
    "tr": 1723126751.5335612
}