{
    "en-US": 1714846693.0114577,
    "ar": 1714846708.9052184,
    "de": 1714846724.4226868,
    "es-ES": 1714846739.9054978,
    "es-MX": 1714846755.4451377,
    "fr": 1714846771.1691935,
    "it": 1714846786.7388232,
    "ja": 1714846803.7939644,
    "ko": 1714846820.6784134,
    "pl": 1714846836.2560332,
    "pt-BR": 1714846851.816978,
    "ru": 1714846867.4177868,
    "tr": 1714846883.260357
}