{
    "en-US": 1716175102.6387117,
    "ar": 1716175118.4133036,
    "de": 1716175133.7639062,
    "es-ES": 1716175149.0871437,
    "es-MX": 1716175164.466036,
    "fr": 1716175179.8473263,
    "it": 1716175195.2505264,
    "ja": 1716175212.2380607,
    "ko": 1716175228.803698,
    "pl": 1716175244.482882,
    "pt-BR": 1716175259.922552,
    "ru": 1716175275.4218006,
    "tr": 1716175290.8705347
}