{
    "en-US": 1717129241.0442948,
    "ar": 1717129256.8817616,
    "de": 1717129272.2609508,
    "es-ES": 1717129287.8654315,
    "es-MX": 1717129303.3308313,
    "fr": 1717129318.842135,
    "it": 1717129334.3500466,
    "ja": 1717129352.104633,
    "ko": 1717129369.0994606,
    "pl": 1717129384.608677,
    "pt-BR": 1717129400.2659914,
    "ru": 1717129416.105192,
    "tr": 1717129431.6775627
}