{
    "en-US": 1723623685.7866044,
    "ar": 1723623700.884967,
    "de": 1723623715.9791675,
    "es-ES": 1723623731.0780365,
    "es-MX": 1723623746.1798315,
    "fr": 1723623761.2753623,
    "it": 1723623776.3699548,
    "ja": 1723623791.4553978,
    "ko": 1723623806.5454113,
    "pl": 1723623821.6313505,
    "pt-BR": 1723623836.7389266,
    "ru": 1723623851.8449366,
    "tr": 1723623866.9332283
}