{
    "en-US": 1719587819.280186,
    "ar": 1719587834.4509747,
    "de": 1719587849.6365476,
    "es-ES": 1719587864.8051014,
    "es-MX": 1719587880.0227602,
    "fr": 1719587895.187183,
    "it": 1719587910.367684,
    "ja": 1719587925.5390851,
    "ko": 1719587940.710749,
    "pl": 1719587955.8754017,
    "pt-BR": 1719587971.0799615,
    "ru": 1719587986.2559423,
    "tr": 1719588001.43643
}