{
    "en-US": 1721938706.363154,
    "ar": 1721938721.4783158,
    "de": 1721938736.5956757,
    "es-ES": 1721938751.7007816,
    "es-MX": 1721938766.8181965,
    "fr": 1721938781.9251614,
    "it": 1721938797.0649471,
    "ja": 1721938812.170005,
    "ko": 1721938827.302742,
    "pl": 1721938842.4103115,
    "pt-BR": 1721938857.5248072,
    "ru": 1721938872.6335692,
    "tr": 1721938887.7639372
}