{
    "en-US": 1723389479.916874,
    "ar": 1723389495.0943284,
    "de": 1723389510.271734,
    "es-ES": 1723389525.4610393,
    "es-MX": 1723389540.713674,
    "fr": 1723389555.8716655,
    "it": 1723389571.049356,
    "ja": 1723389586.2294362,
    "ko": 1723389601.403883,
    "pl": 1723389616.561982,
    "pt-BR": 1723389631.8360484,
    "ru": 1723389647.0739086,
    "tr": 1723389662.3166203
}