{
    "en-US": 1717554730.5070379,
    "ar": 1717554746.5110807,
    "de": 1717554762.026959,
    "es-ES": 1717554777.4990587,
    "es-MX": 1717554793.0886724,
    "fr": 1717554808.6907427,
    "it": 1717554824.554837,
    "ja": 1717554841.6776414,
    "ko": 1717554858.5277328,
    "pl": 1717554874.1548383,
    "pt-BR": 1717554889.7440104,
    "ru": 1717554905.6562264,
    "tr": 1717554921.4853806
}