{
    "en-US": 1724833316.6856036,
    "ar": 1724833331.8620129,
    "de": 1724833347.0334551,
    "es-ES": 1724833362.190383,
    "es-MX": 1724833377.3785305,
    "fr": 1724833392.5323253,
    "it": 1724833407.6987433,
    "ja": 1724833422.8650994,
    "ko": 1724833438.017891,
    "pl": 1724833453.1832983,
    "pt-BR": 1724833468.372219,
    "ru": 1724833483.5232823,
    "tr": 1724833498.6831975
}