{
    "en-US": 1723430336.9014926,
    "ar": 1723430351.9843597,
    "de": 1723430367.0803876,
    "es-ES": 1723430382.1617174,
    "es-MX": 1723430397.2811682,
    "fr": 1723430412.3730357,
    "it": 1723430427.4695244,
    "ja": 1723430442.5562837,
    "ko": 1723430457.6517932,
    "pl": 1723430472.7358444,
    "pt-BR": 1723430487.847181,
    "ru": 1723430502.9439204,
    "tr": 1723430518.029405
}