{
    "en-US": 1721913617.1807106,
    "ar": 1721913632.3274791,
    "de": 1721913647.4697256,
    "es-ES": 1721913662.6123478,
    "es-MX": 1721913677.775863,
    "fr": 1721913692.9072182,
    "it": 1721913708.0649903,
    "ja": 1721913723.20298,
    "ko": 1721913738.3430371,
    "pl": 1721913753.4845471,
    "pt-BR": 1721913768.6446776,
    "ru": 1721913783.7864637,
    "tr": 1721913798.9253166
}