{
    "en-US": 1715216679.8227797,
    "ar": 1715216696.1606355,
    "de": 1715216711.9106464,
    "es-ES": 1715216727.3045068,
    "es-MX": 1715216743.1110802,
    "fr": 1715216758.8848119,
    "it": 1715216774.6529596,
    "ja": 1715216792.2943668,
    "ko": 1715216809.3974407,
    "pl": 1715216825.2434459,
    "pt-BR": 1715216840.9970877,
    "ru": 1715216856.889502,
    "tr": 1715216872.7694225
}