{
    "en-US": 1724116330.4556453,
    "ar": 1724116345.5596173,
    "de": 1724116360.6741743,
    "es-ES": 1724116375.7691083,
    "es-MX": 1724116390.888683,
    "fr": 1724116406.0000925,
    "it": 1724116421.1153538,
    "ja": 1724116436.2092679,
    "ko": 1724116451.319954,
    "pl": 1724116466.4161663,
    "pt-BR": 1724116481.5224607,
    "ru": 1724116496.6395192,
    "tr": 1724116511.7365122
}