{
    "en-US": 1723177200.9496727,
    "ar": 1723177216.1226304,
    "de": 1723177231.2877347,
    "es-ES": 1723177246.4484956,
    "es-MX": 1723177261.6398542,
    "fr": 1723177276.7974124,
    "it": 1723177291.9726756,
    "ja": 1723177307.1370602,
    "ko": 1723177322.2994423,
    "pl": 1723177337.4566016,
    "pt-BR": 1723177352.637866,
    "ru": 1723177367.8077042,
    "tr": 1723177382.970745
}