{
    "en-US": 1725506323.4705398,
    "ar": 1725506338.6377718,
    "de": 1725506353.8427696,
    "es-ES": 1725506369.0072587,
    "es-MX": 1725506384.1908345,
    "fr": 1725506399.3483188,
    "it": 1725506414.5224602,
    "ja": 1725506429.6843667,
    "ko": 1725506444.8454795,
    "pl": 1725506460.0087254,
    "pt-BR": 1725506475.202526,
    "ru": 1725506490.3656194,
    "tr": 1725506505.528556
}