{
    "en-US": 1717492753.0336988,
    "ar": 1717492769.2574332,
    "de": 1717492784.6035907,
    "es-ES": 1717492799.9306142,
    "es-MX": 1717492815.4163094,
    "fr": 1717492830.901648,
    "it": 1717492846.3676696,
    "ja": 1717492863.9491842,
    "ko": 1717492881.1887705,
    "pl": 1717492897.213674,
    "pt-BR": 1717492912.8918927,
    "ru": 1717492928.4773986,
    "tr": 1717492944.0382135
}