{
    "en-US": 1725438086.771786,
    "ar": 1725438101.9402828,
    "de": 1725438117.1130893,
    "es-ES": 1725438132.2672956,
    "es-MX": 1725438147.4554005,
    "fr": 1725438162.6075766,
    "it": 1725438177.7700858,
    "ja": 1725438192.9277108,
    "ko": 1725438208.088543,
    "pl": 1725438223.2400558,
    "pt-BR": 1725438238.4322567,
    "ru": 1725438253.5929987,
    "tr": 1725438268.750093
}