{
    "en-US": 1720019908.8778908,
    "ar": 1720019924.0492995,
    "de": 1720019939.187451,
    "es-ES": 1720019954.301402,
    "es-MX": 1720019969.4317372,
    "fr": 1720019984.549938,
    "it": 1720019999.713303,
    "ja": 1720020014.857867,
    "ko": 1720020029.973567,
    "pl": 1720020045.0872612,
    "pt-BR": 1720020060.2588,
    "ru": 1720020075.3784454,
    "tr": 1720020090.5348263
}