{
    "en-US": 1725765593.3120775,
    "ar": 1725765608.5028594,
    "de": 1725765623.6723115,
    "es-ES": 1725765638.8342803,
    "es-MX": 1725765654.0109901,
    "fr": 1725765669.1740358,
    "it": 1725765684.3647501,
    "ja": 1725765699.5611167,
    "ko": 1725765714.7237282,
    "pl": 1725765729.8778994,
    "pt-BR": 1725765745.054157,
    "ru": 1725765760.2221844,
    "tr": 1725765775.3881211
}