{
    "en-US": 1718385396.2794924,
    "ar": 1718385411.4978688,
    "de": 1718385426.7792451,
    "es-ES": 1718385441.953695,
    "es-MX": 1718385457.1523523,
    "fr": 1718385472.3391697,
    "it": 1718385487.5593092,
    "ja": 1718385502.735847,
    "ko": 1718385517.9215152,
    "pl": 1718385533.1184273,
    "pt-BR": 1718385548.3161018,
    "ru": 1718385563.4979718,
    "tr": 1718385578.7410867
}