{
    "en-US": 1716322674.7550879,
    "ar": 1716322690.6732736,
    "de": 1716322706.0424056,
    "es-ES": 1716322721.393454,
    "es-MX": 1716322736.7847297,
    "fr": 1716322752.5665498,
    "it": 1716322767.9905908,
    "ja": 1716322785.566912,
    "ko": 1716322802.5293188,
    "pl": 1716322817.9885225,
    "pt-BR": 1716322833.4406574,
    "ru": 1716322848.9256313,
    "tr": 1716322864.3809195
}