{
    "en-US": 1715394298.914439,
    "ar": 1715394314.9630759,
    "de": 1715394330.4912338,
    "es-ES": 1715394346.0105906,
    "es-MX": 1715394361.579601,
    "fr": 1715394377.3644574,
    "it": 1715394392.940159,
    "ja": 1715394410.9041634,
    "ko": 1715394427.706919,
    "pl": 1715394443.3113759,
    "pt-BR": 1715394458.8998575,
    "ru": 1715394474.6020927,
    "tr": 1715394490.2673664
}