{
    "en-US": 1724721238.4541166,
    "ar": 1724721253.5878532,
    "de": 1724721268.7032952,
    "es-ES": 1724721283.803915,
    "es-MX": 1724721298.9372458,
    "fr": 1724721314.0336113,
    "it": 1724721329.1538737,
    "ja": 1724721344.2572565,
    "ko": 1724721359.3741796,
    "pl": 1724721374.4677916,
    "pt-BR": 1724721389.615485,
    "ru": 1724721404.719623,
    "tr": 1724721419.8230617
}