{
    "en-US": 1719801544.7026193,
    "ar": 1719801559.8843873,
    "de": 1719801575.0590985,
    "es-ES": 1719801590.221182,
    "es-MX": 1719801605.4015634,
    "fr": 1719801620.5870016,
    "it": 1719801635.773658,
    "ja": 1719801650.939665,
    "ko": 1719801666.1018891,
    "pl": 1719801681.2667377,
    "pt-BR": 1719801696.467133,
    "ru": 1719801711.6575687,
    "tr": 1719801726.817871
}