{
    "en-US": 1719598868.7446344,
    "ar": 1719598883.884008,
    "de": 1719598899.033285,
    "es-ES": 1719598914.1480627,
    "es-MX": 1719598929.3188534,
    "fr": 1719598944.4359052,
    "it": 1719598959.5810857,
    "ja": 1719598974.689967,
    "ko": 1719598989.8090456,
    "pl": 1719599004.9185917,
    "pt-BR": 1719599020.1086812,
    "ru": 1719599035.227667,
    "tr": 1719599050.7038198
}