{
    "en-US": 1722284285.8702393,
    "ar": 1722284300.9846518,
    "de": 1722284316.1110978,
    "es-ES": 1722284331.217599,
    "es-MX": 1722284346.3330662,
    "fr": 1722284361.4586456,
    "it": 1722284376.5892575,
    "ja": 1722284391.6990528,
    "ko": 1722284406.8024566,
    "pl": 1722284421.9401095,
    "pt-BR": 1722284437.0835161,
    "ru": 1722284452.192226,
    "tr": 1722284467.3395896
}