{
    "en-US": 1725798646.7057357,
    "ar": 1725798661.8801048,
    "de": 1725798677.039214,
    "es-ES": 1725798692.1887937,
    "es-MX": 1725798707.3721335,
    "fr": 1725798722.5250866,
    "it": 1725798737.6880043,
    "ja": 1725798752.8461154,
    "ko": 1725798768.024409,
    "pl": 1725798783.1775372,
    "pt-BR": 1725798798.3544872,
    "ru": 1725798813.5052352,
    "tr": 1725798828.672284
}