{
    "en-US": 1721049630.8377013,
    "ar": 1721049645.9978056,
    "de": 1721049661.1243455,
    "es-ES": 1721049676.2240133,
    "es-MX": 1721049691.3673441,
    "fr": 1721049706.4654758,
    "it": 1721049721.6130042,
    "ja": 1721049736.7150779,
    "ko": 1721049751.8247135,
    "pl": 1721049766.9219139,
    "pt-BR": 1721049782.0343902,
    "ru": 1721049797.1401079,
    "tr": 1721049812.2629986
}