{
    "en-US": 1724505506.083432,
    "ar": 1724505521.1851757,
    "de": 1724505536.2967033,
    "es-ES": 1724505551.391848,
    "es-MX": 1724505566.5295913,
    "fr": 1724505581.6212783,
    "it": 1724505596.734665,
    "ja": 1724505611.8281248,
    "ko": 1724505626.9202583,
    "pl": 1724505642.000258,
    "pt-BR": 1724505657.1314607,
    "ru": 1724505672.2344534,
    "tr": 1724505687.348447
}