{
    "en-US": 1719310646.7940068,
    "ar": 1719310662.0193548,
    "de": 1719310677.2442226,
    "es-ES": 1719310692.466773,
    "es-MX": 1719310707.7255282,
    "fr": 1719310722.9407465,
    "it": 1719310738.1620765,
    "ja": 1719310753.3739474,
    "ko": 1719310768.588302,
    "pl": 1719310783.803502,
    "pt-BR": 1719310799.0610695,
    "ru": 1719310814.2946875,
    "tr": 1719310829.5139515
}