{
    "en-US": 1720592599.9629047,
    "ar": 1720592615.068641,
    "de": 1720592630.1676362,
    "es-ES": 1720592645.2611187,
    "es-MX": 1720592660.370837,
    "fr": 1720592675.4772549,
    "it": 1720592690.6016936,
    "ja": 1720592705.718503,
    "ko": 1720592720.8163054,
    "pl": 1720592735.9110024,
    "pt-BR": 1720592751.0073283,
    "ru": 1720592766.1050284,
    "tr": 1720592781.2200668
}