{
    "en-US": 1716711543.0494134,
    "ar": 1716711558.7983234,
    "de": 1716711574.1418748,
    "es-ES": 1716711589.468333,
    "es-MX": 1716711604.941911,
    "fr": 1716711620.641593,
    "it": 1716711636.1002312,
    "ja": 1716711653.4830914,
    "ko": 1716711670.21945,
    "pl": 1716711685.9118242,
    "pt-BR": 1716711701.382434,
    "ru": 1716711716.9204273,
    "tr": 1716711732.4243946
}