{
    "en-US": 1719923332.8963356,
    "ar": 1719923348.0646393,
    "de": 1719923363.2395248,
    "es-ES": 1719923378.429382,
    "es-MX": 1719923393.6169212,
    "fr": 1719923408.7733996,
    "it": 1719923423.9481668,
    "ja": 1719923439.1203668,
    "ko": 1719923454.30775,
    "pl": 1719923469.4785914,
    "pt-BR": 1719923484.679986,
    "ru": 1719923499.8559084,
    "tr": 1719923515.0334427
}