{
    "en-US": 1716452388.1285555,
    "ar": 1716452404.0875137,
    "de": 1716452419.5969334,
    "es-ES": 1716452435.1073134,
    "es-MX": 1716452450.663236,
    "fr": 1716452466.2343023,
    "it": 1716452481.7712152,
    "ja": 1716452498.7459712,
    "ko": 1716452515.672095,
    "pl": 1716452531.4306922,
    "pt-BR": 1716452547.2418432,
    "ru": 1716452562.8593714,
    "tr": 1716452578.4493318
}