{
    "en-US": 1717438957.1800952,
    "ar": 1717438972.8273723,
    "de": 1717438988.5350406,
    "es-ES": 1717439003.901928,
    "es-MX": 1717439019.4018195,
    "fr": 1717439034.8730702,
    "it": 1717439050.4087112,
    "ja": 1717439066.7148306,
    "ko": 1717439082.601963,
    "pl": 1717439098.083826,
    "pt-BR": 1717439113.7801566,
    "ru": 1717439129.2933464,
    "tr": 1717439144.7962828
}