{
    "en-US": 1725772675.4125748,
    "ar": 1725772690.527319,
    "de": 1725772705.6392925,
    "es-ES": 1725772720.7412636,
    "es-MX": 1725772735.8617144,
    "fr": 1725772750.9864078,
    "it": 1725772766.0950263,
    "ja": 1725772781.2059917,
    "ko": 1725772796.3244193,
    "pl": 1725772811.4410071,
    "pt-BR": 1725772826.549369,
    "ru": 1725772841.6789885,
    "tr": 1725772856.7911355
}