{
    "en-US": 1725107444.487135,
    "ar": 1725107459.6617887,
    "de": 1725107474.8284805,
    "es-ES": 1725107489.9785597,
    "es-MX": 1725107505.1659176,
    "fr": 1725107520.3209293,
    "it": 1725107535.4817398,
    "ja": 1725107550.6409328,
    "ko": 1725107565.808394,
    "pl": 1725107580.9685886,
    "pt-BR": 1725107596.158347,
    "ru": 1725107611.3283484,
    "tr": 1725107626.4897878
}