{
    "en-US": 1721704821.0098386,
    "ar": 1721704836.1901114,
    "de": 1721704851.3648899,
    "es-ES": 1721704866.510305,
    "es-MX": 1721704881.7009194,
    "fr": 1721704896.85258,
    "it": 1721704912.046788,
    "ja": 1721704927.201962,
    "ko": 1721704942.3572407,
    "pl": 1721704957.5260553,
    "pt-BR": 1721704972.6868489,
    "ru": 1721704987.8527985,
    "tr": 1721705003.0188599
}