{
    "en-US": 1718435806.4285898,
    "ar": 1718435822.3796687,
    "de": 1718435838.1283472,
    "es-ES": 1718435853.2735891,
    "es-MX": 1718435868.38611,
    "fr": 1718435883.5198941,
    "it": 1718435898.6319313,
    "ja": 1718435913.7434335,
    "ko": 1718435928.8699481,
    "pl": 1718435943.9674156,
    "pt-BR": 1718435959.0871286,
    "ru": 1718435974.1871724,
    "tr": 1718435989.3078177
}