{
    "en-US": 1724430109.3898582,
    "ar": 1724430124.5086036,
    "de": 1724430139.6267955,
    "es-ES": 1724430154.7206426,
    "es-MX": 1724430169.83582,
    "fr": 1724430184.9620116,
    "it": 1724430200.0827024,
    "ja": 1724430215.1863704,
    "ko": 1724430230.2885337,
    "pl": 1724430245.4001822,
    "pt-BR": 1724430260.5434084,
    "ru": 1724430275.6975527,
    "tr": 1724430290.8025947
}