{
    "en-US": 1724553629.3565457,
    "ar": 1724553644.5388076,
    "de": 1724553659.7062306,
    "es-ES": 1724553674.8651574,
    "es-MX": 1724553690.0685399,
    "fr": 1724553705.2240374,
    "it": 1724553720.4051433,
    "ja": 1724553735.582143,
    "ko": 1724553750.7456028,
    "pl": 1724553765.9136016,
    "pt-BR": 1724553781.0996227,
    "ru": 1724553796.254539,
    "tr": 1724553811.4188395
}