{
    "en-US": 1725844681.7068398,
    "ar": 1725844696.805422,
    "de": 1725844711.9227183,
    "es-ES": 1725844727.0057251,
    "es-MX": 1725844742.1267993,
    "fr": 1725844757.2250803,
    "it": 1725844772.3536096,
    "ja": 1725844787.4364035,
    "ko": 1725844802.5345025,
    "pl": 1725844817.6175528,
    "pt-BR": 1725844832.7379677,
    "ru": 1725844847.8419027,
    "tr": 1725844862.9281607
}