{
    "en-US": 1722226772.632885,
    "ar": 1722226787.7974992,
    "de": 1722226802.9732556,
    "es-ES": 1722226818.1491907,
    "es-MX": 1722226833.3292181,
    "fr": 1722226848.488671,
    "it": 1722226863.6689694,
    "ja": 1722226878.8300154,
    "ko": 1722226894.0078888,
    "pl": 1722226909.1635807,
    "pt-BR": 1722226924.339244,
    "ru": 1722226939.5092869,
    "tr": 1722226954.6757934
}