{
    "en-US": 1724646064.814752,
    "ar": 1724646079.9215539,
    "de": 1724646095.0342996,
    "es-ES": 1724646110.127695,
    "es-MX": 1724646125.2426639,
    "fr": 1724646140.4112124,
    "it": 1724646155.5121777,
    "ja": 1724646170.595394,
    "ko": 1724646185.6912146,
    "pl": 1724646200.7867067,
    "pt-BR": 1724646215.896318,
    "ru": 1724646230.994827,
    "tr": 1724646246.0937748
}