{
    "en-US": 1724296780.8434224,
    "ar": 1724296796.0069985,
    "de": 1724296811.1800792,
    "es-ES": 1724296826.3208258,
    "es-MX": 1724296841.4964743,
    "fr": 1724296856.6366765,
    "it": 1724296871.818144,
    "ja": 1724296886.967938,
    "ko": 1724296902.1116242,
    "pl": 1724296917.2637696,
    "pt-BR": 1724296932.4225147,
    "ru": 1724296947.56635,
    "tr": 1724296962.7561889
}