{
    "en-US": 1714688151.1411235,
    "ar": 1714688167.20233,
    "de": 1714688182.701549,
    "es-ES": 1714688198.1856472,
    "es-MX": 1714688213.7175608,
    "fr": 1714688229.2704103,
    "it": 1714688244.8159778,
    "ja": 1714688263.0207372,
    "ko": 1714688280.6051013,
    "pl": 1714688296.1901712,
    "pt-BR": 1714688311.7279925,
    "ru": 1714688327.3916118,
    "tr": 1714688342.9972727
}