{
    "en-US": 1722529316.3211894,
    "ar": 1722529331.442381,
    "de": 1722529346.5422807,
    "es-ES": 1722529361.6351626,
    "es-MX": 1722529376.743984,
    "fr": 1722529391.8433294,
    "it": 1722529406.9708045,
    "ja": 1722529422.066925,
    "ko": 1722529437.1649683,
    "pl": 1722529452.2484512,
    "pt-BR": 1722529467.3490264,
    "ru": 1722529482.4337304,
    "tr": 1722529497.548997
}