{
    "en-US": 1725870245.963407,
    "ar": 1725870261.121564,
    "de": 1725870276.2983923,
    "es-ES": 1725870291.459616,
    "es-MX": 1725870306.6353781,
    "fr": 1725870321.7850819,
    "it": 1725870336.9564981,
    "ja": 1725870352.1164005,
    "ko": 1725870367.2737138,
    "pl": 1725870382.435633,
    "pt-BR": 1725870397.6459246,
    "ru": 1725870412.804001,
    "tr": 1725870427.9659548
}