{
    "en-US": 1718579965.5355213,
    "ar": 1718579980.6771524,
    "de": 1718579995.795589,
    "es-ES": 1718580010.8926094,
    "es-MX": 1718580026.0103528,
    "fr": 1718580041.108979,
    "it": 1718580056.2523305,
    "ja": 1718580071.3671255,
    "ko": 1718580086.4809194,
    "pl": 1718580101.5870996,
    "pt-BR": 1718580116.7214131,
    "ru": 1718580131.8181071,
    "tr": 1718580146.9510946
}