{
    "en-US": 1723911716.326256,
    "ar": 1723911731.4261494,
    "de": 1723911746.5282516,
    "es-ES": 1723911761.6351757,
    "es-MX": 1723911776.7670624,
    "fr": 1723911791.8890202,
    "it": 1723911807.0009203,
    "ja": 1723911822.096335,
    "ko": 1723911837.1949797,
    "pl": 1723911852.30852,
    "pt-BR": 1723911867.4162621,
    "ru": 1723911882.5688634,
    "tr": 1723911897.6618922
}