{
    "en-US": 1715797189.7608604,
    "ar": 1715797205.6945875,
    "de": 1715797221.237601,
    "es-ES": 1715797236.739581,
    "es-MX": 1715797252.265365,
    "fr": 1715797267.8665643,
    "it": 1715797283.8122685,
    "ja": 1715797300.9831345,
    "ko": 1715797317.7186253,
    "pl": 1715797333.2633817,
    "pt-BR": 1715797348.848913,
    "ru": 1715797364.8026829,
    "tr": 1715797380.4248729
}