{
    "en-US": 1725066904.506918,
    "ar": 1725066919.669156,
    "de": 1725066934.8533056,
    "es-ES": 1725066950.0077736,
    "es-MX": 1725066965.1977339,
    "fr": 1725066980.3512378,
    "it": 1725066995.5214446,
    "ja": 1725067010.668879,
    "ko": 1725067025.8382428,
    "pl": 1725067040.9893334,
    "pt-BR": 1725067056.2315085,
    "ru": 1725067071.3798416,
    "tr": 1725067086.540497
}