{
    "en-US": 1718907752.0679934,
    "ar": 1718907768.1273663,
    "de": 1718907783.6025949,
    "es-ES": 1718907798.8114097,
    "es-MX": 1718907814.0880232,
    "fr": 1718907829.2888489,
    "it": 1718907844.4826515,
    "ja": 1718907859.6675684,
    "ko": 1718907874.9304004,
    "pl": 1718907890.1325548,
    "pt-BR": 1718907905.4710536,
    "ru": 1718907920.6507733,
    "tr": 1718907935.8588943
}