{
    "en-US": 1722975365.2140052,
    "ar": 1722975380.3024018,
    "de": 1722975395.404592,
    "es-ES": 1722975410.4948123,
    "es-MX": 1722975425.5876908,
    "fr": 1722975440.6943548,
    "it": 1722975455.7960594,
    "ja": 1722975470.8764355,
    "ko": 1722975485.9686804,
    "pl": 1722975501.0581005,
    "pt-BR": 1722975516.1547637,
    "ru": 1722975531.2661676,
    "tr": 1722975546.357023
}