{
    "en-US": 1725700653.261751,
    "ar": 1725700668.3747072,
    "de": 1725700683.4749498,
    "es-ES": 1725700698.5743854,
    "es-MX": 1725700713.7146032,
    "fr": 1725700728.81392,
    "it": 1725700743.920883,
    "ja": 1725700759.0187874,
    "ko": 1725700774.117174,
    "pl": 1725700789.2180977,
    "pt-BR": 1725700804.3460696,
    "ru": 1725700819.4471803,
    "tr": 1725700834.5598395
}