{
    "en-US": 1723472309.1798885,
    "ar": 1723472324.2850356,
    "de": 1723472339.4003563,
    "es-ES": 1723472354.492671,
    "es-MX": 1723472369.6388793,
    "fr": 1723472384.747735,
    "it": 1723472399.8556693,
    "ja": 1723472414.9479597,
    "ko": 1723472430.0691671,
    "pl": 1723472445.1655676,
    "pt-BR": 1723472460.3881257,
    "ru": 1723472475.4926186,
    "tr": 1723472490.6166403
}