{
    "en-US": 1722906687.5856147,
    "ar": 1722906702.765192,
    "de": 1722906717.9535599,
    "es-ES": 1722906733.1062694,
    "es-MX": 1722906748.2863133,
    "fr": 1722906763.4411345,
    "it": 1722906778.6322398,
    "ja": 1722906793.7935193,
    "ko": 1722906808.9555614,
    "pl": 1722906824.1216943,
    "pt-BR": 1722906839.297646,
    "ru": 1722906854.4556215,
    "tr": 1722906869.6499345
}