{
    "en-US": 1717039071.5459528,
    "ar": 1717039087.2918358,
    "de": 1717039102.715677,
    "es-ES": 1717039118.107182,
    "es-MX": 1717039133.746785,
    "fr": 1717039149.278655,
    "it": 1717039164.8263054,
    "ja": 1717039180.8883882,
    "ko": 1717039196.8544836,
    "pl": 1717039212.3897612,
    "pt-BR": 1717039228.175546,
    "ru": 1717039243.7343245,
    "tr": 1717039259.2875786
}