{
    "en-US": 1725161051.2420092,
    "ar": 1725161066.3380878,
    "de": 1725161081.4361565,
    "es-ES": 1725161096.5209973,
    "es-MX": 1725161111.6358037,
    "fr": 1725161126.7403748,
    "it": 1725161141.849524,
    "ja": 1725161156.9390526,
    "ko": 1725161172.0439231,
    "pl": 1725161187.1287117,
    "pt-BR": 1725161202.2291768,
    "ru": 1725161217.3366213,
    "tr": 1725161232.4360452
}