{
    "en-US": 1714271349.932231,
    "ar": 1714271366.0403855,
    "de": 1714271381.5335495,
    "es-ES": 1714271397.004476,
    "es-MX": 1714271412.5595038,
    "fr": 1714271428.3059566,
    "it": 1714271444.1452432,
    "ja": 1714271461.6718266,
    "ko": 1714271476.960608,
    "pl": 1714271492.1841834,
    "pt-BR": 1714271507.4095855,
    "ru": 1714271523.3118193,
    "tr": 1714271538.885584
}