{
    "en-US": 1722194008.7215931,
    "ar": 1722194023.8241885,
    "de": 1722194038.9284487,
    "es-ES": 1722194054.0183587,
    "es-MX": 1722194069.1274748,
    "fr": 1722194084.217825,
    "it": 1722194099.3441958,
    "ja": 1722194114.4325633,
    "ko": 1722194129.526914,
    "pl": 1722194144.6242197,
    "pt-BR": 1722194159.7409937,
    "ru": 1722194174.8340142,
    "tr": 1722194189.9445195
}