{
    "en-US": 1720751645.1633618,
    "ar": 1720751660.2605367,
    "de": 1720751675.3548055,
    "es-ES": 1720751690.4472594,
    "es-MX": 1720751705.5521257,
    "fr": 1720751720.6552289,
    "it": 1720751735.781175,
    "ja": 1720751750.8741398,
    "ko": 1720751765.960871,
    "pl": 1720751781.0577755,
    "pt-BR": 1720751796.1684854,
    "ru": 1720751811.2656245,
    "tr": 1720751826.3801177
}