{
    "en-US": 1716275727.8694491,
    "ar": 1716275743.7923672,
    "de": 1716275759.278849,
    "es-ES": 1716275774.7594404,
    "es-MX": 1716275790.2894068,
    "fr": 1716275805.8156333,
    "it": 1716275821.3634994,
    "ja": 1716275838.6328611,
    "ko": 1716275855.4330378,
    "pl": 1716275871.2375002,
    "pt-BR": 1716275886.8008795,
    "ru": 1716275902.4098754,
    "tr": 1716275917.9936342
}