{
    "en-US": 1718691760.0605805,
    "ar": 1718691776.3009784,
    "de": 1718691791.702513,
    "es-ES": 1718691806.8294995,
    "es-MX": 1718691822.0026197,
    "fr": 1718691837.102459,
    "it": 1718691852.2144763,
    "ja": 1718691867.3273034,
    "ko": 1718691882.4618912,
    "pl": 1718691897.567586,
    "pt-BR": 1718691912.677914,
    "ru": 1718691927.8074667,
    "tr": 1718691942.9261632
}