{
    "en-US": 1722507553.1698072,
    "ar": 1722507568.294791,
    "de": 1722507583.3981812,
    "es-ES": 1722507598.4826849,
    "es-MX": 1722507613.5824854,
    "fr": 1722507628.6778355,
    "it": 1722507643.8033757,
    "ja": 1722507658.8892756,
    "ko": 1722507674.0090065,
    "pl": 1722507689.0998611,
    "pt-BR": 1722507704.2127283,
    "ru": 1722507719.3056612,
    "tr": 1722507734.4239817
}