{
    "en-US": 1720369092.6180406,
    "ar": 1720369107.7879155,
    "de": 1720369122.966557,
    "es-ES": 1720369138.1429904,
    "es-MX": 1720369153.317666,
    "fr": 1720369168.5092726,
    "it": 1720369183.6893294,
    "ja": 1720369198.865021,
    "ko": 1720369214.0373888,
    "pl": 1720369229.2164686,
    "pt-BR": 1720369244.3884096,
    "ru": 1720369259.5819423,
    "tr": 1720369274.755575
}