{
    "en-US": 1725913136.3345823,
    "ar": 1725913151.5275812,
    "de": 1725913166.7151935,
    "es-ES": 1725913181.8893824,
    "es-MX": 1725913197.111656,
    "fr": 1725913212.2856572,
    "it": 1725913227.462509,
    "ja": 1725913242.6256,
    "ko": 1725913257.7863824,
    "pl": 1725913272.9465108,
    "pt-BR": 1725913288.1508646,
    "ru": 1725913303.3222406,
    "tr": 1725913318.4916701
}