{
    "en-US": 1719612945.9261394,
    "ar": 1719612961.1402764,
    "de": 1719612976.3207283,
    "es-ES": 1719612991.4930255,
    "es-MX": 1719613006.6769693,
    "fr": 1719613021.8486814,
    "it": 1719613037.022043,
    "ja": 1719613052.2123017,
    "ko": 1719613067.3827405,
    "pl": 1719613082.5512438,
    "pt-BR": 1719613097.733011,
    "ru": 1719613112.8966908,
    "tr": 1719613128.068594
}