{
    "en-US": 1716193207.201623,
    "ar": 1716193223.2872262,
    "de": 1716193238.7752879,
    "es-ES": 1716193254.3120236,
    "es-MX": 1716193269.8391309,
    "fr": 1716193285.3631394,
    "it": 1716193300.90688,
    "ja": 1716193317.8420908,
    "ko": 1716193334.450915,
    "pl": 1716193349.9760387,
    "pt-BR": 1716193365.5267167,
    "ru": 1716193381.4185681,
    "tr": 1716193397.0266993
}