{
    "en-US": 1718115342.495662,
    "ar": 1718115358.448163,
    "de": 1718115374.0373797,
    "es-ES": 1718115389.2397676,
    "es-MX": 1718115404.4248097,
    "fr": 1718115419.5975466,
    "it": 1718115434.7883697,
    "ja": 1718115449.9658918,
    "ko": 1718115465.1602764,
    "pl": 1718115480.3264415,
    "pt-BR": 1718115495.5088243,
    "ru": 1718115510.6769931,
    "tr": 1718115525.8533561
}