{
    "en-US": 1725686191.0943336,
    "ar": 1725686206.216516,
    "de": 1725686221.341266,
    "es-ES": 1725686236.4436312,
    "es-MX": 1725686251.5589812,
    "fr": 1725686266.6888647,
    "it": 1725686281.808799,
    "ja": 1725686296.9153986,
    "ko": 1725686312.0241594,
    "pl": 1725686327.129793,
    "pt-BR": 1725686342.2461853,
    "ru": 1725686357.3633416,
    "tr": 1725686372.4766994
}