{
    "en-US": 1716222041.4963882,
    "ar": 1716222057.6958933,
    "de": 1716222073.0664978,
    "es-ES": 1716222088.4197588,
    "es-MX": 1716222104.0819166,
    "fr": 1716222119.828817,
    "it": 1716222135.248949,
    "ja": 1716222153.9211602,
    "ko": 1716222171.1608102,
    "pl": 1716222186.9748075,
    "pt-BR": 1716222202.3718755,
    "ru": 1716222217.839254,
    "tr": 1716222233.7170784
}