{
    "en-US": 1721333857.4833674,
    "ar": 1721333872.6729636,
    "de": 1721333887.8565226,
    "es-ES": 1721333903.035406,
    "es-MX": 1721333918.2355387,
    "fr": 1721333933.3963432,
    "it": 1721333948.6110804,
    "ja": 1721333963.7863219,
    "ko": 1721333978.968072,
    "pl": 1721333994.2756786,
    "pt-BR": 1721334009.4525895,
    "ru": 1721334024.6562753,
    "tr": 1721334039.859059
}