{
    "en-US": 1722961269.8617887,
    "ar": 1722961284.9702199,
    "de": 1722961300.0768313,
    "es-ES": 1722961315.1749685,
    "es-MX": 1722961330.3070776,
    "fr": 1722961345.4194124,
    "it": 1722961360.5469787,
    "ja": 1722961375.6388547,
    "ko": 1722961391.5664077,
    "pl": 1722961406.6776583,
    "pt-BR": 1722961421.8046346,
    "ru": 1722961436.906013,
    "tr": 1722961452.0174413
}