{
    "en-US": 1724037539.7143989,
    "ar": 1724037554.8912356,
    "de": 1724037570.0562632,
    "es-ES": 1724037585.2153568,
    "es-MX": 1724037600.4070065,
    "fr": 1724037615.5613644,
    "it": 1724037630.765846,
    "ja": 1724037645.9280338,
    "ko": 1724037661.0933318,
    "pl": 1724037676.2563515,
    "pt-BR": 1724037691.450206,
    "ru": 1724037706.6160016,
    "tr": 1724037721.7780533
}