{
    "en-US": 1718687807.5708508,
    "ar": 1718687823.557472,
    "de": 1718687839.061642,
    "es-ES": 1718687854.2711027,
    "es-MX": 1718687869.465198,
    "fr": 1718687884.6345637,
    "it": 1718687899.8285599,
    "ja": 1718687915.002539,
    "ko": 1718687930.195489,
    "pl": 1718687945.3813665,
    "pt-BR": 1718687960.5749176,
    "ru": 1718687975.7539973,
    "tr": 1718687990.9431005
}