{
    "en-US": 1713680387.2225466,
    "ar": 1713680409.258993,
    "de": 1713680425.1726208,
    "es-ES": 1713680440.51492,
    "es-MX": 1713680455.8822596,
    "fr": 1713680471.3618896,
    "it": 1713680486.7663815,
    "ja": 1713680504.5050728,
    "ko": 1713680521.2564213,
    "pl": 1713680536.6942475,
    "pt-BR": 1713680552.126713,
    "ru": 1713680567.649464,
    "tr": 1713680583.1578128
}