{
    "en-US": 1719180878.9297855,
    "ar": 1719180894.128204,
    "de": 1719180909.3702278,
    "es-ES": 1719180924.533317,
    "es-MX": 1719180939.704861,
    "fr": 1719180954.8624947,
    "it": 1719180970.055284,
    "ja": 1719180985.2264407,
    "ko": 1719181000.399146,
    "pl": 1719181015.5584657,
    "pt-BR": 1719181030.7300606,
    "ru": 1719181045.8955746,
    "tr": 1719181061.089234
}