{
    "en-US": 1724318295.615563,
    "ar": 1724318310.7217162,
    "de": 1724318325.8223765,
    "es-ES": 1724318340.9108486,
    "es-MX": 1724318356.0185258,
    "fr": 1724318371.111173,
    "it": 1724318386.2357156,
    "ja": 1724318401.3368075,
    "ko": 1724318416.4253879,
    "pl": 1724318431.5107543,
    "pt-BR": 1724318446.610653,
    "ru": 1724318461.707776,
    "tr": 1724318476.8206785
}