{
    "en-US": 1720642748.6800454,
    "ar": 1720642763.8523045,
    "de": 1720642779.0183418,
    "es-ES": 1720642794.1757421,
    "es-MX": 1720642809.37511,
    "fr": 1720642824.5339806,
    "it": 1720642839.7081912,
    "ja": 1720642854.867698,
    "ko": 1720642870.0329359,
    "pl": 1720642885.1936457,
    "pt-BR": 1720642900.38484,
    "ru": 1720642915.5478442,
    "tr": 1720642930.7126331
}