{
    "en-US": 1718281798.8607168,
    "ar": 1718281814.0697951,
    "de": 1718281829.2733583,
    "es-ES": 1718281844.453957,
    "es-MX": 1718281859.6258814,
    "fr": 1718281874.7927623,
    "it": 1718281889.9841692,
    "ja": 1718281905.1485472,
    "ko": 1718281920.3300953,
    "pl": 1718281935.4924898,
    "pt-BR": 1718281950.6830888,
    "ru": 1718281965.8523126,
    "tr": 1718281981.0423832
}