{
    "en-US": 1716023779.3760433,
    "ar": 1716023795.1130402,
    "de": 1716023810.4767892,
    "es-ES": 1716023825.8181527,
    "es-MX": 1716023841.217498,
    "fr": 1716023856.6197524,
    "it": 1716023872.0021176,
    "ja": 1716023889.0367868,
    "ko": 1716023905.5550396,
    "pl": 1716023920.9257588,
    "pt-BR": 1716023936.338047,
    "ru": 1716023951.8072336,
    "tr": 1716023967.238064
}