{
    "en-US": 1725963539.656861,
    "ar": 1725963554.8329644,
    "de": 1725963570.0101836,
    "es-ES": 1725963585.1716504,
    "es-MX": 1725963600.36539,
    "fr": 1725963615.5235908,
    "it": 1725963630.6883748,
    "ja": 1725963645.8460085,
    "ko": 1725963661.0103602,
    "pl": 1725963676.166619,
    "pt-BR": 1725963691.3538733,
    "ru": 1725963706.5180786,
    "tr": 1725963721.687747
}