{
    "en-US": 1723281426.5769105,
    "ar": 1723281441.7401466,
    "de": 1723281456.9030354,
    "es-ES": 1723281472.0641289,
    "es-MX": 1723281487.2436397,
    "fr": 1723281502.4004214,
    "it": 1723281517.5728917,
    "ja": 1723281532.7272031,
    "ko": 1723281547.8833568,
    "pl": 1723281563.0432904,
    "pt-BR": 1723281578.221542,
    "ru": 1723281593.381561,
    "tr": 1723281608.5427938
}