{
    "en-US": 1722287865.174048,
    "ar": 1722287880.330553,
    "de": 1722287895.5053144,
    "es-ES": 1722287910.6719527,
    "es-MX": 1722287925.863618,
    "fr": 1722287941.0113108,
    "it": 1722287956.1852863,
    "ja": 1722287971.3465996,
    "ko": 1722287986.5136466,
    "pl": 1722288001.676251,
    "pt-BR": 1722288016.856106,
    "ru": 1722288032.0146244,
    "tr": 1722288047.1902955
}