{
    "en-US": 1725690200.2426412,
    "ar": 1725690215.3562195,
    "de": 1725690230.4754043,
    "es-ES": 1725690245.6008754,
    "es-MX": 1725690260.7243147,
    "fr": 1725690275.8301935,
    "it": 1725690290.9464364,
    "ja": 1725690306.0525584,
    "ko": 1725690321.163248,
    "pl": 1725690336.2804327,
    "pt-BR": 1725690351.3931541,
    "ru": 1725690366.5032675,
    "tr": 1725690381.6189084
}