{
    "en-US": 1724937717.2725325,
    "ar": 1724937732.4402723,
    "de": 1724937747.6158097,
    "es-ES": 1724937762.7913125,
    "es-MX": 1724937777.982351,
    "fr": 1724937793.1458793,
    "it": 1724937808.3195035,
    "ja": 1724937823.4820993,
    "ko": 1724937838.643089,
    "pl": 1724937853.7996233,
    "pt-BR": 1724937868.9935813,
    "ru": 1724937884.1670413,
    "tr": 1724937899.331582
}