{
    "en-US": 1719887606.0629013,
    "ar": 1719887621.2132852,
    "de": 1719887636.341472,
    "es-ES": 1719887651.484163,
    "es-MX": 1719887666.6040437,
    "fr": 1719887681.7127912,
    "it": 1719887696.8443975,
    "ja": 1719887711.9515154,
    "ko": 1719887727.0701902,
    "pl": 1719887742.199883,
    "pt-BR": 1719887757.3592105,
    "ru": 1719887772.4623754,
    "tr": 1719887787.5749295
}