{
    "en-US": 1724617211.2565765,
    "ar": 1724617226.4345663,
    "de": 1724617241.6020288,
    "es-ES": 1724617256.7612352,
    "es-MX": 1724617271.9532301,
    "fr": 1724617287.1079314,
    "it": 1724617302.2909136,
    "ja": 1724617317.4502077,
    "ko": 1724617332.620423,
    "pl": 1724617347.773237,
    "pt-BR": 1724617362.9678164,
    "ru": 1724617378.1243718,
    "tr": 1724617393.2888777
}