{
    "en-US": 1723842978.15733,
    "ar": 1723842993.2671795,
    "de": 1723843008.3716154,
    "es-ES": 1723843023.464854,
    "es-MX": 1723843038.5800257,
    "fr": 1723843053.705771,
    "it": 1723843068.8117886,
    "ja": 1723843083.917583,
    "ko": 1723843099.0325167,
    "pl": 1723843114.144082,
    "pt-BR": 1723843129.2493846,
    "ru": 1723843144.3690677,
    "tr": 1723843159.4733496
}