{
    "en-US": 1720588633.8888092,
    "ar": 1720588648.99648,
    "de": 1720588664.1064546,
    "es-ES": 1720588679.1931038,
    "es-MX": 1720588694.319203,
    "fr": 1720588709.4097867,
    "it": 1720588724.505458,
    "ja": 1720588739.604935,
    "ko": 1720588754.7012455,
    "pl": 1720588769.7967975,
    "pt-BR": 1720588784.91059,
    "ru": 1720588800.0085297,
    "tr": 1720588815.10246
}