{
    "en-US": 1721895716.3454168,
    "ar": 1721895731.4451663,
    "de": 1721895746.5469434,
    "es-ES": 1721895761.6385586,
    "es-MX": 1721895776.7562413,
    "fr": 1721895791.8492494,
    "it": 1721895806.974443,
    "ja": 1721895822.0742095,
    "ko": 1721895837.171232,
    "pl": 1721895852.2702453,
    "pt-BR": 1721895867.3790016,
    "ru": 1721895882.4663298,
    "tr": 1721895897.6086245
}