{
    "en-US": 1720746560.0897925,
    "ar": 1720746575.261118,
    "de": 1720746590.4376912,
    "es-ES": 1720746605.6014855,
    "es-MX": 1720746620.7843313,
    "fr": 1720746635.959297,
    "it": 1720746651.1622012,
    "ja": 1720746666.3141925,
    "ko": 1720746681.5071218,
    "pl": 1720746696.6638124,
    "pt-BR": 1720746711.8280733,
    "ru": 1720746726.9859521,
    "tr": 1720746742.1677873
}