{
    "en-US": 1718173350.3559477,
    "ar": 1718173366.6971326,
    "de": 1718173382.3619745,
    "es-ES": 1718173397.492916,
    "es-MX": 1718173412.602903,
    "fr": 1718173427.7069707,
    "it": 1718173442.8141634,
    "ja": 1718173457.9129183,
    "ko": 1718173473.0367925,
    "pl": 1718173488.1345985,
    "pt-BR": 1718173503.2453644,
    "ru": 1718173518.3421142,
    "tr": 1718173533.4593072
}