{
    "en-US": 1721264982.2884123,
    "ar": 1721264997.4673126,
    "de": 1721265012.6472208,
    "es-ES": 1721265027.8066962,
    "es-MX": 1721265042.9893558,
    "fr": 1721265058.1656036,
    "it": 1721265073.355976,
    "ja": 1721265088.515924,
    "ko": 1721265103.675306,
    "pl": 1721265118.831239,
    "pt-BR": 1721265134.000398,
    "ru": 1721265149.191038,
    "tr": 1721265164.3523297
}