{
    "en-US": 1725113710.93046,
    "ar": 1725113726.0725198,
    "de": 1725113741.1810322,
    "es-ES": 1725113756.3003392,
    "es-MX": 1725113771.4452472,
    "fr": 1725113786.553472,
    "it": 1725113801.6727085,
    "ja": 1725113816.7668061,
    "ko": 1725113831.8646715,
    "pl": 1725113846.9632878,
    "pt-BR": 1725113862.22641,
    "ru": 1725113877.320388,
    "tr": 1725113892.4251192
}