{
    "en-US": 1720573832.9341285,
    "ar": 1720573848.1055162,
    "de": 1720573863.2802424,
    "es-ES": 1720573878.4319892,
    "es-MX": 1720573893.6106756,
    "fr": 1720573908.7848656,
    "it": 1720573923.96068,
    "ja": 1720573939.1370413,
    "ko": 1720573954.2987087,
    "pl": 1720573969.4535975,
    "pt-BR": 1720573984.6199756,
    "ru": 1720573999.7942975,
    "tr": 1720574014.9546876
}