{
    "en-US": 1717474754.157173,
    "ar": 1717474770.0639699,
    "de": 1717474785.4803808,
    "es-ES": 1717474800.9119728,
    "es-MX": 1717474816.4755597,
    "fr": 1717474832.0399892,
    "it": 1717474847.6319919,
    "ja": 1717474864.9285665,
    "ko": 1717474881.6113763,
    "pl": 1717474897.1804252,
    "pt-BR": 1717474912.7205174,
    "ru": 1717474928.3336165,
    "tr": 1717474944.2388344
}