{
    "en-US": 1720228037.5532296,
    "ar": 1720228052.7354937,
    "de": 1720228067.913845,
    "es-ES": 1720228083.080388,
    "es-MX": 1720228098.2774744,
    "fr": 1720228113.444577,
    "it": 1720228128.6377401,
    "ja": 1720228143.8173194,
    "ko": 1720228158.9853168,
    "pl": 1720228174.152993,
    "pt-BR": 1720228189.3295994,
    "ru": 1720228204.505279,
    "tr": 1720228219.6954463
}