{
    "en-US": 1716718630.6150682,
    "ar": 1716718646.39428,
    "de": 1716718661.7995224,
    "es-ES": 1716718677.4361672,
    "es-MX": 1716718692.9859495,
    "fr": 1716718708.5074682,
    "it": 1716718724.0454774,
    "ja": 1716718740.8778806,
    "ko": 1716718757.3291223,
    "pl": 1716718772.865543,
    "pt-BR": 1716718788.3681648,
    "ru": 1716718803.9420156,
    "tr": 1716718819.4824944
}