{
    "en-US": 1718442992.4484766,
    "ar": 1718443008.5772295,
    "de": 1718443024.2527099,
    "es-ES": 1718443039.8733125,
    "es-MX": 1718443054.999707,
    "fr": 1718443070.118766,
    "it": 1718443085.232561,
    "ja": 1718443100.3334718,
    "ko": 1718443115.7549465,
    "pl": 1718443130.8662858,
    "pt-BR": 1718443145.982425,
    "ru": 1718443161.0784438,
    "tr": 1718443176.1843522
}