{
    "en-US": 1720924881.9900892,
    "ar": 1720924897.093495,
    "de": 1720924912.1924608,
    "es-ES": 1720924927.3089943,
    "es-MX": 1720924942.4710095,
    "fr": 1720924957.5712845,
    "it": 1720924972.669073,
    "ja": 1720924987.7524602,
    "ko": 1720925002.8364723,
    "pl": 1720925017.9425857,
    "pt-BR": 1720925033.0562518,
    "ru": 1720925048.1467645,
    "tr": 1720925063.2474973
}