{
    "en-US": 1716459494.8711705,
    "ar": 1716459510.8523717,
    "de": 1716459526.3583834,
    "es-ES": 1716459541.8427434,
    "es-MX": 1716459557.3689902,
    "fr": 1716459572.8878162,
    "it": 1716459588.4216785,
    "ja": 1716459605.608741,
    "ko": 1716459622.8766518,
    "pl": 1716459638.4600184,
    "pt-BR": 1716459653.9970343,
    "ru": 1716459669.636605,
    "tr": 1716459685.2180138
}