{
    "en-US": 1722406807.5089507,
    "ar": 1722406822.6093833,
    "de": 1722406837.7184412,
    "es-ES": 1722406852.8061001,
    "es-MX": 1722406867.9057214,
    "fr": 1722406883.003997,
    "it": 1722406898.1146543,
    "ja": 1722406913.197133,
    "ko": 1722406928.2829785,
    "pl": 1722406943.3661425,
    "pt-BR": 1722406958.4634442,
    "ru": 1722406973.5457633,
    "tr": 1722406988.6553779
}