{
    "en-US": 1715105997.2920673,
    "ar": 1715106013.05919,
    "de": 1715106028.5027006,
    "es-ES": 1715106043.9167693,
    "es-MX": 1715106059.4098923,
    "fr": 1715106074.877316,
    "it": 1715106090.3629298,
    "ja": 1715106106.691423,
    "ko": 1715106122.7732055,
    "pl": 1715106138.5611067,
    "pt-BR": 1715106154.0965264,
    "ru": 1715106169.6091917,
    "tr": 1715106185.1717737
}