{
    "en-US": 1725200093.7032905,
    "ar": 1725200108.8026752,
    "de": 1725200123.9231782,
    "es-ES": 1725200139.027385,
    "es-MX": 1725200154.1354887,
    "fr": 1725200169.2427979,
    "it": 1725200184.3555484,
    "ja": 1725200199.4524267,
    "ko": 1725200214.5424974,
    "pl": 1725200229.639429,
    "pt-BR": 1725200244.7484865,
    "ru": 1725200259.860554,
    "tr": 1725200274.9507198
}