{
    "en-US": 1718079654.6049354,
    "ar": 1718079670.542735,
    "de": 1718079686.2275243,
    "es-ES": 1718079701.926426,
    "es-MX": 1718079717.062822,
    "fr": 1718079732.181903,
    "it": 1718079747.303248,
    "ja": 1718079762.4307692,
    "ko": 1718079777.5324526,
    "pl": 1718079792.6383152,
    "pt-BR": 1718079807.7763617,
    "ru": 1718079822.8862026,
    "tr": 1718079838.0265734
}