{
    "en-US": 1721625475.1514235,
    "ar": 1721625490.300977,
    "de": 1721625505.417679,
    "es-ES": 1721625520.508415,
    "es-MX": 1721625535.6072378,
    "fr": 1721625550.6977265,
    "it": 1721625565.818586,
    "ja": 1721625580.9261508,
    "ko": 1721625596.021059,
    "pl": 1721625611.1066773,
    "pt-BR": 1721625626.2054818,
    "ru": 1721625641.31888,
    "tr": 1721625656.41852
}