{
    "en-US": 1724584539.8618088,
    "ar": 1724584555.028089,
    "de": 1724584570.1846573,
    "es-ES": 1724584585.3284569,
    "es-MX": 1724584600.509409,
    "fr": 1724584615.658815,
    "it": 1724584630.8161163,
    "ja": 1724584645.960163,
    "ko": 1724584661.1099844,
    "pl": 1724584676.259986,
    "pt-BR": 1724584691.434675,
    "ru": 1724584706.5796788,
    "tr": 1724584721.755495
}