{
    "en-US": 1714876074.599732,
    "ar": 1714876090.481699,
    "de": 1714876105.8360941,
    "es-ES": 1714876121.1801012,
    "es-MX": 1714876136.604961,
    "fr": 1714876152.020763,
    "it": 1714876167.4359703,
    "ja": 1714876184.9399154,
    "ko": 1714876201.820145,
    "pl": 1714876217.1876664,
    "pt-BR": 1714876232.8244262,
    "ru": 1714876248.7339468,
    "tr": 1714876264.6149426
}