{
    "en-US": 1717575619.8599517,
    "ar": 1717575635.7429864,
    "de": 1717575651.3691115,
    "es-ES": 1717575666.7329485,
    "es-MX": 1717575682.2064862,
    "fr": 1717575697.6797273,
    "it": 1717575713.14985,
    "ja": 1717575730.061189,
    "ko": 1717575746.8265429,
    "pl": 1717575762.5809383,
    "pt-BR": 1717575778.3283575,
    "ru": 1717575794.1739802,
    "tr": 1717575809.6862564
}