{
    "en-US": 1723987099.6808074,
    "ar": 1723987114.7716446,
    "de": 1723987129.865003,
    "es-ES": 1723987144.9554348,
    "es-MX": 1723987160.055286,
    "fr": 1723987175.1621017,
    "it": 1723987190.2611816,
    "ja": 1723987205.3455136,
    "ko": 1723987220.4378338,
    "pl": 1723987235.5217943,
    "pt-BR": 1723987250.6191385,
    "ru": 1723987265.718377,
    "tr": 1723987280.8163617
}