{
    "en-US": 1716761647.7570536,
    "ar": 1716761663.4662387,
    "de": 1716761678.8738391,
    "es-ES": 1716761694.2577024,
    "es-MX": 1716761709.789795,
    "fr": 1716761725.314702,
    "it": 1716761740.8488996,
    "ja": 1716761756.9788187,
    "ko": 1716761772.8994734,
    "pl": 1716761788.4349308,
    "pt-BR": 1716761803.963683,
    "ru": 1716761819.513721,
    "tr": 1716761835.0522788
}