{
    "en-US": 1715389456.5997043,
    "ar": 1715389471.82487,
    "de": 1715389487.977409,
    "es-ES": 1715389503.1995609,
    "es-MX": 1715389519.3044477,
    "fr": 1715389534.5146437,
    "it": 1715389549.7343335,
    "ja": 1715389564.917631,
    "ko": 1715389582.1910598,
    "pl": 1715389597.4043174,
    "pt-BR": 1715389612.6057646,
    "ru": 1715389627.79902,
    "tr": 1715389643.0070205
}