{
    "en-US": 1723084610.6935008,
    "ar": 1723084625.7982852,
    "de": 1723084640.9259875,
    "es-ES": 1723084656.0089726,
    "es-MX": 1723084671.119976,
    "fr": 1723084686.2378736,
    "it": 1723084701.33788,
    "ja": 1723084716.4161468,
    "ko": 1723084731.5016031,
    "pl": 1723084746.5925872,
    "pt-BR": 1723084761.6938004,
    "ru": 1723084776.8039622,
    "tr": 1723084791.8906376
}