{
    "en-US": 1715274849.0754135,
    "ar": 1715274865.337657,
    "de": 1715274880.8583584,
    "es-ES": 1715274896.592034,
    "es-MX": 1715274912.378756,
    "fr": 1715274927.9473112,
    "it": 1715274943.5665314,
    "ja": 1715274960.9246502,
    "ko": 1715274977.978448,
    "pl": 1715274994.035778,
    "pt-BR": 1715275009.59472,
    "ru": 1715275025.2370808,
    "tr": 1715275040.8361728
}