{
    "en-US": 1719609434.9099295,
    "ar": 1719609450.0214853,
    "de": 1719609465.1325772,
    "es-ES": 1719609480.245754,
    "es-MX": 1719609495.3653677,
    "fr": 1719609510.4806461,
    "it": 1719609525.6074624,
    "ja": 1719609540.7380366,
    "ko": 1719609555.8646529,
    "pl": 1719609570.9710596,
    "pt-BR": 1719609586.1003172,
    "ru": 1719609601.2055001,
    "tr": 1719609616.3447053
}