{
    "en-US": 1717600660.4257872,
    "ar": 1717600676.4219213,
    "de": 1717600692.03995,
    "es-ES": 1717600707.2359662,
    "es-MX": 1717600722.4268372,
    "fr": 1717600737.6052237,
    "it": 1717600752.7987306,
    "ja": 1717600767.9699087,
    "ko": 1717600783.1613967,
    "pl": 1717600798.3396375,
    "pt-BR": 1717600813.5322433,
    "ru": 1717600828.7206883,
    "tr": 1717600843.9106927
}