{
    "en-US": 1716884488.90175,
    "ar": 1716884505.0014832,
    "de": 1716884520.4856768,
    "es-ES": 1716884535.957556,
    "es-MX": 1716884551.7771208,
    "fr": 1716884567.379093,
    "it": 1716884583.2368023,
    "ja": 1716884600.3609495,
    "ko": 1716884616.789259,
    "pl": 1716884632.4528155,
    "pt-BR": 1716884648.0632634,
    "ru": 1716884663.7319958,
    "tr": 1716884679.3762147
}