{
    "en-US": 1715624343.1379485,
    "ar": 1715624359.1831539,
    "de": 1715624374.7204514,
    "es-ES": 1715624390.227238,
    "es-MX": 1715624405.8164332,
    "fr": 1715624421.556398,
    "it": 1715624437.1255627,
    "ja": 1715624454.6350684,
    "ko": 1715624471.3386009,
    "pl": 1715624486.990833,
    "pt-BR": 1715624502.6333497,
    "ru": 1715624518.2545223,
    "tr": 1715624533.8844233
}