{
    "en-US": 1718860563.6282759,
    "ar": 1718860579.499702,
    "de": 1718860594.9503627,
    "es-ES": 1718860610.1358557,
    "es-MX": 1718860625.3891563,
    "fr": 1718860640.5545945,
    "it": 1718860655.7380152,
    "ja": 1718860670.9134429,
    "ko": 1718860686.1037464,
    "pl": 1718860701.2673628,
    "pt-BR": 1718860716.440442,
    "ru": 1718860731.6234689,
    "tr": 1718860746.7932925
}