{
    "en-US": 1722702063.8332312,
    "ar": 1722702079.0181456,
    "de": 1722702094.204237,
    "es-ES": 1722702109.3672976,
    "es-MX": 1722702124.5535922,
    "fr": 1722702139.7234259,
    "it": 1722702154.9195476,
    "ja": 1722702170.087438,
    "ko": 1722702185.258439,
    "pl": 1722702200.415027,
    "pt-BR": 1722702215.590838,
    "ru": 1722702230.7540805,
    "tr": 1722702245.9407117
}