{
    "en-US": 1716172291.4643815,
    "ar": 1716172307.3874786,
    "de": 1716172322.8163202,
    "es-ES": 1716172338.2342982,
    "es-MX": 1716172353.7191658,
    "fr": 1716172369.521308,
    "it": 1716172385.0077882,
    "ja": 1716172402.3534997,
    "ko": 1716172419.1117854,
    "pl": 1716172434.5970604,
    "pt-BR": 1716172450.0785117,
    "ru": 1716172465.6143641,
    "tr": 1716172481.1575794
}