{
    "en-US": 1725456206.2405987,
    "ar": 1725456221.40493,
    "de": 1725456236.570066,
    "es-ES": 1725456251.7336197,
    "es-MX": 1725456266.9119737,
    "fr": 1725456282.0688,
    "it": 1725456297.233768,
    "ja": 1725456312.3888955,
    "ko": 1725456327.5524995,
    "pl": 1725456342.7233782,
    "pt-BR": 1725456357.9250033,
    "ru": 1725456373.087478,
    "tr": 1725456388.2546315
}