{
    "en-US": 1726024716.363974,
    "ar": 1726024731.5373561,
    "de": 1726024746.715956,
    "es-ES": 1726024761.904945,
    "es-MX": 1726024777.1005235,
    "fr": 1726024792.2605786,
    "it": 1726024807.4345171,
    "ja": 1726024822.5978816,
    "ko": 1726024837.7592885,
    "pl": 1726024852.914706,
    "pt-BR": 1726024868.1086304,
    "ru": 1726024883.2775726,
    "tr": 1726024898.4499247
}