{
    "en-US": 1719462078.1731374,
    "ar": 1719462093.3391178,
    "de": 1719462108.5258253,
    "es-ES": 1719462123.6882484,
    "es-MX": 1719462138.9066548,
    "fr": 1719462154.0770378,
    "it": 1719462169.2530282,
    "ja": 1719462184.416284,
    "ko": 1719462199.587905,
    "pl": 1719462214.7488449,
    "pt-BR": 1719462229.9451916,
    "ru": 1719462245.1106882,
    "tr": 1719462260.2864707
}