{
    "en-US": 1723400594.6783395,
    "ar": 1723400609.8459916,
    "de": 1723400625.0092547,
    "es-ES": 1723400640.1535358,
    "es-MX": 1723400655.3183331,
    "fr": 1723400670.4710073,
    "it": 1723400685.6267183,
    "ja": 1723400700.7729836,
    "ko": 1723400715.922245,
    "pl": 1723400731.075278,
    "pt-BR": 1723400746.230054,
    "ru": 1723400761.3993692,
    "tr": 1723400776.5442278
}