{
    "en-US": 1717204272.149891,
    "ar": 1717204287.9975047,
    "de": 1717204303.6133163,
    "es-ES": 1717204319.309877,
    "es-MX": 1717204335.107321,
    "fr": 1717204350.5815048,
    "it": 1717204366.0848641,
    "ja": 1717204383.4306386,
    "ko": 1717204400.3903422,
    "pl": 1717204416.168596,
    "pt-BR": 1717204431.9598367,
    "ru": 1717204447.5441976,
    "tr": 1717204463.3100832
}