{
    "en-US": 1723862075.838668,
    "ar": 1723862090.9542162,
    "de": 1723862106.052396,
    "es-ES": 1723862121.133025,
    "es-MX": 1723862136.2308342,
    "fr": 1723862151.3296883,
    "it": 1723862166.4264965,
    "ja": 1723862181.5065684,
    "ko": 1723862196.5909023,
    "pl": 1723862211.6756234,
    "pt-BR": 1723862226.7922454,
    "ru": 1723862241.8885648,
    "tr": 1723862256.9710178
}