{
    "en-US": 1720559849.7878075,
    "ar": 1720559864.9518943,
    "de": 1720559880.1243296,
    "es-ES": 1720559895.2899423,
    "es-MX": 1720559910.4789445,
    "fr": 1720559925.632767,
    "it": 1720559940.8159907,
    "ja": 1720559955.9819825,
    "ko": 1720559971.144278,
    "pl": 1720559986.3029006,
    "pt-BR": 1720560001.5378075,
    "ru": 1720560016.7088313,
    "tr": 1720560031.882538
}