{
    "en-US": 1715710835.0486228,
    "ar": 1715710850.8404012,
    "de": 1715710866.3605301,
    "es-ES": 1715710881.7163632,
    "es-MX": 1715710897.15026,
    "fr": 1715710912.8416767,
    "it": 1715710928.510854,
    "ja": 1715710946.2566426,
    "ko": 1715710963.0116313,
    "pl": 1715710978.484762,
    "pt-BR": 1715710993.9271572,
    "ru": 1715711009.8097706,
    "tr": 1715711025.2941942
}