{
    "en-US": 1720701077.0452526,
    "ar": 1720701092.2119825,
    "de": 1720701107.394661,
    "es-ES": 1720701122.5524042,
    "es-MX": 1720701137.7560716,
    "fr": 1720701152.9132342,
    "it": 1720701168.088634,
    "ja": 1720701183.2551446,
    "ko": 1720701198.4150493,
    "pl": 1720701213.5718768,
    "pt-BR": 1720701228.7797742,
    "ru": 1720701243.9402997,
    "tr": 1720701259.1025052
}