{
    "en-US": 1716279586.7057755,
    "ar": 1716279602.6607661,
    "de": 1716279618.3919585,
    "es-ES": 1716279633.8826437,
    "es-MX": 1716279649.417533,
    "fr": 1716279665.2207587,
    "it": 1716279680.760206,
    "ja": 1716279698.647232,
    "ko": 1716279715.5174086,
    "pl": 1716279731.2921672,
    "pt-BR": 1716279746.8393705,
    "ru": 1716279762.4076722,
    "tr": 1716279778.1645448
}