{
    "en-US": 1719062325.4257507,
    "ar": 1719062341.3508565,
    "de": 1719062357.319881,
    "es-ES": 1719062372.9779453,
    "es-MX": 1719062389.0299113,
    "fr": 1719062404.7921932,
    "it": 1719062419.9200222,
    "ja": 1719062435.0669105,
    "ko": 1719062450.1764426,
    "pl": 1719062465.2778313,
    "pt-BR": 1719062480.4161718,
    "ru": 1719062495.5227153,
    "tr": 1719062510.6239767
}