{
    "en-US": 1719162861.0989165,
    "ar": 1719162877.2114267,
    "de": 1719162893.089588,
    "es-ES": 1719162909.354799,
    "es-MX": 1719162924.5573485,
    "fr": 1719162939.7650893,
    "it": 1719162954.959689,
    "ja": 1719162970.1302133,
    "ko": 1719162985.3040342,
    "pl": 1719163000.4932191,
    "pt-BR": 1719163015.6810641,
    "ru": 1719163030.8574576,
    "tr": 1719163046.0470133
}