{
    "en-US": 1717751857.9539611,
    "ar": 1717751873.8698583,
    "de": 1717751889.5897741,
    "es-ES": 1717751905.0521393,
    "es-MX": 1717751920.2440884,
    "fr": 1717751935.4008574,
    "it": 1717751950.5740757,
    "ja": 1717751965.7426655,
    "ko": 1717751980.9078736,
    "pl": 1717751996.1030774,
    "pt-BR": 1717752011.2851517,
    "ru": 1717752026.4454958,
    "tr": 1717752041.6174834
}