{
    "en-US": 1715858017.192571,
    "ar": 1715858032.8982172,
    "de": 1715858048.2928944,
    "es-ES": 1715858063.6916718,
    "es-MX": 1715858079.134641,
    "fr": 1715858094.590552,
    "it": 1715858110.0581303,
    "ja": 1715858126.1587055,
    "ko": 1715858142.059714,
    "pl": 1715858157.5310905,
    "pt-BR": 1715858173.0017135,
    "ru": 1715858188.5145724,
    "tr": 1715858203.9611313
}