{
    "en-US": 1713809923.4125957,
    "ar": 1713809939.4810386,
    "de": 1713809954.9892719,
    "es-ES": 1713809970.4729207,
    "es-MX": 1713809986.0328023,
    "fr": 1713810001.5877948,
    "it": 1713810017.1468163,
    "ja": 1713810033.5103474,
    "ko": 1713810049.5898595,
    "pl": 1713810065.3284516,
    "pt-BR": 1713810081.1395414,
    "ru": 1713810096.7397156,
    "tr": 1713810112.541971
}