{
    "en-US": 1723220452.4845343,
    "ar": 1723220467.6535707,
    "de": 1723220482.8405287,
    "es-ES": 1723220497.9975607,
    "es-MX": 1723220513.1836858,
    "fr": 1723220528.3461654,
    "it": 1723220543.508991,
    "ja": 1723220558.6693268,
    "ko": 1723220573.8302026,
    "pl": 1723220588.9838812,
    "pt-BR": 1723220604.168066,
    "ru": 1723220619.3259609,
    "tr": 1723220634.4963331
}