{
    "en-US": 1724375561.699514,
    "ar": 1724375576.8816133,
    "de": 1724375592.0752308,
    "es-ES": 1724375607.257208,
    "es-MX": 1724375622.4333746,
    "fr": 1724375637.6287205,
    "it": 1724375652.8147619,
    "ja": 1724375667.9966106,
    "ko": 1724375683.2157717,
    "pl": 1724375698.4065256,
    "pt-BR": 1724375713.6636295,
    "ru": 1724375728.862692,
    "tr": 1724375744.0348504
}