{
    "en-US": 1724300403.6251125,
    "ar": 1724300418.7384892,
    "de": 1724300433.835224,
    "es-ES": 1724300448.9307692,
    "es-MX": 1724300464.043219,
    "fr": 1724300479.1325908,
    "it": 1724300494.2564292,
    "ja": 1724300509.357889,
    "ko": 1724300524.4534755,
    "pl": 1724300539.5410957,
    "pt-BR": 1724300554.6400077,
    "ru": 1724300569.7316582,
    "tr": 1724300584.853673
}