{
    "en-US": 1719369145.4498985,
    "ar": 1719369160.570452,
    "de": 1719369175.6997123,
    "es-ES": 1719369190.809969,
    "es-MX": 1719369205.9346805,
    "fr": 1719369221.0791552,
    "it": 1719369236.2067704,
    "ja": 1719369251.3160253,
    "ko": 1719369266.4298217,
    "pl": 1719369281.5365007,
    "pt-BR": 1719369296.6634514,
    "ru": 1719369311.7976375,
    "tr": 1719369326.922224
}