{
    "en-US": 1724416302.8732033,
    "ar": 1724416318.047905,
    "de": 1724416333.2108474,
    "es-ES": 1724416348.3716009,
    "es-MX": 1724416363.5666258,
    "fr": 1724416378.7250948,
    "it": 1724416393.8866131,
    "ja": 1724416409.0435443,
    "ko": 1724416424.205431,
    "pl": 1724416439.3772652,
    "pt-BR": 1724416454.5666392,
    "ru": 1724416469.726533,
    "tr": 1724416484.8825066
}