{
    "en-US": 1722957547.177011,
    "ar": 1722957562.3749504,
    "de": 1722957577.5655715,
    "es-ES": 1722957592.7444289,
    "es-MX": 1722957607.9642794,
    "fr": 1722957623.1563873,
    "it": 1722957638.360549,
    "ja": 1722957653.5403876,
    "ko": 1722957668.7239795,
    "pl": 1722957683.909552,
    "pt-BR": 1722957699.2220051,
    "ru": 1722957714.4128058,
    "tr": 1722957729.5990503
}