{
    "en-US": 1717900617.0757158,
    "ar": 1717900633.4020183,
    "de": 1717900649.592907,
    "es-ES": 1717900665.3986454,
    "es-MX": 1717900680.6388736,
    "fr": 1717900695.8049197,
    "it": 1717900710.991986,
    "ja": 1717900726.16821,
    "ko": 1717900741.3452377,
    "pl": 1717900756.5484653,
    "pt-BR": 1717900771.7458546,
    "ru": 1717900786.9362943,
    "tr": 1717900802.1229522
}