{
    "en-US": 1717295623.344634,
    "ar": 1717295639.499461,
    "de": 1717295655.210564,
    "es-ES": 1717295670.889311,
    "es-MX": 1717295686.7033405,
    "fr": 1717295702.5578792,
    "it": 1717295718.44997,
    "ja": 1717295735.4151835,
    "ko": 1717295752.090211,
    "pl": 1717295768.1650066,
    "pt-BR": 1717295783.9675546,
    "ru": 1717295799.8390825,
    "tr": 1717295815.7405543
}