{
    "en-US": 1725945452.965171,
    "ar": 1725945468.1306157,
    "de": 1725945483.2982318,
    "es-ES": 1725945498.4631226,
    "es-MX": 1725945513.6448996,
    "fr": 1725945528.8090985,
    "it": 1725945543.981367,
    "ja": 1725945559.1418593,
    "ko": 1725945574.312557,
    "pl": 1725945589.4727943,
    "pt-BR": 1725945604.6677623,
    "ru": 1725945619.840951,
    "tr": 1725945635.0063345
}