{
    "en-US": 1723811484.8612642,
    "ar": 1723811500.0167513,
    "de": 1723811515.181187,
    "es-ES": 1723811530.3371725,
    "es-MX": 1723811545.5018373,
    "fr": 1723811560.661425,
    "it": 1723811575.8511055,
    "ja": 1723811591.0406756,
    "ko": 1723811606.2049685,
    "pl": 1723811621.3594263,
    "pt-BR": 1723811636.5220354,
    "ru": 1723811651.6828897,
    "tr": 1723811666.8659396
}