{
    "en-US": 1722277344.4824092,
    "ar": 1722277359.5972164,
    "de": 1722277374.740062,
    "es-ES": 1722277389.8494322,
    "es-MX": 1722277404.9829664,
    "fr": 1722277420.0840986,
    "it": 1722277435.228796,
    "ja": 1722277450.345508,
    "ko": 1722277465.4574344,
    "pl": 1722277480.5548747,
    "pt-BR": 1722277495.6849298,
    "ru": 1722277510.781165,
    "tr": 1722277525.8850079
}