{
    "en-US": 1722763024.9197726,
    "ar": 1722763040.0239196,
    "de": 1722763055.1244144,
    "es-ES": 1722763070.2081063,
    "es-MX": 1722763085.3184867,
    "fr": 1722763100.4110627,
    "it": 1722763115.5260122,
    "ja": 1722763130.6243644,
    "ko": 1722763145.7111137,
    "pl": 1722763160.8005748,
    "pt-BR": 1722763175.8995943,
    "ru": 1722763191.001633,
    "tr": 1722763206.1133592
}