{
    "en-US": 1723344025.2380655,
    "ar": 1723344040.3463073,
    "de": 1723344055.4477603,
    "es-ES": 1723344070.5530255,
    "es-MX": 1723344085.6640978,
    "fr": 1723344100.7655325,
    "it": 1723344115.8801486,
    "ja": 1723344130.9898114,
    "ko": 1723344146.088949,
    "pl": 1723344161.1864219,
    "pt-BR": 1723344176.3006558,
    "ru": 1723344191.4157083,
    "tr": 1723344206.5151193
}