{
    "en-US": 1721442805.5303178,
    "ar": 1721442820.6438909,
    "de": 1721442835.761223,
    "es-ES": 1721442850.8636918,
    "es-MX": 1721442865.9666092,
    "fr": 1721442881.0856152,
    "it": 1721442896.1811485,
    "ja": 1721442911.2799652,
    "ko": 1721442926.3854322,
    "pl": 1721442941.4883575,
    "pt-BR": 1721442956.5964403,
    "ru": 1721442971.7041771,
    "tr": 1721442986.8059788
}