{
    "en-US": 1718284716.6837814,
    "ar": 1718284732.995064,
    "de": 1718284748.5484815,
    "es-ES": 1718284763.740906,
    "es-MX": 1718284778.9144003,
    "fr": 1718284794.0729158,
    "it": 1718284809.2458875,
    "ja": 1718284824.4131021,
    "ko": 1718284839.5946817,
    "pl": 1718284854.7541244,
    "pt-BR": 1718284869.9399548,
    "ru": 1718284885.1069386,
    "tr": 1718284900.294981
}