{
    "en-US": 1721600119.7518044,
    "ar": 1721600135.0115275,
    "de": 1721600150.2413068,
    "es-ES": 1721600165.4604251,
    "es-MX": 1721600180.70196,
    "fr": 1721600195.9111958,
    "it": 1721600211.1563342,
    "ja": 1721600226.3762567,
    "ko": 1721600241.5968962,
    "pl": 1721600256.7612214,
    "pt-BR": 1721600271.948686,
    "ru": 1721600287.1099107,
    "tr": 1721600302.2994165
}