{
    "en-US": 1721531968.5045552,
    "ar": 1721531983.6821265,
    "de": 1721531998.8489456,
    "es-ES": 1721532014.0077696,
    "es-MX": 1721532029.1831198,
    "fr": 1721532044.3342414,
    "it": 1721532059.5107977,
    "ja": 1721532074.6669302,
    "ko": 1721532089.828692,
    "pl": 1721532104.9857013,
    "pt-BR": 1721532120.1588683,
    "ru": 1721532135.3223848,
    "tr": 1721532150.5001304
}