{
    "en-US": 1718850725.3084676,
    "ar": 1718850741.248055,
    "de": 1718850757.1049862,
    "es-ES": 1718850772.3098814,
    "es-MX": 1718850787.585382,
    "fr": 1718850802.7499318,
    "it": 1718850817.9322398,
    "ja": 1718850833.105769,
    "ko": 1718850848.3604639,
    "pl": 1718850863.5379312,
    "pt-BR": 1718850878.7289991,
    "ru": 1718850893.9024518,
    "tr": 1718850909.085732
}