{
    "en-US": 1719584136.8368511,
    "ar": 1719584151.9539988,
    "de": 1719584167.0829468,
    "es-ES": 1719584182.184133,
    "es-MX": 1719584197.3166087,
    "fr": 1719584212.417385,
    "it": 1719584227.5641587,
    "ja": 1719584242.6757233,
    "ko": 1719584257.7989504,
    "pl": 1719584272.9127157,
    "pt-BR": 1719584288.0623116,
    "ru": 1719584303.1899216,
    "tr": 1719584318.343252
}