{
    "en-US": 1724005232.9855974,
    "ar": 1724005248.1529784,
    "de": 1724005263.3270812,
    "es-ES": 1724005278.4765599,
    "es-MX": 1724005293.6655977,
    "fr": 1724005308.8173373,
    "it": 1724005323.9766464,
    "ja": 1724005339.136341,
    "ko": 1724005354.3008482,
    "pl": 1724005369.4563544,
    "pt-BR": 1724005384.6415973,
    "ru": 1724005399.799232,
    "tr": 1724005414.966427
}