{
    "en-US": 1721197403.3623776,
    "ar": 1721197418.5260239,
    "de": 1721197433.7022026,
    "es-ES": 1721197448.8546484,
    "es-MX": 1721197464.0190494,
    "fr": 1721197479.1770341,
    "it": 1721197494.367341,
    "ja": 1721197509.5165045,
    "ko": 1721197524.6732585,
    "pl": 1721197539.8248837,
    "pt-BR": 1721197554.9991887,
    "ru": 1721197570.1640272,
    "tr": 1721197585.362429
}