{
    "en-US": 1714825518.1626525,
    "ar": 1714825534.5494807,
    "de": 1714825550.221268,
    "es-ES": 1714825565.9019845,
    "es-MX": 1714825581.6215405,
    "fr": 1714825597.3165748,
    "it": 1714825612.972546,
    "ja": 1714825630.8725855,
    "ko": 1714825647.8854861,
    "pl": 1714825663.6244826,
    "pt-BR": 1714825679.3524456,
    "ru": 1714825695.1778584,
    "tr": 1714825711.2180605
}