{
    "en-US": 1721794735.7218242,
    "ar": 1721794750.889443,
    "de": 1721794766.0529044,
    "es-ES": 1721794781.2162442,
    "es-MX": 1721794796.3953495,
    "fr": 1721794811.5565732,
    "it": 1721794826.7527297,
    "ja": 1721794841.9083214,
    "ko": 1721794857.0707126,
    "pl": 1721794872.2169673,
    "pt-BR": 1721794887.3916829,
    "ru": 1721794902.5501332,
    "tr": 1721794917.7115302
}