{
    "en-US": 1725417716.5082345,
    "ar": 1725417731.6703584,
    "de": 1725417746.811864,
    "es-ES": 1725417761.9261944,
    "es-MX": 1725417777.0938594,
    "fr": 1725417792.2278466,
    "it": 1725417807.3663435,
    "ja": 1725417822.4948113,
    "ko": 1725417837.6183786,
    "pl": 1725417852.716747,
    "pt-BR": 1725417867.876147,
    "ru": 1725417883.0000315,
    "tr": 1725417898.1273134
}