{
    "en-US": 1717677004.8062942,
    "ar": 1717677021.0639174,
    "de": 1717677036.8932095,
    "es-ES": 1717677052.0915072,
    "es-MX": 1717677067.2710328,
    "fr": 1717677082.4283268,
    "it": 1717677097.5933154,
    "ja": 1717677112.7542264,
    "ko": 1717677127.939149,
    "pl": 1717677143.0982027,
    "pt-BR": 1717677158.2637248,
    "ru": 1717677173.4347904,
    "tr": 1717677188.6105185
}