{
    "en-US": 1723684139.2448075,
    "ar": 1723684154.403859,
    "de": 1723684169.58044,
    "es-ES": 1723684184.7471921,
    "es-MX": 1723684199.9299324,
    "fr": 1723684215.091986,
    "it": 1723684230.281003,
    "ja": 1723684245.4447403,
    "ko": 1723684260.6098027,
    "pl": 1723684275.7692473,
    "pt-BR": 1723684290.9757888,
    "ru": 1723684306.1463919,
    "tr": 1723684321.3136325
}