{
    "en-US": 1715588461.3130524,
    "ar": 1715588477.0922508,
    "de": 1715588492.520616,
    "es-ES": 1715588507.925918,
    "es-MX": 1715588523.399391,
    "fr": 1715588538.8583329,
    "it": 1715588554.3400443,
    "ja": 1715588570.5690641,
    "ko": 1715588586.5729623,
    "pl": 1715588602.0471203,
    "pt-BR": 1715588617.5295382,
    "ru": 1715588633.055786,
    "tr": 1715588648.7769322
}