{
    "en-US": 1724969828.7357104,
    "ar": 1724969843.8481398,
    "de": 1724969858.985055,
    "es-ES": 1724969874.098522,
    "es-MX": 1724969889.242887,
    "fr": 1724969904.3415513,
    "it": 1724969919.4553134,
    "ja": 1724969934.5660255,
    "ko": 1724969949.6831698,
    "pl": 1724969964.8014395,
    "pt-BR": 1724969979.9423025,
    "ru": 1724969995.0589056,
    "tr": 1724970010.1743731
}