{
    "en-US": 1721722946.1752625,
    "ar": 1721722961.606677,
    "de": 1721722976.9406788,
    "es-ES": 1721722992.0590515,
    "es-MX": 1721723007.1596415,
    "fr": 1721723022.2855144,
    "it": 1721723037.4321897,
    "ja": 1721723052.5264287,
    "ko": 1721723067.6259606,
    "pl": 1721723082.7193627,
    "pt-BR": 1721723097.8283968,
    "ru": 1721723112.953933,
    "tr": 1721723128.0619812
}