{
    "en-US": 1723648651.7505605,
    "ar": 1723648666.921979,
    "de": 1723648682.0999188,
    "es-ES": 1723648697.2586715,
    "es-MX": 1723648712.4364905,
    "fr": 1723648727.5941296,
    "it": 1723648742.7688458,
    "ja": 1723648757.9296174,
    "ko": 1723648773.089266,
    "pl": 1723648788.2469428,
    "pt-BR": 1723648803.4508421,
    "ru": 1723648818.6152792,
    "tr": 1723648833.7751312
}