{
    "en-US": 1725718498.3255599,
    "ar": 1725718513.5028017,
    "de": 1725718528.6649723,
    "es-ES": 1725718543.8229406,
    "es-MX": 1725718559.0297778,
    "fr": 1725718574.203778,
    "it": 1725718589.3653498,
    "ja": 1725718604.5237627,
    "ko": 1725718619.6839943,
    "pl": 1725718634.843718,
    "pt-BR": 1725718650.020603,
    "ru": 1725718665.181376,
    "tr": 1725718680.3452907
}