{
    "en-US": 1722998253.7791088,
    "ar": 1722998268.8804007,
    "de": 1722998283.9834118,
    "es-ES": 1722998299.095058,
    "es-MX": 1722998314.2019172,
    "fr": 1722998329.3187814,
    "it": 1722998344.445022,
    "ja": 1722998359.5517378,
    "ko": 1722998374.6599395,
    "pl": 1722998389.7515955,
    "pt-BR": 1722998404.8669806,
    "ru": 1722998419.9688675,
    "tr": 1722998435.0942087
}