{
    "en-US": 1720528413.3998013,
    "ar": 1720528428.504183,
    "de": 1720528443.60655,
    "es-ES": 1720528458.6928563,
    "es-MX": 1720528473.7910113,
    "fr": 1720528488.902767,
    "it": 1720528504.0086322,
    "ja": 1720528519.1175432,
    "ko": 1720528534.2335117,
    "pl": 1720528549.3269193,
    "pt-BR": 1720528564.4406846,
    "ru": 1720528579.557384,
    "tr": 1720528594.6537325
}