{
    "en-US": 1715653677.6548955,
    "ar": 1715653693.6044037,
    "de": 1715653708.9816182,
    "es-ES": 1715653724.355951,
    "es-MX": 1715653739.7754624,
    "fr": 1715653755.2219145,
    "it": 1715653770.6352203,
    "ja": 1715653788.7375567,
    "ko": 1715653806.0090606,
    "pl": 1715653821.4548104,
    "pt-BR": 1715653836.9100142,
    "ru": 1715653852.4182665,
    "tr": 1715653870.8038363
}