{
    "en-US": 1719980380.1822813,
    "ar": 1719980395.297549,
    "de": 1719980410.4225886,
    "es-ES": 1719980425.5263693,
    "es-MX": 1719980440.6512523,
    "fr": 1719980455.7728913,
    "it": 1719980470.9167752,
    "ja": 1719980486.0167706,
    "ko": 1719980501.1265898,
    "pl": 1719980516.229044,
    "pt-BR": 1719980531.353311,
    "ru": 1719980546.473489,
    "tr": 1719980561.5731306
}