{
    "en-US": 1725607015.4196367,
    "ar": 1725607030.533259,
    "de": 1725607045.635161,
    "es-ES": 1725607060.7265823,
    "es-MX": 1725607075.8343353,
    "fr": 1725607090.913089,
    "it": 1725607106.0224938,
    "ja": 1725607121.1249454,
    "ko": 1725607136.2122889,
    "pl": 1725607151.3040884,
    "pt-BR": 1725607166.4043937,
    "ru": 1725607181.489545,
    "tr": 1725607196.5829608
}