{
    "en-US": 1717331256.593668,
    "ar": 1717331272.6059132,
    "de": 1717331288.211013,
    "es-ES": 1717331303.807742,
    "es-MX": 1717331319.4947233,
    "fr": 1717331335.2255316,
    "it": 1717331350.9674194,
    "ja": 1717331368.0899742,
    "ko": 1717331384.791267,
    "pl": 1717331400.5584326,
    "pt-BR": 1717331416.3514404,
    "ru": 1717331432.3805084,
    "tr": 1717331448.334791
}