{
    "en-US": 1718788868.2279198,
    "ar": 1718788884.3954723,
    "de": 1718788900.3426313,
    "es-ES": 1718788915.4745014,
    "es-MX": 1718788930.6019557,
    "fr": 1718788945.7196326,
    "it": 1718788960.8332953,
    "ja": 1718788975.9418352,
    "ko": 1718788991.0637586,
    "pl": 1718789006.1558568,
    "pt-BR": 1718789021.265483,
    "ru": 1718789036.3804884,
    "tr": 1718789051.4909356
}