{
    "en-US": 1720448249.0235903,
    "ar": 1720448264.1993928,
    "de": 1720448279.368255,
    "es-ES": 1720448294.5370057,
    "es-MX": 1720448309.7234094,
    "fr": 1720448324.895483,
    "it": 1720448340.106031,
    "ja": 1720448355.2626417,
    "ko": 1720448370.444058,
    "pl": 1720448385.6134238,
    "pt-BR": 1720448400.7993126,
    "ru": 1720448415.9714642,
    "tr": 1720448431.1658204
}