{
    "en-US": 1715735149.626785,
    "ar": 1715735165.8387692,
    "de": 1715735181.6435175,
    "es-ES": 1715735197.3141298,
    "es-MX": 1715735213.3257787,
    "fr": 1715735229.3570657,
    "it": 1715735244.860493,
    "ja": 1715735262.303286,
    "ko": 1715735279.3046918,
    "pl": 1715735295.1073248,
    "pt-BR": 1715735310.6569877,
    "ru": 1715735326.2563694,
    "tr": 1715735342.16523
}