{
    "en-US": 1722911786.7731698,
    "ar": 1722911801.8862953,
    "de": 1722911816.9907699,
    "es-ES": 1722911832.0917337,
    "es-MX": 1722911847.1952515,
    "fr": 1722911862.2871606,
    "it": 1722911877.4131007,
    "ja": 1722911892.5077217,
    "ko": 1722911907.6059403,
    "pl": 1722911922.7015493,
    "pt-BR": 1722911937.8039324,
    "ru": 1722911952.891021,
    "tr": 1722911968.0134234
}