{
    "en-US": 1719145723.9297714,
    "ar": 1719145740.2611537,
    "de": 1719145756.1132908,
    "es-ES": 1719145771.308688,
    "es-MX": 1719145786.5282753,
    "fr": 1719145801.6865618,
    "it": 1719145816.8534174,
    "ja": 1719145832.0112147,
    "ko": 1719145847.1980095,
    "pl": 1719145862.3619485,
    "pt-BR": 1719145877.5333927,
    "ru": 1719145892.7002118,
    "tr": 1719145907.8777251
}