{
    "en-US": 1723278024.4181767,
    "ar": 1723278039.5135703,
    "de": 1723278054.6088636,
    "es-ES": 1723278069.6895568,
    "es-MX": 1723278084.791511,
    "fr": 1723278099.9166327,
    "it": 1723278115.0287054,
    "ja": 1723278130.110689,
    "ko": 1723278145.1956787,
    "pl": 1723278160.2760482,
    "pt-BR": 1723278175.3760827,
    "ru": 1723278190.474922,
    "tr": 1723278205.5572608
}