{
    "en-US": 1716345006.8722334,
    "ar": 1716345022.8872492,
    "de": 1716345038.405519,
    "es-ES": 1716345053.9327168,
    "es-MX": 1716345069.4810948,
    "fr": 1716345085.0144308,
    "it": 1716345100.5584598,
    "ja": 1716345118.2717204,
    "ko": 1716345135.2810333,
    "pl": 1716345150.8427036,
    "pt-BR": 1716345166.3957772,
    "ru": 1716345182.2045834,
    "tr": 1716345197.7794394
}