{
    "en-US": 1716200248.9383304,
    "ar": 1716200265.2778418,
    "de": 1716200280.9847953,
    "es-ES": 1716200296.460991,
    "es-MX": 1716200312.014127,
    "fr": 1716200327.766526,
    "it": 1716200343.3130636,
    "ja": 1716200359.4777265,
    "ko": 1716200375.466518,
    "pl": 1716200391.018214,
    "pt-BR": 1716200406.6145978,
    "ru": 1716200422.472495,
    "tr": 1716200438.049796
}