{
    "en-US": 1722745298.68607,
    "ar": 1722745313.7988229,
    "de": 1722745328.9180644,
    "es-ES": 1722745344.0086646,
    "es-MX": 1722745359.1176023,
    "fr": 1722745374.2046533,
    "it": 1722745389.3349414,
    "ja": 1722745404.4287524,
    "ko": 1722745419.5203512,
    "pl": 1722745434.6278927,
    "pt-BR": 1722745449.7382886,
    "ru": 1722745464.824798,
    "tr": 1722745479.9366612
}