{
    "en-US": 1723555258.663873,
    "ar": 1723555273.7651772,
    "de": 1723555288.8656473,
    "es-ES": 1723555303.9505503,
    "es-MX": 1723555319.0660174,
    "fr": 1723555334.1634939,
    "it": 1723555349.2728646,
    "ja": 1723555364.3700962,
    "ko": 1723555379.4835913,
    "pl": 1723555394.569776,
    "pt-BR": 1723555409.6816218,
    "ru": 1723555424.7672198,
    "tr": 1723555439.85844
}