{
    "en-US": 1716956461.6351225,
    "ar": 1716956477.585456,
    "de": 1716956493.0131102,
    "es-ES": 1716956508.4442787,
    "es-MX": 1716956523.9882634,
    "fr": 1716956539.75784,
    "it": 1716956555.3138719,
    "ja": 1716956572.6989412,
    "ko": 1716956589.4222884,
    "pl": 1716956605.2161686,
    "pt-BR": 1716956620.7718997,
    "ru": 1716956636.3554914,
    "tr": 1716956651.9776402
}