{
    "en-US": 1719983806.1743262,
    "ar": 1719983821.3526537,
    "de": 1719983836.541074,
    "es-ES": 1719983851.7276578,
    "es-MX": 1719983866.922704,
    "fr": 1719983882.1001096,
    "it": 1719983897.2909067,
    "ja": 1719983912.4714453,
    "ko": 1719983927.6458335,
    "pl": 1719983942.8212082,
    "pt-BR": 1719983958.021001,
    "ru": 1719983973.2043982,
    "tr": 1719983988.3815436
}