{
    "en-US": 1725092486.476803,
    "ar": 1725092501.5666597,
    "de": 1725092516.662855,
    "es-ES": 1725092531.7466164,
    "es-MX": 1725092546.854171,
    "fr": 1725092561.9436986,
    "it": 1725092577.0364535,
    "ja": 1725092592.1344657,
    "ko": 1725092607.236359,
    "pl": 1725092622.3200567,
    "pt-BR": 1725092637.4401624,
    "ru": 1725092652.530353,
    "tr": 1725092667.6287236
}