{
    "en-US": 1720787497.2043326,
    "ar": 1720787512.4617531,
    "de": 1720787527.690197,
    "es-ES": 1720787542.9077706,
    "es-MX": 1720787558.522557,
    "fr": 1720787573.746188,
    "it": 1720787589.0096924,
    "ja": 1720787604.3566215,
    "ko": 1720787619.579717,
    "pl": 1720787634.7999592,
    "pt-BR": 1720787650.0248556,
    "ru": 1720787665.2444127,
    "tr": 1720787680.491597
}