{
    "en-US": 1718295678.2585347,
    "ar": 1718295694.2688744,
    "de": 1718295709.838465,
    "es-ES": 1718295725.0279171,
    "es-MX": 1718295740.1990578,
    "fr": 1718295755.3581963,
    "it": 1718295770.5594373,
    "ja": 1718295785.7205796,
    "ko": 1718295800.9032545,
    "pl": 1718295816.0608177,
    "pt-BR": 1718295831.2314386,
    "ru": 1718295846.3936841,
    "tr": 1718295861.5653405
}