{
    "en-US": 1720153298.7992253,
    "ar": 1720153313.9216595,
    "de": 1720153329.0483363,
    "es-ES": 1720153344.164541,
    "es-MX": 1720153359.3085034,
    "fr": 1720153374.4032133,
    "it": 1720153389.5192049,
    "ja": 1720153404.6116147,
    "ko": 1720153419.7154334,
    "pl": 1720153434.817991,
    "pt-BR": 1720153449.9445174,
    "ru": 1720153465.0410917,
    "tr": 1720153480.1501882
}