{
    "en-US": 1723206692.1657577,
    "ar": 1723206707.3186762,
    "de": 1723206722.483071,
    "es-ES": 1723206737.643044,
    "es-MX": 1723206752.8194575,
    "fr": 1723206767.9698365,
    "it": 1723206783.1336443,
    "ja": 1723206798.2918084,
    "ko": 1723206813.4528778,
    "pl": 1723206828.6078153,
    "pt-BR": 1723206843.7802217,
    "ru": 1723206858.9437737,
    "tr": 1723206874.102585
}