{
    "en-US": 1723364376.8893716,
    "ar": 1723364392.0180264,
    "de": 1723364407.113487,
    "es-ES": 1723364422.1923447,
    "es-MX": 1723364437.2840068,
    "fr": 1723364452.3719664,
    "it": 1723364467.4671254,
    "ja": 1723364482.5575192,
    "ko": 1723364497.6364825,
    "pl": 1723364512.731801,
    "pt-BR": 1723364527.8198347,
    "ru": 1723364542.9021058,
    "tr": 1723364558.0008147
}