{
    "en-US": 1722381299.1146464,
    "ar": 1722381314.2196534,
    "de": 1722381329.3281705,
    "es-ES": 1722381344.4275842,
    "es-MX": 1722381359.5376165,
    "fr": 1722381374.6267395,
    "it": 1722381389.7599616,
    "ja": 1722381404.8650823,
    "ko": 1722381419.9468813,
    "pl": 1722381435.0396354,
    "pt-BR": 1722381450.1332774,
    "ru": 1722381465.2403154,
    "tr": 1722381480.3593416
}