{
    "en-US": 1719649187.3080943,
    "ar": 1719649202.5685923,
    "de": 1719649217.8134923,
    "es-ES": 1719649233.0511837,
    "es-MX": 1719649248.2979054,
    "fr": 1719649263.5351455,
    "it": 1719649278.8106937,
    "ja": 1719649294.039929,
    "ko": 1719649309.275383,
    "pl": 1719649324.5181696,
    "pt-BR": 1719649339.7925713,
    "ru": 1719649355.0250964,
    "tr": 1719649370.259512
}