{
    "en-US": 1722766563.2671163,
    "ar": 1722766578.436726,
    "de": 1722766593.604759,
    "es-ES": 1722766608.760959,
    "es-MX": 1722766623.9318013,
    "fr": 1722766639.0831158,
    "it": 1722766654.2711673,
    "ja": 1722766669.4281533,
    "ko": 1722766684.597724,
    "pl": 1722766699.7638798,
    "pt-BR": 1722766714.9298131,
    "ru": 1722766730.1060379,
    "tr": 1722766745.2924707
}