{
    "en-US": 1714184650.0951662,
    "ar": 1714184665.9174254,
    "de": 1714184681.427567,
    "es-ES": 1714184696.9510767,
    "es-MX": 1714184712.5632021,
    "fr": 1714184728.1341922,
    "it": 1714184743.705892,
    "ja": 1714184759.9987686,
    "ko": 1714184776.0345209,
    "pl": 1714184791.593715,
    "pt-BR": 1714184807.1487515,
    "ru": 1714184822.741656,
    "tr": 1714184838.572555
}