{
    "en-US": 1721788528.933301,
    "ar": 1721788544.0849445,
    "de": 1721788559.2439442,
    "es-ES": 1721788574.402734,
    "es-MX": 1721788589.5667615,
    "fr": 1721788604.7038352,
    "it": 1721788619.884215,
    "ja": 1721788635.0310414,
    "ko": 1721788650.1955469,
    "pl": 1721788665.3415844,
    "pt-BR": 1721788680.5021384,
    "ru": 1721788695.6436782,
    "tr": 1721788710.8329585
}