{
    "en-US": 1722071835.7970688,
    "ar": 1722071850.9422162,
    "de": 1722071866.046745,
    "es-ES": 1722071881.1339645,
    "es-MX": 1722071896.2226298,
    "fr": 1722071911.3116813,
    "it": 1722071926.4055848,
    "ja": 1722071941.5174782,
    "ko": 1722071956.6194527,
    "pl": 1722071971.7046185,
    "pt-BR": 1722071986.8014047,
    "ru": 1722072001.8881078,
    "tr": 1722072016.9870756
}