{
    "en-US": 1716394884.431687,
    "ar": 1716394900.2936575,
    "de": 1716394915.6839263,
    "es-ES": 1716394931.0491579,
    "es-MX": 1716394946.549167,
    "fr": 1716394961.9854856,
    "it": 1716394977.4564292,
    "ja": 1716394994.8638418,
    "ko": 1716395011.860425,
    "pl": 1716395027.2782214,
    "pt-BR": 1716395042.694605,
    "ru": 1716395058.1965683,
    "tr": 1716395073.6692753
}