{
    "en-US": 1725639784.1308434,
    "ar": 1725639799.2307746,
    "de": 1725639814.355209,
    "es-ES": 1725639829.4526067,
    "es-MX": 1725639844.569878,
    "fr": 1725639859.682427,
    "it": 1725639874.791674,
    "ja": 1725639889.8814843,
    "ko": 1725639904.9811852,
    "pl": 1725639920.0719337,
    "pt-BR": 1725639935.180552,
    "ru": 1725639950.312078,
    "tr": 1725639965.4177964
}