{
    "en-US": 1715152564.3127377,
    "ar": 1715152580.1023371,
    "de": 1715152595.523875,
    "es-ES": 1715152610.9588163,
    "es-MX": 1715152626.4622052,
    "fr": 1715152642.1968403,
    "it": 1715152657.6839054,
    "ja": 1715152674.0267746,
    "ko": 1715152690.0981104,
    "pl": 1715152705.5746465,
    "pt-BR": 1715152721.0711708,
    "ru": 1715152736.5935035,
    "tr": 1715152752.0762465
}