{
    "en-US": 1719825696.7986212,
    "ar": 1719825711.9778237,
    "de": 1719825727.159608,
    "es-ES": 1719825742.3440409,
    "es-MX": 1719825757.5144129,
    "fr": 1719825772.6835406,
    "it": 1719825787.8884437,
    "ja": 1719825803.0486019,
    "ko": 1719825818.2166488,
    "pl": 1719825833.3792286,
    "pt-BR": 1719825848.5504675,
    "ru": 1719825863.7250783,
    "tr": 1719825878.9238029
}