{
    "en-US": 1714616714.6290565,
    "ar": 1714616730.43914,
    "de": 1714616745.9413376,
    "es-ES": 1714616761.443844,
    "es-MX": 1714616777.2317877,
    "fr": 1714616792.755168,
    "it": 1714616808.2962456,
    "ja": 1714616824.6142952,
    "ko": 1714616840.5975204,
    "pl": 1714616856.1385098,
    "pt-BR": 1714616871.6720755,
    "ru": 1714616887.2410185,
    "tr": 1714616902.8110251
}