{
    "en-US": 1715581349.0012329,
    "ar": 1715581365.0981202,
    "de": 1715581380.5199258,
    "es-ES": 1715581395.9153073,
    "es-MX": 1715581411.3732946,
    "fr": 1715581426.8597648,
    "it": 1715581442.3483465,
    "ja": 1715581461.5387301,
    "ko": 1715581479.3348088,
    "pl": 1715581494.810105,
    "pt-BR": 1715581510.2976274,
    "ru": 1715581525.8468359,
    "tr": 1715581541.4123027
}