{
    "en-US": 1717139714.3023283,
    "ar": 1717139730.3388147,
    "de": 1717139745.6849067,
    "es-ES": 1717139761.027168,
    "es-MX": 1717139776.5773213,
    "fr": 1717139792.2894135,
    "it": 1717139807.7822618,
    "ja": 1717139824.6477678,
    "ko": 1717139840.8285394,
    "pl": 1717139856.3015144,
    "pt-BR": 1717139871.7763698,
    "ru": 1717139887.288167,
    "tr": 1717139902.783267
}