{
    "en-US": 1718050649.8757277,
    "ar": 1718050665.8160312,
    "de": 1718050681.273066,
    "es-ES": 1718050696.4417586,
    "es-MX": 1718050711.578676,
    "fr": 1718050726.6949701,
    "it": 1718050741.8403609,
    "ja": 1718050756.9570103,
    "ko": 1718050772.1008086,
    "pl": 1718050787.2186282,
    "pt-BR": 1718050802.351024,
    "ru": 1718050817.4785037,
    "tr": 1718050832.6123602
}