{
    "en-US": 1723407415.9733717,
    "ar": 1723407431.1348207,
    "de": 1723407446.3112056,
    "es-ES": 1723407461.4728756,
    "es-MX": 1723407476.662688,
    "fr": 1723407491.8242438,
    "it": 1723407506.9978218,
    "ja": 1723407522.1590745,
    "ko": 1723407537.3274865,
    "pl": 1723407552.4856908,
    "pt-BR": 1723407567.6765537,
    "ru": 1723407582.8403242,
    "tr": 1723407598.0017323
}