{
    "en-US": 1723180666.7814238,
    "ar": 1723180681.9154053,
    "de": 1723180697.0476618,
    "es-ES": 1723180712.1427126,
    "es-MX": 1723180727.2723775,
    "fr": 1723180742.3701346,
    "it": 1723180757.4790888,
    "ja": 1723180772.594329,
    "ko": 1723180787.693327,
    "pl": 1723180802.8075054,
    "pt-BR": 1723180817.9076316,
    "ru": 1723180833.0182407,
    "tr": 1723180848.1194549
}