{
    "en-US": 1724307776.4776664,
    "ar": 1724307791.647627,
    "de": 1724307806.8235633,
    "es-ES": 1724307821.9970465,
    "es-MX": 1724307837.1874986,
    "fr": 1724307852.3453782,
    "it": 1724307867.5118568,
    "ja": 1724307882.6699712,
    "ko": 1724307897.8312507,
    "pl": 1724307913.00211,
    "pt-BR": 1724307928.1774805,
    "ru": 1724307943.3429775,
    "tr": 1724307958.5038388
}