{
    "en-US": 1724502615.0638056,
    "ar": 1724502630.343497,
    "de": 1724502645.613037,
    "es-ES": 1724502660.8677015,
    "es-MX": 1724502676.1650114,
    "fr": 1724502691.42562,
    "it": 1724502706.6926765,
    "ja": 1724502721.952031,
    "ko": 1724502737.222595,
    "pl": 1724502752.4776213,
    "pt-BR": 1724502767.7564352,
    "ru": 1724502783.010592,
    "tr": 1724502798.2755303
}