{
    "en-US": 1725510060.6322012,
    "ar": 1725510075.7788422,
    "de": 1725510090.9456031,
    "es-ES": 1725510106.089636,
    "es-MX": 1725510121.2636511,
    "fr": 1725510136.4067826,
    "it": 1725510151.5618117,
    "ja": 1725510166.7177339,
    "ko": 1725510181.8675795,
    "pl": 1725510197.0195658,
    "pt-BR": 1725510212.186576,
    "ru": 1725510227.3298419,
    "tr": 1725510242.472588
}