{
    "en-US": 1723526225.7333336,
    "ar": 1723526240.8962798,
    "de": 1723526256.0731542,
    "es-ES": 1723526271.2381306,
    "es-MX": 1723526286.4185276,
    "fr": 1723526301.574527,
    "it": 1723526316.7529814,
    "ja": 1723526331.9128664,
    "ko": 1723526347.0965054,
    "pl": 1723526362.2558117,
    "pt-BR": 1723526377.4345982,
    "ru": 1723526392.6063502,
    "tr": 1723526407.771869
}