{
    "en-US": 1722348959.5881479,
    "ar": 1722348974.769983,
    "de": 1722348989.9424005,
    "es-ES": 1722349005.1035223,
    "es-MX": 1722349020.262002,
    "fr": 1722349035.4246538,
    "it": 1722349050.6129532,
    "ja": 1722349065.7879713,
    "ko": 1722349080.964118,
    "pl": 1722349096.1293228,
    "pt-BR": 1722349111.3007302,
    "ru": 1722349126.4591138,
    "tr": 1722349141.6521049
}