{
    "en-US": 1723079523.7942028,
    "ar": 1723079538.8978117,
    "de": 1723079554.0176816,
    "es-ES": 1723079569.1287987,
    "es-MX": 1723079584.244561,
    "fr": 1723079599.3643649,
    "it": 1723079614.4763277,
    "ja": 1723079629.5717976,
    "ko": 1723079644.6816468,
    "pl": 1723079659.7771106,
    "pt-BR": 1723079674.8906877,
    "ru": 1723079690.0083432,
    "tr": 1723079705.1153965
}