{
    "en-US": 1723689283.4248197,
    "ar": 1723689298.6553092,
    "de": 1723689313.89573,
    "es-ES": 1723689329.1138468,
    "es-MX": 1723689344.380876,
    "fr": 1723689359.592914,
    "it": 1723689374.843535,
    "ja": 1723689390.068494,
    "ko": 1723689405.3061683,
    "pl": 1723689420.5212183,
    "pt-BR": 1723689435.7780867,
    "ru": 1723689451.003062,
    "tr": 1723689466.2226436
}