{
    "en-US": 1722083449.049931,
    "ar": 1722083464.186504,
    "de": 1722083479.2857525,
    "es-ES": 1722083494.3730106,
    "es-MX": 1722083509.5008354,
    "fr": 1722083524.5913963,
    "it": 1722083539.6936338,
    "ja": 1722083554.7874677,
    "ko": 1722083569.8901377,
    "pl": 1722083584.9744983,
    "pt-BR": 1722083600.1006837,
    "ru": 1722083615.1927598,
    "tr": 1722083630.2994688
}