{
    "en-US": 1720887523.112122,
    "ar": 1720887538.289271,
    "de": 1720887553.4670768,
    "es-ES": 1720887568.6295772,
    "es-MX": 1720887583.8055193,
    "fr": 1720887598.98328,
    "it": 1720887614.1735244,
    "ja": 1720887629.3365352,
    "ko": 1720887644.4994335,
    "pl": 1720887659.671784,
    "pt-BR": 1720887674.8460343,
    "ru": 1720887690.0074081,
    "tr": 1720887705.1831238
}