{
    "en-US": 1718672945.2443128,
    "ar": 1718672960.3893366,
    "de": 1718672975.5443347,
    "es-ES": 1718672990.6476955,
    "es-MX": 1718673005.777869,
    "fr": 1718673020.8892534,
    "it": 1718673036.0682557,
    "ja": 1718673051.1753314,
    "ko": 1718673066.2878895,
    "pl": 1718673081.392795,
    "pt-BR": 1718673096.5105498,
    "ru": 1718673111.634464,
    "tr": 1718673126.7941191
}