{
    "en-US": 1724696548.830105,
    "ar": 1724696563.955846,
    "de": 1724696579.1304903,
    "es-ES": 1724696594.2439995,
    "es-MX": 1724696609.4015887,
    "fr": 1724696624.5012612,
    "it": 1724696639.6393611,
    "ja": 1724696654.74061,
    "ko": 1724696669.8545828,
    "pl": 1724696684.9667566,
    "pt-BR": 1724696700.1639855,
    "ru": 1724696715.2694266,
    "tr": 1724696730.3892288
}