{
    "en-US": 1720851699.6118252,
    "ar": 1720851714.769155,
    "de": 1720851729.9346373,
    "es-ES": 1720851745.0904338,
    "es-MX": 1720851760.2584362,
    "fr": 1720851775.412363,
    "it": 1720851790.5815158,
    "ja": 1720851805.7332454,
    "ko": 1720851820.8953123,
    "pl": 1720851836.0496893,
    "pt-BR": 1720851851.22792,
    "ru": 1720851866.3882716,
    "tr": 1720851881.5451996
}