{
    "en-US": 1725453221.790002,
    "ar": 1725453236.9559603,
    "de": 1725453252.1351426,
    "es-ES": 1725453267.294908,
    "es-MX": 1725453282.4751356,
    "fr": 1725453297.637245,
    "it": 1725453312.8112013,
    "ja": 1725453327.9754505,
    "ko": 1725453343.1516325,
    "pl": 1725453358.3218787,
    "pt-BR": 1725453373.5139081,
    "ru": 1725453388.678829,
    "tr": 1725453403.842783
}