{
    "en-US": 1719318627.1896367,
    "ar": 1719318642.3145342,
    "de": 1719318657.4436662,
    "es-ES": 1719318672.5465837,
    "es-MX": 1719318687.6687288,
    "fr": 1719318702.7940423,
    "it": 1719318717.9377682,
    "ja": 1719318733.0552871,
    "ko": 1719318748.1676965,
    "pl": 1719318763.2758942,
    "pt-BR": 1719318778.402089,
    "ru": 1719318793.5146444,
    "tr": 1719318808.6727018
}