{
    "en-US": 1716863464.3897686,
    "ar": 1716863480.2659123,
    "de": 1716863495.6108997,
    "es-ES": 1716863510.97019,
    "es-MX": 1716863526.5334947,
    "fr": 1716863542.0441976,
    "it": 1716863557.54013,
    "ja": 1716863575.2914028,
    "ko": 1716863592.295666,
    "pl": 1716863607.8061893,
    "pt-BR": 1716863623.5726962,
    "ru": 1716863639.0924025,
    "tr": 1716863654.6436632
}