{
    "en-US": 1724487570.411392,
    "ar": 1724487585.5758817,
    "de": 1724487600.7575157,
    "es-ES": 1724487615.9255273,
    "es-MX": 1724487631.1153529,
    "fr": 1724487646.2802272,
    "it": 1724487661.4577425,
    "ja": 1724487676.6213884,
    "ko": 1724487691.784596,
    "pl": 1724487706.941084,
    "pt-BR": 1724487722.1324508,
    "ru": 1724487737.2977803,
    "tr": 1724487752.4604425
}