{
    "en-US": 1718540926.896997,
    "ar": 1718540943.0655909,
    "de": 1718540959.0479314,
    "es-ES": 1718540974.1712482,
    "es-MX": 1718540989.3063667,
    "fr": 1718541004.4227707,
    "it": 1718541019.5344357,
    "ja": 1718541034.6376662,
    "ko": 1718541049.7799947,
    "pl": 1718541064.8764238,
    "pt-BR": 1718541079.9913397,
    "ru": 1718541095.0859735,
    "tr": 1718541110.191436
}