{
    "en-US": 1721233273.3749402,
    "ar": 1721233288.4960883,
    "de": 1721233303.614207,
    "es-ES": 1721233318.7125335,
    "es-MX": 1721233333.864265,
    "fr": 1721233348.9678025,
    "it": 1721233364.106624,
    "ja": 1721233379.2056632,
    "ko": 1721233394.3136559,
    "pl": 1721233409.504068,
    "pt-BR": 1721233424.7342463,
    "ru": 1721233439.8450007,
    "tr": 1721233454.976905
}