{
    "en-US": 1722176086.720024,
    "ar": 1722176101.818646,
    "de": 1722176116.9181826,
    "es-ES": 1722176131.9988542,
    "es-MX": 1722176147.1235206,
    "fr": 1722176162.2226994,
    "it": 1722176177.3189743,
    "ja": 1722176192.4047954,
    "ko": 1722176207.4903636,
    "pl": 1722176222.5945349,
    "pt-BR": 1722176237.7102382,
    "ru": 1722176252.8022075,
    "tr": 1722176267.8916104
}