{
    "en-US": 1722089702.8430696,
    "ar": 1722089717.989226,
    "de": 1722089733.0900753,
    "es-ES": 1722089748.1733575,
    "es-MX": 1722089763.278819,
    "fr": 1722089778.3656719,
    "it": 1722089793.4824567,
    "ja": 1722089808.5712664,
    "ko": 1722089823.662283,
    "pl": 1722089838.752841,
    "pt-BR": 1722089853.8496807,
    "ru": 1722089868.9456027,
    "tr": 1722089884.0760734
}