{
    "en-US": 1722518398.432911,
    "ar": 1722518413.6213317,
    "de": 1722518428.7882483,
    "es-ES": 1722518443.9472053,
    "es-MX": 1722518459.1189797,
    "fr": 1722518474.2759,
    "it": 1722518489.4754913,
    "ja": 1722518504.6292548,
    "ko": 1722518519.8042748,
    "pl": 1722518534.962194,
    "pt-BR": 1722518550.1268485,
    "ru": 1722518565.28383,
    "tr": 1722518580.4569016
}