{
    "en-US": 1716834015.6377876,
    "ar": 1716834031.577295,
    "de": 1716834047.2697692,
    "es-ES": 1716834062.7914102,
    "es-MX": 1716834078.9954631,
    "fr": 1716834094.602352,
    "it": 1716834110.203674,
    "ja": 1716834127.4496164,
    "ko": 1716834144.065601,
    "pl": 1716834159.726891,
    "pt-BR": 1716834175.5344582,
    "ru": 1716834191.182087,
    "tr": 1716834207.152986
}