{
    "en-US": 1717758881.292504,
    "ar": 1717758897.5159738,
    "de": 1717758913.0678678,
    "es-ES": 1717758928.2714672,
    "es-MX": 1717758943.4541516,
    "fr": 1717758958.6226845,
    "it": 1717758973.8152893,
    "ja": 1717758988.9881773,
    "ko": 1717759004.1758564,
    "pl": 1717759019.342893,
    "pt-BR": 1717759034.5234363,
    "ru": 1717759049.6982255,
    "tr": 1717759064.8763254
}