{
    "en-US": 1720671699.6469243,
    "ar": 1720671714.8164809,
    "de": 1720671729.990083,
    "es-ES": 1720671745.1561458,
    "es-MX": 1720671760.3627932,
    "fr": 1720671775.5143933,
    "it": 1720671790.678836,
    "ja": 1720671805.8538125,
    "ko": 1720671821.0187159,
    "pl": 1720671836.1706276,
    "pt-BR": 1720671851.3824239,
    "ru": 1720671866.5548933,
    "tr": 1720671881.73407
}