{
    "en-US": 1724490981.4270384,
    "ar": 1724490996.5147047,
    "de": 1724491011.621765,
    "es-ES": 1724491026.7148068,
    "es-MX": 1724491041.847736,
    "fr": 1724491056.9426525,
    "it": 1724491072.0367465,
    "ja": 1724491087.1248968,
    "ko": 1724491102.2195141,
    "pl": 1724491117.3065412,
    "pt-BR": 1724491132.4327855,
    "ru": 1724491147.5194066,
    "tr": 1724491162.612706
}