{
    "en-US": 1716930954.797127,
    "ar": 1716930970.6175835,
    "de": 1716930986.0454602,
    "es-ES": 1716931001.4804814,
    "es-MX": 1716931017.063898,
    "fr": 1716931032.9064586,
    "it": 1716931048.4581435,
    "ja": 1716931067.258287,
    "ko": 1716931086.4311385,
    "pl": 1716931102.2491095,
    "pt-BR": 1716931117.8277767,
    "ru": 1716931133.4288461,
    "tr": 1716931149.054066
}