{
    "en-US": 1722047589.8893654,
    "ar": 1722047605.0544004,
    "de": 1722047620.2302458,
    "es-ES": 1722047635.3927448,
    "es-MX": 1722047650.5711281,
    "fr": 1722047665.7303107,
    "it": 1722047680.9308345,
    "ja": 1722047696.0858276,
    "ko": 1722047711.250122,
    "pl": 1722047726.4060729,
    "pt-BR": 1722047741.5814574,
    "ru": 1722047756.7413666,
    "tr": 1722047771.9181294
}