{
    "en-US": 1719717559.5268815,
    "ar": 1719717574.6952405,
    "de": 1719717589.8764446,
    "es-ES": 1719717605.037392,
    "es-MX": 1719717620.24105,
    "fr": 1719717635.4009194,
    "it": 1719717650.5656471,
    "ja": 1719717665.7303572,
    "ko": 1719717680.8922498,
    "pl": 1719717696.0504842,
    "pt-BR": 1719717711.2402103,
    "ru": 1719717726.4072185,
    "tr": 1719717741.5730577
}