{
    "en-US": 1719555773.8792953,
    "ar": 1719555789.0547357,
    "de": 1719555804.2313578,
    "es-ES": 1719555819.3977103,
    "es-MX": 1719555834.5830908,
    "fr": 1719555849.7440267,
    "it": 1719555864.9420362,
    "ja": 1719555880.1066618,
    "ko": 1719555895.283369,
    "pl": 1719555910.4537077,
    "pt-BR": 1719555925.6359198,
    "ru": 1719555940.7994983,
    "tr": 1719555955.98863
}