{
    "en-US": 1720729072.640949,
    "ar": 1720729087.7595868,
    "de": 1720729102.872764,
    "es-ES": 1720729117.980655,
    "es-MX": 1720729133.1112487,
    "fr": 1720729148.2110686,
    "it": 1720729163.3831925,
    "ja": 1720729178.491944,
    "ko": 1720729193.604587,
    "pl": 1720729208.7332225,
    "pt-BR": 1720729223.8831735,
    "ru": 1720729239.0042262,
    "tr": 1720729254.138454
}