{
    "en-US": 1718662530.6535544,
    "ar": 1718662546.925587,
    "de": 1718662563.1759837,
    "es-ES": 1718662578.380474,
    "es-MX": 1718662593.6092389,
    "fr": 1718662608.773781,
    "it": 1718662623.9616113,
    "ja": 1718662639.1302028,
    "ko": 1718662654.3213873,
    "pl": 1718662669.4959662,
    "pt-BR": 1718662684.6789737,
    "ru": 1718662699.8574965,
    "tr": 1718662715.059779
}