{
    "en-US": 1719346605.6494071,
    "ar": 1719346620.8232718,
    "de": 1719346636.00157,
    "es-ES": 1719346651.1740105,
    "es-MX": 1719346666.3760328,
    "fr": 1719346681.5366652,
    "it": 1719346696.716693,
    "ja": 1719346711.877921,
    "ko": 1719346727.0418684,
    "pl": 1719346742.201205,
    "pt-BR": 1719346757.4105468,
    "ru": 1719346772.587804,
    "tr": 1719346787.7666972
}