{
    "en-US": 1720355326.6743054,
    "ar": 1720355341.7912934,
    "de": 1720355356.9159636,
    "es-ES": 1720355372.018855,
    "es-MX": 1720355387.130689,
    "fr": 1720355402.2285626,
    "it": 1720355417.35704,
    "ja": 1720355432.4679146,
    "ko": 1720355447.5778797,
    "pl": 1720355462.677615,
    "pt-BR": 1720355477.7972672,
    "ru": 1720355492.8934994,
    "tr": 1720355508.010128
}