{
    "en-US": 1723904172.9545548,
    "ar": 1723904188.038532,
    "de": 1723904203.148327,
    "es-ES": 1723904218.2346177,
    "es-MX": 1723904233.3636422,
    "fr": 1723904248.4466755,
    "it": 1723904263.5414867,
    "ja": 1723904278.6235368,
    "ko": 1723904293.7070222,
    "pl": 1723904308.787069,
    "pt-BR": 1723904323.8947573,
    "ru": 1723904338.9798,
    "tr": 1723904354.0703657
}