{
    "en-US": 1715620429.3500621,
    "ar": 1715620445.077485,
    "de": 1715620460.5695837,
    "es-ES": 1715620475.9956462,
    "es-MX": 1715620491.4836667,
    "fr": 1715620506.9541304,
    "it": 1715620522.458259,
    "ja": 1715620538.5250933,
    "ko": 1715620554.4062684,
    "pl": 1715620569.8904326,
    "pt-BR": 1715620585.382691,
    "ru": 1715620600.9017358,
    "tr": 1715620616.4046226
}