{
    "en-US": 1720347356.8562953,
    "ar": 1720347372.032509,
    "de": 1720347387.2070665,
    "es-ES": 1720347402.3680189,
    "es-MX": 1720347417.5390785,
    "fr": 1720347432.698143,
    "it": 1720347447.8853455,
    "ja": 1720347463.0408063,
    "ko": 1720347478.2100136,
    "pl": 1720347493.37365,
    "pt-BR": 1720347508.5496194,
    "ru": 1720347523.7138007,
    "tr": 1720347538.8962755
}