{
    "en-US": 1717654916.5737214,
    "ar": 1717654932.3666093,
    "de": 1717654947.8370507,
    "es-ES": 1717654963.0280437,
    "es-MX": 1717654978.2084758,
    "fr": 1717654993.3705215,
    "it": 1717655008.5482292,
    "ja": 1717655023.713572,
    "ko": 1717655038.8968842,
    "pl": 1717655054.0721724,
    "pt-BR": 1717655069.267297,
    "ru": 1717655084.4332812,
    "tr": 1717655099.6105804
}