{
    "en-US": 1724526758.0411139,
    "ar": 1724526773.211886,
    "de": 1724526788.3852582,
    "es-ES": 1724526803.5474792,
    "es-MX": 1724526818.7357464,
    "fr": 1724526833.8917062,
    "it": 1724526849.0582044,
    "ja": 1724526864.2297823,
    "ko": 1724526879.3936725,
    "pl": 1724526894.5548928,
    "pt-BR": 1724526909.749887,
    "ru": 1724526924.9114776,
    "tr": 1724526940.0746012
}