{
    "en-US": 1714148426.8617358,
    "ar": 1714148442.799609,
    "de": 1714148458.1642277,
    "es-ES": 1714148473.5117762,
    "es-MX": 1714148489.1041477,
    "fr": 1714148504.528253,
    "it": 1714148519.9267669,
    "ja": 1714148539.9730542,
    "ko": 1714148557.5869098,
    "pl": 1714148572.996622,
    "pt-BR": 1714148588.4082465,
    "ru": 1714148603.8830626,
    "tr": 1714148619.3714826
}