{
    "en-US": 1714774524.2285643,
    "ar": 1714774540.2983077,
    "de": 1714774555.7962685,
    "es-ES": 1714774571.512223,
    "es-MX": 1714774587.0570295,
    "fr": 1714774602.6097233,
    "it": 1714774618.3815463,
    "ja": 1714774635.7092342,
    "ko": 1714774652.7233763,
    "pl": 1714774668.2838905,
    "pt-BR": 1714774683.8324153,
    "ru": 1714774699.5104942,
    "tr": 1714774715.128224
}