{
    "en-US": 1717021004.0495667,
    "ar": 1717021020.3583379,
    "de": 1717021035.849128,
    "es-ES": 1717021051.313281,
    "es-MX": 1717021066.8569317,
    "fr": 1717021082.3870826,
    "it": 1717021098.179509,
    "ja": 1717021115.1811895,
    "ko": 1717021131.8168342,
    "pl": 1717021147.363175,
    "pt-BR": 1717021162.8924909,
    "ru": 1717021178.5268993,
    "tr": 1717021194.1432781
}