{
    "en-US": 1716625178.3521965,
    "ar": 1716625194.3201694,
    "de": 1716625209.6548297,
    "es-ES": 1716625224.9952362,
    "es-MX": 1716625240.5450728,
    "fr": 1716625256.0203993,
    "it": 1716625271.4866197,
    "ja": 1716625288.9046917,
    "ko": 1716625305.4904695,
    "pl": 1716625320.9840994,
    "pt-BR": 1716625336.453981,
    "ru": 1716625351.9551592,
    "tr": 1716625367.4771347
}