{
    "en-US": 1725394735.9101954,
    "ar": 1725394751.0323656,
    "de": 1725394766.1604538,
    "es-ES": 1725394781.2616138,
    "es-MX": 1725394796.394641,
    "fr": 1725394811.5348868,
    "it": 1725394826.6474009,
    "ja": 1725394841.7576308,
    "ko": 1725394856.8758576,
    "pl": 1725394871.992657,
    "pt-BR": 1725394887.1107905,
    "ru": 1725394902.2727394,
    "tr": 1725394917.381766
}