{
    "en-US": 1719455571.837034,
    "ar": 1719455587.0074003,
    "de": 1719455602.185822,
    "es-ES": 1719455617.3471828,
    "es-MX": 1719455632.5350199,
    "fr": 1719455647.7076948,
    "it": 1719455662.900099,
    "ja": 1719455678.058972,
    "ko": 1719455693.241282,
    "pl": 1719455708.4335067,
    "pt-BR": 1719455723.6094828,
    "ru": 1719455738.775278,
    "tr": 1719455753.96471
}