{
    "en-US": 1724678606.8866775,
    "ar": 1724678621.9998395,
    "de": 1724678637.1365795,
    "es-ES": 1724678652.2537606,
    "es-MX": 1724678667.3894832,
    "fr": 1724678682.4859993,
    "it": 1724678697.6493242,
    "ja": 1724678712.7652974,
    "ko": 1724678727.8813882,
    "pl": 1724678742.9875574,
    "pt-BR": 1724678758.1176481,
    "ru": 1724678773.2259457,
    "tr": 1724678788.372479
}