{
    "en-US": 1719714993.4107854,
    "ar": 1719715008.5146496,
    "de": 1719715023.8839731,
    "es-ES": 1719715038.9970396,
    "es-MX": 1719715054.125531,
    "fr": 1719715069.2296796,
    "it": 1719715084.449734,
    "ja": 1719715099.5633664,
    "ko": 1719715114.6956246,
    "pl": 1719715129.8120656,
    "pt-BR": 1719715144.9614098,
    "ru": 1719715160.0817525,
    "tr": 1719715175.1916575
}