{
    "en-US": 1715344083.6894648,
    "ar": 1715344099.8968797,
    "de": 1715344115.567788,
    "es-ES": 1715344131.2307315,
    "es-MX": 1715344146.9726398,
    "fr": 1715344162.4342592,
    "it": 1715344178.1779103,
    "ja": 1715344197.2103736,
    "ko": 1715344215.1590168,
    "pl": 1715344230.9022887,
    "pt-BR": 1715344246.6294744,
    "ru": 1715344262.6870925,
    "tr": 1715344278.5655837
}