{
    "en-US": 1714198784.8769834,
    "ar": 1714198800.5881426,
    "de": 1714198816.0056531,
    "es-ES": 1714198831.4376395,
    "es-MX": 1714198846.9097793,
    "fr": 1714198862.578631,
    "it": 1714198878.049369,
    "ja": 1714198894.1978526,
    "ko": 1714198910.095541,
    "pl": 1714198925.565047,
    "pt-BR": 1714198941.2408347,
    "ru": 1714198956.9172308,
    "tr": 1714198972.5808353
}