{
    "en-US": 1722129389.6143863,
    "ar": 1722129404.7201953,
    "de": 1722129419.862026,
    "es-ES": 1722129434.9551728,
    "es-MX": 1722129450.0691013,
    "fr": 1722129465.1610975,
    "it": 1722129480.277573,
    "ja": 1722129495.3728585,
    "ko": 1722129510.468554,
    "pl": 1722129525.561905,
    "pt-BR": 1722129540.6908538,
    "ru": 1722129555.788131,
    "tr": 1722129570.8882616
}