{
    "en-US": 1715562524.1206765,
    "ar": 1715562540.3398879,
    "de": 1715562555.950164,
    "es-ES": 1715562571.551171,
    "es-MX": 1715562587.027093,
    "fr": 1715562602.7121665,
    "it": 1715562618.3602452,
    "ja": 1715562636.712503,
    "ko": 1715562654.277628,
    "pl": 1715562670.0474186,
    "pt-BR": 1715562685.709417,
    "ru": 1715562701.6682703,
    "tr": 1715562717.4153044
}