{
    "en-US": 1723033932.7780948,
    "ar": 1723033947.9346416,
    "de": 1723033963.116679,
    "es-ES": 1723033978.2921786,
    "es-MX": 1723033993.4724627,
    "fr": 1723034008.6220438,
    "it": 1723034023.7880156,
    "ja": 1723034038.9466565,
    "ko": 1723034054.1031797,
    "pl": 1723034069.2748,
    "pt-BR": 1723034084.4635532,
    "ru": 1723034099.6254792,
    "tr": 1723034114.7765546
}