{
    "en-US": 1719628326.4562302,
    "ar": 1719628341.6498146,
    "de": 1719628356.8675773,
    "es-ES": 1719628372.0579834,
    "es-MX": 1719628387.2719285,
    "fr": 1719628402.4513173,
    "it": 1719628417.6426756,
    "ja": 1719628432.8268967,
    "ko": 1719628448.016615,
    "pl": 1719628463.2024732,
    "pt-BR": 1719628478.4276462,
    "ru": 1719628493.6075933,
    "tr": 1719628508.7970343
}