{
    "en-US": 1724084435.5877755,
    "ar": 1724084450.7626278,
    "de": 1724084465.9304025,
    "es-ES": 1724084481.0843594,
    "es-MX": 1724084496.2685742,
    "fr": 1724084511.4210343,
    "it": 1724084526.5935736,
    "ja": 1724084541.748874,
    "ko": 1724084556.9057448,
    "pl": 1724084572.064558,
    "pt-BR": 1724084587.2470417,
    "ru": 1724084602.3992908,
    "tr": 1724084617.5602875
}