{
    "en-US": 1718800265.293907,
    "ar": 1718800281.496321,
    "de": 1718800297.4608688,
    "es-ES": 1718800312.8431227,
    "es-MX": 1718800327.965894,
    "fr": 1718800343.0722263,
    "it": 1718800358.1841254,
    "ja": 1718800373.2902644,
    "ko": 1718800388.405564,
    "pl": 1718800403.5397632,
    "pt-BR": 1718800418.6461875,
    "ru": 1718800433.7368562,
    "tr": 1718800448.859835
}