{
    "en-US": 1724642460.5029156,
    "ar": 1724642475.680842,
    "de": 1724642490.854195,
    "es-ES": 1724642506.017201,
    "es-MX": 1724642521.2251422,
    "fr": 1724642536.376927,
    "it": 1724642551.5566978,
    "ja": 1724642566.7163033,
    "ko": 1724642581.8771732,
    "pl": 1724642597.0352628,
    "pt-BR": 1724642612.2263465,
    "ru": 1724642627.389436,
    "tr": 1724642642.5521555
}