{
    "en-US": 1717561314.5710332,
    "ar": 1717561330.5219226,
    "de": 1717561345.985592,
    "es-ES": 1717561361.4031913,
    "es-MX": 1717561376.9579117,
    "fr": 1717561392.514489,
    "it": 1717561408.0882573,
    "ja": 1717561425.418186,
    "ko": 1717561442.1389434,
    "pl": 1717561457.7124267,
    "pt-BR": 1717561473.2724032,
    "ru": 1717561488.9187055,
    "tr": 1717561504.554589
}