{
    "en-US": 1722652453.267242,
    "ar": 1722652468.3696065,
    "de": 1722652483.4784212,
    "es-ES": 1722652498.566976,
    "es-MX": 1722652513.6800466,
    "fr": 1722652528.7801,
    "it": 1722652543.883656,
    "ja": 1722652558.976232,
    "ko": 1722652574.0719402,
    "pl": 1722652589.1620467,
    "pt-BR": 1722652604.2889261,
    "ru": 1722652619.385864,
    "tr": 1722652634.5105045
}