{
    "en-US": 1726028604.026059,
    "ar": 1726028619.2514596,
    "de": 1726028634.4337416,
    "es-ES": 1726028649.6006572,
    "es-MX": 1726028664.7937548,
    "fr": 1726028679.980882,
    "it": 1726028695.173723,
    "ja": 1726028710.3538747,
    "ko": 1726028725.5198247,
    "pl": 1726028740.7027571,
    "pt-BR": 1726028755.8905928,
    "ru": 1726028771.084001,
    "tr": 1726028786.2781334
}