{
    "en-US": 1723191705.5241435,
    "ar": 1723191720.701246,
    "de": 1723191735.8844361,
    "es-ES": 1723191751.0440378,
    "es-MX": 1723191766.2168388,
    "fr": 1723191781.3846924,
    "it": 1723191796.5466986,
    "ja": 1723191811.7078083,
    "ko": 1723191826.8650177,
    "pl": 1723191842.0158198,
    "pt-BR": 1723191857.1816437,
    "ru": 1723191872.3613653,
    "tr": 1723191887.5191994
}