{
    "en-US": 1725221904.709885,
    "ar": 1725221919.8733313,
    "de": 1725221935.0402775,
    "es-ES": 1725221950.19504,
    "es-MX": 1725221965.3726656,
    "fr": 1725221980.5326443,
    "it": 1725221995.6947434,
    "ja": 1725222010.8517978,
    "ko": 1725222026.0122826,
    "pl": 1725222041.1677396,
    "pt-BR": 1725222056.364163,
    "ru": 1725222071.536331,
    "tr": 1725222086.7020938
}