{
    "en-US": 1725850015.1014884,
    "ar": 1725850030.228928,
    "de": 1725850045.3554966,
    "es-ES": 1725850060.4587834,
    "es-MX": 1725850075.5894575,
    "fr": 1725850090.6969373,
    "it": 1725850105.8254585,
    "ja": 1725850120.925253,
    "ko": 1725850136.0389569,
    "pl": 1725850151.1343417,
    "pt-BR": 1725850166.2833126,
    "ru": 1725850181.3890707,
    "tr": 1725850196.5477962
}