{
    "en-US": 1718698891.655991,
    "ar": 1718698906.8716416,
    "de": 1718698922.1020958,
    "es-ES": 1718698937.2700288,
    "es-MX": 1718698952.4465914,
    "fr": 1718698967.6154299,
    "it": 1718698982.809937,
    "ja": 1718698997.9762738,
    "ko": 1718699013.1483634,
    "pl": 1718699028.3145463,
    "pt-BR": 1718699043.4947824,
    "ru": 1718699058.689489,
    "tr": 1718699073.890072
}