{
    "en-US": 1725877234.4045558,
    "ar": 1725877249.5267124,
    "de": 1725877264.6743097,
    "es-ES": 1725877279.7723963,
    "es-MX": 1725877294.8999836,
    "fr": 1725877310.0135922,
    "it": 1725877325.132082,
    "ja": 1725877340.25768,
    "ko": 1725877355.370291,
    "pl": 1725877370.491212,
    "pt-BR": 1725877385.6261613,
    "ru": 1725877400.7463856,
    "tr": 1725877415.86107
}