{
    "en-US": 1716020296.9512868,
    "ar": 1716020312.751916,
    "de": 1716020328.1183238,
    "es-ES": 1716020343.9803965,
    "es-MX": 1716020359.3738086,
    "fr": 1716020374.7559705,
    "it": 1716020390.1369677,
    "ja": 1716020407.3514187,
    "ko": 1716020424.0612876,
    "pl": 1716020439.7188206,
    "pt-BR": 1716020455.1291072,
    "ru": 1716020470.640474,
    "tr": 1716020486.0892005
}