{
    "en-US": 1721211502.468748,
    "ar": 1721211517.6366277,
    "de": 1721211532.8025448,
    "es-ES": 1721211547.9791498,
    "es-MX": 1721211563.6713018,
    "fr": 1721211578.8243942,
    "it": 1721211593.9868748,
    "ja": 1721211609.1418061,
    "ko": 1721211624.2950218,
    "pl": 1721211639.4382265,
    "pt-BR": 1721211654.6246684,
    "ru": 1721211669.781,
    "tr": 1721211684.94941
}