{
    "en-US": 1717143642.2940726,
    "ar": 1717143658.2558243,
    "de": 1717143673.7389975,
    "es-ES": 1717143689.458873,
    "es-MX": 1717143705.2775438,
    "fr": 1717143721.4005654,
    "it": 1717143737.211568,
    "ja": 1717143754.600023,
    "ko": 1717143771.3458803,
    "pl": 1717143786.9669788,
    "pt-BR": 1717143802.6008892,
    "ru": 1717143818.2643573,
    "tr": 1717143833.9092684
}