{
    "en-US": 1716618063.8229322,
    "ar": 1716618079.7388754,
    "de": 1716618095.226304,
    "es-ES": 1716618110.989284,
    "es-MX": 1716618126.8415601,
    "fr": 1716618142.4567046,
    "it": 1716618158.2612522,
    "ja": 1716618175.4462662,
    "ko": 1716618192.1947737,
    "pl": 1716618207.8814507,
    "pt-BR": 1716618223.780718,
    "ru": 1716618239.4636014,
    "tr": 1716618255.3468435
}