{
    "en-US": 1720646129.315445,
    "ar": 1720646144.4848511,
    "de": 1720646159.6667948,
    "es-ES": 1720646174.8286648,
    "es-MX": 1720646190.0177405,
    "fr": 1720646205.1777434,
    "it": 1720646220.3548877,
    "ja": 1720646235.5211709,
    "ko": 1720646250.6933851,
    "pl": 1720646265.8553655,
    "pt-BR": 1720646281.0475886,
    "ru": 1720646296.222459,
    "tr": 1720646311.3865
}