{
    "en-US": 1716268545.6239252,
    "ar": 1716268561.3631992,
    "de": 1716268576.7789793,
    "es-ES": 1716268592.1698208,
    "es-MX": 1716268607.6252532,
    "fr": 1716268623.0807621,
    "it": 1716268638.5525815,
    "ja": 1716268654.6921833,
    "ko": 1716268670.6408792,
    "pl": 1716268686.1296554,
    "pt-BR": 1716268701.601978,
    "ru": 1716268717.1191778,
    "tr": 1716268732.6015651
}