{
    "en-US": 1720704041.1136189,
    "ar": 1720704056.2264264,
    "de": 1720704071.3661613,
    "es-ES": 1720704086.4908898,
    "es-MX": 1720704101.6089215,
    "fr": 1720704116.7257328,
    "it": 1720704131.855444,
    "ja": 1720704146.951214,
    "ko": 1720704162.0516093,
    "pl": 1720704177.180894,
    "pt-BR": 1720704192.3055959,
    "ru": 1720704207.4310534,
    "tr": 1720704222.5820937
}