{
    "en-US": 1717280059.933638,
    "ar": 1717280076.101022,
    "de": 1717280091.6541173,
    "es-ES": 1717280107.1440485,
    "es-MX": 1717280122.7725606,
    "fr": 1717280138.3864005,
    "it": 1717280154.2482793,
    "ja": 1717280171.3250098,
    "ko": 1717280187.8928514,
    "pl": 1717280203.7204995,
    "pt-BR": 1717280219.346444,
    "ru": 1717280235.018458,
    "tr": 1717280252.4712596
}