{
    "en-US": 1716690711.628799,
    "ar": 1716690727.7571096,
    "de": 1716690743.1250014,
    "es-ES": 1716690758.7976024,
    "es-MX": 1716690774.5123804,
    "fr": 1716690789.9982476,
    "it": 1716690805.692832,
    "ja": 1716690823.4125915,
    "ko": 1716690840.3826587,
    "pl": 1716690855.8507776,
    "pt-BR": 1716690871.7398605,
    "ru": 1716690887.2651474,
    "tr": 1716690903.0841823
}