{
    "en-US": 1720901826.24876,
    "ar": 1720901841.3515615,
    "de": 1720901856.4628527,
    "es-ES": 1720901871.559568,
    "es-MX": 1720901886.6676068,
    "fr": 1720901901.7627752,
    "it": 1720901916.894429,
    "ja": 1720901931.9765425,
    "ko": 1720901947.076648,
    "pl": 1720901962.1829772,
    "pt-BR": 1720901977.2947276,
    "ru": 1720901992.4059277,
    "tr": 1720902007.5413952
}