{
    "en-US": 1718374604.1681964,
    "ar": 1718374620.5742195,
    "de": 1718374636.125972,
    "es-ES": 1718374651.3212607,
    "es-MX": 1718374666.5438294,
    "fr": 1718374681.7154171,
    "it": 1718374696.904042,
    "ja": 1718374712.0795803,
    "ko": 1718374727.2879024,
    "pl": 1718374742.4610367,
    "pt-BR": 1718374757.636948,
    "ru": 1718374772.7986434,
    "tr": 1718374787.9753447
}