{
    "en-US": 1716208271.1028304,
    "ar": 1716208287.2074652,
    "de": 1716208302.871392,
    "es-ES": 1716208318.622325,
    "es-MX": 1716208334.2632766,
    "fr": 1716208349.6633976,
    "it": 1716208365.4178448,
    "ja": 1716208383.2397673,
    "ko": 1716208400.4587853,
    "pl": 1716208416.262452,
    "pt-BR": 1716208431.9210975,
    "ru": 1716208447.4154415,
    "tr": 1716208463.1479673
}