{
    "en-US": 1721035128.593538,
    "ar": 1721035143.7580209,
    "de": 1721035158.9290504,
    "es-ES": 1721035174.0802186,
    "es-MX": 1721035189.254162,
    "fr": 1721035204.4237032,
    "it": 1721035219.5875967,
    "ja": 1721035234.7424383,
    "ko": 1721035249.902417,
    "pl": 1721035265.058474,
    "pt-BR": 1721035280.225333,
    "ru": 1721035295.3942008,
    "tr": 1721035310.5515623
}