{
    "en-US": 1724243486.0404713,
    "ar": 1724243501.1495774,
    "de": 1724243516.2912354,
    "es-ES": 1724243531.392658,
    "es-MX": 1724243546.5062695,
    "fr": 1724243561.599679,
    "it": 1724243576.7311063,
    "ja": 1724243591.832434,
    "ko": 1724243606.9400673,
    "pl": 1724243622.037565,
    "pt-BR": 1724243637.1512604,
    "ru": 1724243652.251425,
    "tr": 1724243667.3958201
}