{
    "en-US": 1721240557.8834832,
    "ar": 1721240572.995966,
    "de": 1721240588.1211557,
    "es-ES": 1721240603.2672887,
    "es-MX": 1721240618.3737485,
    "fr": 1721240633.5410242,
    "it": 1721240648.6638997,
    "ja": 1721240663.7766104,
    "ko": 1721240678.8810625,
    "pl": 1721240694.0061796,
    "pt-BR": 1721240709.157423,
    "ru": 1721240724.2874603,
    "tr": 1721240739.4009848
}