{
    "en-US": 1724080756.761927,
    "ar": 1724080771.8741312,
    "de": 1724080787.0079246,
    "es-ES": 1724080802.1039836,
    "es-MX": 1724080817.2383096,
    "fr": 1724080832.3518887,
    "it": 1724080847.453432,
    "ja": 1724080862.5430005,
    "ko": 1724080877.681397,
    "pl": 1724080892.784895,
    "pt-BR": 1724080907.9163873,
    "ru": 1724080922.998305,
    "tr": 1724080938.0792246
}