{
    "en-US": 1722586819.0979583,
    "ar": 1722586834.265795,
    "de": 1722586849.4272716,
    "es-ES": 1722586864.593668,
    "es-MX": 1722586879.7698264,
    "fr": 1722586894.929757,
    "it": 1722586910.0948975,
    "ja": 1722586925.2637346,
    "ko": 1722586940.4249709,
    "pl": 1722586955.5799131,
    "pt-BR": 1722586970.75588,
    "ru": 1722586985.9171574,
    "tr": 1722587001.0765593
}