{
    "en-US": 1722846101.5745242,
    "ar": 1722846116.6689975,
    "de": 1722846131.7681653,
    "es-ES": 1722846146.861916,
    "es-MX": 1722846161.9530125,
    "fr": 1722846177.0603712,
    "it": 1722846192.1591413,
    "ja": 1722846207.2462492,
    "ko": 1722846222.3535962,
    "pl": 1722846237.438249,
    "pt-BR": 1722846252.5415566,
    "ru": 1722846267.6761851,
    "tr": 1722846282.7703526
}