{
    "en-US": 1716186113.266207,
    "ar": 1716186129.158495,
    "de": 1716186144.6762397,
    "es-ES": 1716186160.4300153,
    "es-MX": 1716186175.983968,
    "fr": 1716186191.5251665,
    "it": 1716186207.079659,
    "ja": 1716186224.9269662,
    "ko": 1716186241.60315,
    "pl": 1716186257.1727374,
    "pt-BR": 1716186272.7238321,
    "ru": 1716186288.3306122,
    "tr": 1716186303.9284363
}