{
    "en-US": 1715508891.1427057,
    "ar": 1715508907.0965416,
    "de": 1715508922.5981238,
    "es-ES": 1715508938.0787547,
    "es-MX": 1715508953.7871184,
    "fr": 1715508969.3478372,
    "it": 1715508984.9004998,
    "ja": 1715509002.4015696,
    "ko": 1715509019.401825,
    "pl": 1715509034.959678,
    "pt-BR": 1715509050.5356607,
    "ru": 1715509066.2786338,
    "tr": 1715509081.9094305
}