{
    "en-US": 1724105883.1776724,
    "ar": 1724105898.2832828,
    "de": 1724105913.3838665,
    "es-ES": 1724105928.4756255,
    "es-MX": 1724105943.63446,
    "fr": 1724105958.7206707,
    "it": 1724105973.8223057,
    "ja": 1724105988.9314384,
    "ko": 1724106004.049097,
    "pl": 1724106019.1402016,
    "pt-BR": 1724106034.2678926,
    "ru": 1724106049.357686,
    "tr": 1724106064.4559724
}