{
    "en-US": 1716121644.5796695,
    "ar": 1716121660.7349875,
    "de": 1716121676.4305215,
    "es-ES": 1716121692.2111275,
    "es-MX": 1716121708.0367208,
    "fr": 1716121723.5907793,
    "it": 1716121739.4272623,
    "ja": 1716121756.8889997,
    "ko": 1716121773.783659,
    "pl": 1716121789.5643158,
    "pt-BR": 1716121805.3956718,
    "ru": 1716121821.0050716,
    "tr": 1716121836.8783073
}