{
    "en-US": 1715869001.7764285,
    "ar": 1715869017.9129713,
    "de": 1715869033.297037,
    "es-ES": 1715869048.6419911,
    "es-MX": 1715869064.120398,
    "fr": 1715869079.5158482,
    "it": 1715869094.947164,
    "ja": 1715869114.3058136,
    "ko": 1715869132.315218,
    "pl": 1715869147.767375,
    "pt-BR": 1715869163.189506,
    "ru": 1715869178.7140427,
    "tr": 1715869194.168758
}