{
    "en-US": 1725747353.4073477,
    "ar": 1725747368.5126677,
    "de": 1725747383.6272132,
    "es-ES": 1725747398.7233822,
    "es-MX": 1725747413.8678534,
    "fr": 1725747428.9713006,
    "it": 1725747444.0798693,
    "ja": 1725747459.1798797,
    "ko": 1725747474.2809527,
    "pl": 1725747489.3795915,
    "pt-BR": 1725747504.5091429,
    "ru": 1725747519.606069,
    "tr": 1725747534.7075617
}