{
    "en-US": 1719296576.3394885,
    "ar": 1719296591.51532,
    "de": 1719296606.6912174,
    "es-ES": 1719296621.8672688,
    "es-MX": 1719296637.0726368,
    "fr": 1719296652.2411084,
    "it": 1719296667.4161427,
    "ja": 1719296682.5854435,
    "ko": 1719296697.764092,
    "pl": 1719296712.9378211,
    "pt-BR": 1719296728.1476934,
    "ru": 1719296743.3209376,
    "tr": 1719296758.4963586
}