{
    "en-US": 1725808722.690762,
    "ar": 1725808737.7968624,
    "de": 1725808752.9127712,
    "es-ES": 1725808768.0240002,
    "es-MX": 1725808783.1423903,
    "fr": 1725808798.25995,
    "it": 1725808813.3826451,
    "ja": 1725808828.4974296,
    "ko": 1725808843.5985374,
    "pl": 1725808858.707295,
    "pt-BR": 1725808873.8222897,
    "ru": 1725808888.9633715,
    "tr": 1725808904.065853
}