{
    "en-US": 1721783504.2026598,
    "ar": 1721783519.394186,
    "de": 1721783534.5918393,
    "es-ES": 1721783549.7733557,
    "es-MX": 1721783565.0465796,
    "fr": 1721783580.2260041,
    "it": 1721783595.416516,
    "ja": 1721783610.595691,
    "ko": 1721783625.783645,
    "pl": 1721783640.972228,
    "pt-BR": 1721783656.185435,
    "ru": 1721783671.3676083,
    "tr": 1721783686.5526114
}