{
    "en-US": 1721557010.4059656,
    "ar": 1721557025.554648,
    "de": 1721557040.698019,
    "es-ES": 1721557055.8325756,
    "es-MX": 1721557070.989057,
    "fr": 1721557086.127543,
    "it": 1721557101.2699397,
    "ja": 1721557116.4141803,
    "ko": 1721557131.6220806,
    "pl": 1721557146.7577648,
    "pt-BR": 1721557161.9223778,
    "ru": 1721557177.0646372,
    "tr": 1721557192.2111692
}