{
    "en-US": 1722795636.0937386,
    "ar": 1722795651.2670825,
    "de": 1722795666.4374695,
    "es-ES": 1722795681.5903027,
    "es-MX": 1722795696.7574213,
    "fr": 1722795711.9170425,
    "it": 1722795727.1006935,
    "ja": 1722795742.253967,
    "ko": 1722795757.4105752,
    "pl": 1722795772.5677817,
    "pt-BR": 1722795787.727898,
    "ru": 1722795802.881487,
    "tr": 1722795818.0594501
}