{
    "en-US": 1715552008.215808,
    "ar": 1715552024.0715396,
    "de": 1715552039.5745008,
    "es-ES": 1715552055.0645998,
    "es-MX": 1715552070.6172023,
    "fr": 1715552086.1638343,
    "it": 1715552101.7253835,
    "ja": 1715552118.1466663,
    "ko": 1715552134.223155,
    "pl": 1715552149.7727349,
    "pt-BR": 1715552165.3409958,
    "ru": 1715552180.9257114,
    "tr": 1715552196.4967678
}