{
    "en-US": 1716236226.3889523,
    "ar": 1716236242.4954624,
    "de": 1716236257.9658563,
    "es-ES": 1716236273.425674,
    "es-MX": 1716236288.9291012,
    "fr": 1716236304.741981,
    "it": 1716236320.2801473,
    "ja": 1716236338.3361104,
    "ko": 1716236355.4794834,
    "pl": 1716236371.0172892,
    "pt-BR": 1716236386.6461036,
    "ru": 1716236402.3993657,
    "tr": 1716236417.9987185
}