{
    "en-US": 1718875171.3388188,
    "ar": 1718875187.5064325,
    "de": 1718875202.9150817,
    "es-ES": 1718875218.0623617,
    "es-MX": 1718875233.2035666,
    "fr": 1718875248.3087227,
    "it": 1718875263.4281347,
    "ja": 1718875278.532786,
    "ko": 1718875293.6642404,
    "pl": 1718875308.7586277,
    "pt-BR": 1718875323.8730385,
    "ru": 1718875338.966725,
    "tr": 1718875354.0729303
}