{
    "en-US": 1724494586.4254987,
    "ar": 1724494601.5278199,
    "de": 1724494616.6421309,
    "es-ES": 1724494631.7305448,
    "es-MX": 1724494646.8618035,
    "fr": 1724494661.940516,
    "it": 1724494677.0399861,
    "ja": 1724494692.1309938,
    "ko": 1724494707.2384202,
    "pl": 1724494722.3244636,
    "pt-BR": 1724494737.4387224,
    "ru": 1724494752.5231774,
    "tr": 1724494767.6215427
}