{
    "en-US": 1725610934.1148076,
    "ar": 1725610949.2829604,
    "de": 1725610964.4762588,
    "es-ES": 1725610979.6274853,
    "es-MX": 1725610994.798349,
    "fr": 1725611009.9553294,
    "it": 1725611025.1279004,
    "ja": 1725611040.2811034,
    "ko": 1725611055.4694254,
    "pl": 1725611070.625163,
    "pt-BR": 1725611085.7988286,
    "ru": 1725611100.9628055,
    "tr": 1725611116.1193342
}