{
    "en-US": 1715984128.4400728,
    "ar": 1715984144.7953963,
    "de": 1715984160.3234656,
    "es-ES": 1715984176.0791407,
    "es-MX": 1715984191.6131265,
    "fr": 1715984207.1843064,
    "it": 1715984222.7813454,
    "ja": 1715984240.6675563,
    "ko": 1715984257.5283995,
    "pl": 1715984273.3778672,
    "pt-BR": 1715984289.2258804,
    "ru": 1715984305.161801,
    "tr": 1715984321.0059457
}