{
    "en-US": 1721020619.8564286,
    "ar": 1721020634.9601386,
    "de": 1721020650.0609033,
    "es-ES": 1721020665.1602154,
    "es-MX": 1721020680.2770863,
    "fr": 1721020695.3618898,
    "it": 1721020710.4919808,
    "ja": 1721020725.584252,
    "ko": 1721020740.6824274,
    "pl": 1721020755.7806277,
    "pt-BR": 1721020770.8896916,
    "ru": 1721020785.9862063,
    "tr": 1721020801.1357882
}