{
    "en-US": 1722220663.3572268,
    "ar": 1722220678.5336506,
    "de": 1722220693.6989539,
    "es-ES": 1722220708.856291,
    "es-MX": 1722220724.0498803,
    "fr": 1722220739.211511,
    "it": 1722220754.38328,
    "ja": 1722220769.5347776,
    "ko": 1722220784.6958895,
    "pl": 1722220799.8556063,
    "pt-BR": 1722220815.0445006,
    "ru": 1722220830.208864,
    "tr": 1722220845.3706973
}