{
    "en-US": 1725286603.1103008,
    "ar": 1725286618.2374337,
    "de": 1725286633.3616257,
    "es-ES": 1725286648.4680758,
    "es-MX": 1725286663.6338866,
    "fr": 1725286678.7399457,
    "it": 1725286693.8549953,
    "ja": 1725286708.9791775,
    "ko": 1725286724.09958,
    "pl": 1725286739.2089813,
    "pt-BR": 1725286754.363325,
    "ru": 1725286769.468715,
    "tr": 1725286784.5827549
}