{
    "en-US": 1718961447.6268444,
    "ar": 1718961462.765127,
    "de": 1718961477.9150953,
    "es-ES": 1718961493.0460546,
    "es-MX": 1718961508.180837,
    "fr": 1718961523.2846475,
    "it": 1718961538.423591,
    "ja": 1718961553.5338798,
    "ko": 1718961568.6440141,
    "pl": 1718961583.7524457,
    "pt-BR": 1718961598.8750086,
    "ru": 1718961613.967673,
    "tr": 1718961629.1223946
}