{
    "en-US": 1716959831.4524171,
    "ar": 1716959847.2716656,
    "de": 1716959862.6025805,
    "es-ES": 1716959877.9268703,
    "es-MX": 1716959893.3983116,
    "fr": 1716959909.0404277,
    "it": 1716959924.52034,
    "ja": 1716959942.6974304,
    "ko": 1716959959.7391975,
    "pl": 1716959975.2354825,
    "pt-BR": 1716959990.8788214,
    "ru": 1716960006.439861,
    "tr": 1716960021.9353893
}