{
    "en-US": 1725592799.6984935,
    "ar": 1725592814.8325772,
    "de": 1725592829.9581947,
    "es-ES": 1725592845.0585537,
    "es-MX": 1725592860.1854658,
    "fr": 1725592875.2946095,
    "it": 1725592890.4216254,
    "ja": 1725592905.5200212,
    "ko": 1725592920.6322093,
    "pl": 1725592935.7259195,
    "pt-BR": 1725592950.8429098,
    "ru": 1725592965.9714024,
    "tr": 1725592981.1198952
}