{
    "en-US": 1714839504.996539,
    "ar": 1714839520.8982337,
    "de": 1714839536.2651932,
    "es-ES": 1714839551.6329746,
    "es-MX": 1714839567.050892,
    "fr": 1714839582.6857874,
    "it": 1714839598.0982068,
    "ja": 1714839615.7961125,
    "ko": 1714839632.9268222,
    "pl": 1714839648.3599312,
    "pt-BR": 1714839663.774586,
    "ru": 1714839679.282198,
    "tr": 1714839694.8103685
}