{
    "en-US": 1715487521.4985046,
    "ar": 1715487537.34913,
    "de": 1715487552.8693662,
    "es-ES": 1715487568.4080546,
    "es-MX": 1715487583.9737413,
    "fr": 1715487599.5286531,
    "it": 1715487615.0919657,
    "ja": 1715487631.3667984,
    "ko": 1715487647.376926,
    "pl": 1715487662.9365315,
    "pt-BR": 1715487678.4978318,
    "ru": 1715487694.0937488,
    "tr": 1715487709.6797495
}