{
    "en-US": 1725920212.9431932,
    "ar": 1725920228.1258187,
    "de": 1725920243.3121483,
    "es-ES": 1725920258.4969444,
    "es-MX": 1725920273.7043967,
    "fr": 1725920288.8732393,
    "it": 1725920304.0629375,
    "ja": 1725920319.247176,
    "ko": 1725920334.4303775,
    "pl": 1725920349.6063952,
    "pt-BR": 1725920364.8139944,
    "ru": 1725920379.990315,
    "tr": 1725920395.186256
}