{
    "en-US": 1718994133.1653962,
    "ar": 1718994149.348284,
    "de": 1718994165.2616842,
    "es-ES": 1718994180.4050245,
    "es-MX": 1718994195.598988,
    "fr": 1718994210.7516184,
    "it": 1718994225.8858857,
    "ja": 1718994241.0147998,
    "ko": 1718994256.1869988,
    "pl": 1718994271.290549,
    "pt-BR": 1718994286.4149284,
    "ru": 1718994301.5285757,
    "tr": 1718994316.6548698
}