{
    "en-US": 1723609234.2750642,
    "ar": 1723609249.3739724,
    "de": 1723609264.4856393,
    "es-ES": 1723609279.5737035,
    "es-MX": 1723609294.7058046,
    "fr": 1723609309.7887406,
    "it": 1723609324.9000912,
    "ja": 1723609339.9969196,
    "ko": 1723609355.0968444,
    "pl": 1723609370.202698,
    "pt-BR": 1723609385.3452387,
    "ru": 1723609400.4409118,
    "tr": 1723609415.53974
}