{
    "en-US": 1717942502.3505692,
    "ar": 1717942518.2514353,
    "de": 1717942533.6624205,
    "es-ES": 1717942548.7843509,
    "es-MX": 1717942563.8980963,
    "fr": 1717942579.0061839,
    "it": 1717942594.1344228,
    "ja": 1717942609.2467723,
    "ko": 1717942624.3878253,
    "pl": 1717942639.4904509,
    "pt-BR": 1717942654.6288443,
    "ru": 1717942669.7309184,
    "tr": 1717942684.887737
}