{
    "en-US": 1722345586.2609394,
    "ar": 1722345601.3704116,
    "de": 1722345616.4778483,
    "es-ES": 1722345631.5749815,
    "es-MX": 1722345646.6934733,
    "fr": 1722345661.7758417,
    "it": 1722345676.9004333,
    "ja": 1722345691.995295,
    "ko": 1722345707.0938077,
    "pl": 1722345722.1983616,
    "pt-BR": 1722345737.3003643,
    "ru": 1722345752.39361,
    "tr": 1722345767.5093179
}