{
    "en-US": 1717272941.0638745,
    "ar": 1717272956.8968394,
    "de": 1717272972.3408835,
    "es-ES": 1717272987.7846136,
    "es-MX": 1717273003.3704464,
    "fr": 1717273018.906497,
    "it": 1717273034.4897046,
    "ja": 1717273051.5353363,
    "ko": 1717273068.171586,
    "pl": 1717273083.964191,
    "pt-BR": 1717273099.5405667,
    "ru": 1717273115.139441,
    "tr": 1717273130.987121
}