{
    "en-US": 1722169728.39035,
    "ar": 1722169743.484959,
    "de": 1722169758.5830157,
    "es-ES": 1722169773.6758697,
    "es-MX": 1722169788.7968543,
    "fr": 1722169803.88726,
    "it": 1722169818.9865174,
    "ja": 1722169834.0697029,
    "ko": 1722169849.156903,
    "pl": 1722169864.2402532,
    "pt-BR": 1722169879.3810441,
    "ru": 1722169894.466864,
    "tr": 1722169909.5550604
}