{
    "en-US": 1714321045.5656712,
    "ar": 1714321061.363395,
    "de": 1714321076.741377,
    "es-ES": 1714321092.0851376,
    "es-MX": 1714321107.509995,
    "fr": 1714321122.930466,
    "it": 1714321138.3448215,
    "ja": 1714321156.0390475,
    "ko": 1714321172.7425635,
    "pl": 1714321188.1835165,
    "pt-BR": 1714321203.6576893,
    "ru": 1714321219.1389437,
    "tr": 1714321234.7711732
}