{
    "en-US": 1720502206.816933,
    "ar": 1720502221.9229279,
    "de": 1720502237.038709,
    "es-ES": 1720502252.1331007,
    "es-MX": 1720502267.262253,
    "fr": 1720502282.3562946,
    "it": 1720502297.4674048,
    "ja": 1720502312.5617905,
    "ko": 1720502327.6616473,
    "pl": 1720502342.758199,
    "pt-BR": 1720502357.878068,
    "ru": 1720502372.9795685,
    "tr": 1720502388.0705597
}