{
    "en-US": 1716512790.6694329,
    "ar": 1716512806.860267,
    "de": 1716512822.613722,
    "es-ES": 1716512838.245527,
    "es-MX": 1716512853.9281352,
    "fr": 1716512869.61303,
    "it": 1716512885.3604338,
    "ja": 1716512903.1365097,
    "ko": 1716512920.3406458,
    "pl": 1716512935.7370942,
    "pt-BR": 1716512951.474081,
    "ru": 1716512967.2602267,
    "tr": 1716512982.9353418
}