{
    "en-US": 1717348456.3754878,
    "ar": 1717348472.0552957,
    "de": 1717348487.4967005,
    "es-ES": 1717348502.8987417,
    "es-MX": 1717348518.4671333,
    "fr": 1717348534.019451,
    "it": 1717348549.7448368,
    "ja": 1717348565.7847607,
    "ko": 1717348581.6559908,
    "pl": 1717348597.1809895,
    "pt-BR": 1717348612.7224545,
    "ru": 1717348628.2971718,
    "tr": 1717348643.8553202
}