{
    "en-US": 1716812940.2495735,
    "ar": 1716812956.3104846,
    "de": 1716812972.064924,
    "es-ES": 1716812987.5572915,
    "es-MX": 1716813003.6740255,
    "fr": 1716813019.3102098,
    "it": 1716813035.4160008,
    "ja": 1716813051.910081,
    "ko": 1716813068.1576474,
    "pl": 1716813084.1536467,
    "pt-BR": 1716813100.1194124,
    "ru": 1716813116.177931,
    "tr": 1716813132.1656084
}