{
    "en-US": 1716326080.1562014,
    "ar": 1716326095.9667401,
    "de": 1716326111.476305,
    "es-ES": 1716326126.9823337,
    "es-MX": 1716326142.561838,
    "fr": 1716326158.1140702,
    "it": 1716326173.681223,
    "ja": 1716326189.8669252,
    "ko": 1716326205.857734,
    "pl": 1716326221.9243035,
    "pt-BR": 1716326237.765336,
    "ru": 1716326253.3498013,
    "tr": 1716326268.910553
}