{
    "en-US": 1720088241.3201323,
    "ar": 1720088256.4746356,
    "de": 1720088271.6238313,
    "es-ES": 1720088286.763356,
    "es-MX": 1720088301.9199765,
    "fr": 1720088317.078412,
    "it": 1720088332.227087,
    "ja": 1720088347.3728905,
    "ko": 1720088362.5211914,
    "pl": 1720088377.6668024,
    "pt-BR": 1720088392.823022,
    "ru": 1720088407.981549,
    "tr": 1720088423.1263807
}