{
    "en-US": 1724739838.9391181,
    "ar": 1724739854.1165085,
    "de": 1724739869.4169085,
    "es-ES": 1724739884.571042,
    "es-MX": 1724739899.7661302,
    "fr": 1724739914.9266765,
    "it": 1724739930.1006198,
    "ja": 1724739945.2783165,
    "ko": 1724739960.4404352,
    "pl": 1724739975.6080844,
    "pt-BR": 1724739990.8000395,
    "ru": 1724740005.9763637,
    "tr": 1724740021.1529303
}