{
    "en-US": 1716315611.7939637,
    "ar": 1716315627.6397119,
    "de": 1716315643.0851915,
    "es-ES": 1716315658.5246542,
    "es-MX": 1716315673.9830172,
    "fr": 1716315689.4450693,
    "it": 1716315704.9182959,
    "ja": 1716315721.83803,
    "ko": 1716315738.3107843,
    "pl": 1716315753.7823958,
    "pt-BR": 1716315769.260679,
    "ru": 1716315784.7881742,
    "tr": 1716315800.3037724
}