{
    "en-US": 1719397017.2921753,
    "ar": 1719397032.4666421,
    "de": 1719397047.6422207,
    "es-ES": 1719397062.8115714,
    "es-MX": 1719397078.0124292,
    "fr": 1719397093.1757336,
    "it": 1719397108.3657036,
    "ja": 1719397123.5439994,
    "ko": 1719397138.7151644,
    "pl": 1719397153.8927402,
    "pt-BR": 1719397169.0881948,
    "ru": 1719397184.2864285,
    "tr": 1719397199.4545455
}