{
    "en-US": 1714731396.5817876,
    "ar": 1714731412.462686,
    "de": 1714731427.8779209,
    "es-ES": 1714731443.2808566,
    "es-MX": 1714731458.731193,
    "fr": 1714731474.1699245,
    "it": 1714731489.6240351,
    "ja": 1714731507.2290099,
    "ko": 1714731523.6765537,
    "pl": 1714731539.1173332,
    "pt-BR": 1714731554.5711668,
    "ru": 1714731570.0924063,
    "tr": 1714731585.6539562
}