{
    "en-US": 1724419197.1854293,
    "ar": 1724419212.3033574,
    "de": 1724419227.41979,
    "es-ES": 1724419242.5195036,
    "es-MX": 1724419257.655675,
    "fr": 1724419272.74967,
    "it": 1724419287.8748572,
    "ja": 1724419302.9732141,
    "ko": 1724419318.0897841,
    "pl": 1724419333.1899736,
    "pt-BR": 1724419348.3850422,
    "ru": 1724419363.5137725,
    "tr": 1724419378.6118937
}