{
    "en-US": 1717549738.9138715,
    "ar": 1717549754.340312,
    "de": 1717549769.5168755,
    "es-ES": 1717549785.7397952,
    "es-MX": 1717549800.9362645,
    "fr": 1717549817.1899405,
    "it": 1717549832.3940296,
    "ja": 1717549849.0894394,
    "ko": 1717549864.29072,
    "pl": 1717549880.689278,
    "pt-BR": 1717549896.589106,
    "ru": 1717549911.790251,
    "tr": 1717549926.9885886
}