{
    "en-US": 1722633365.4249794,
    "ar": 1722633380.5845494,
    "de": 1722633395.7499573,
    "es-ES": 1722633410.910789,
    "es-MX": 1722633426.1037817,
    "fr": 1722633441.268478,
    "it": 1722633456.460251,
    "ja": 1722633471.6310792,
    "ko": 1722633486.7945168,
    "pl": 1722633501.9528573,
    "pt-BR": 1722633517.1281147,
    "ru": 1722633532.2892032,
    "tr": 1722633547.4502468
}