{
    "en-US": 1715192455.4209096,
    "ar": 1715192471.400764,
    "de": 1715192486.771652,
    "es-ES": 1715192502.1324446,
    "es-MX": 1715192517.5584626,
    "fr": 1715192532.9768193,
    "it": 1715192548.4077578,
    "ja": 1715192566.7017024,
    "ko": 1715192583.9350832,
    "pl": 1715192599.389493,
    "pt-BR": 1715192614.83009,
    "ru": 1715192630.5159886,
    "tr": 1715192646.0189095
}