{
    "en-US": 1715821565.6276078,
    "ar": 1715821581.9313612,
    "de": 1715821597.7614682,
    "es-ES": 1715821613.5707166,
    "es-MX": 1715821629.1779053,
    "fr": 1715821645.0397441,
    "it": 1715821661.8945065,
    "ja": 1715821681.1517887,
    "ko": 1715821699.3218424,
    "pl": 1715821715.1422253,
    "pt-BR": 1715821730.963863,
    "ru": 1715821746.8792484,
    "tr": 1715821762.7401376
}