{
    "en-US": 1714796371.703868,
    "ar": 1714796387.4672003,
    "de": 1714796402.8998334,
    "es-ES": 1714796418.309063,
    "es-MX": 1714796433.9870553,
    "fr": 1714796449.447077,
    "it": 1714796464.917897,
    "ja": 1714796481.2413726,
    "ko": 1714796497.1985598,
    "pl": 1714796512.867367,
    "pt-BR": 1714796528.3687298,
    "ru": 1714796543.8545487,
    "tr": 1714796559.3401244
}