{
    "en-US": 1721513774.143007,
    "ar": 1721513789.2533321,
    "de": 1721513804.363944,
    "es-ES": 1721513819.4563608,
    "es-MX": 1721513834.5753996,
    "fr": 1721513849.7292252,
    "it": 1721513864.8296475,
    "ja": 1721513879.9133978,
    "ko": 1721513895.0203466,
    "pl": 1721513910.129914,
    "pt-BR": 1721513925.252609,
    "ru": 1721513940.3748178,
    "tr": 1721513955.4764898
}