{
    "en-US": 1725178834.7285237,
    "ar": 1725178849.9029002,
    "de": 1725178865.0661743,
    "es-ES": 1725178880.2308674,
    "es-MX": 1725178895.4102416,
    "fr": 1725178910.567944,
    "it": 1725178925.7281513,
    "ja": 1725178940.8889203,
    "ko": 1725178956.0412567,
    "pl": 1725178971.193696,
    "pt-BR": 1725178986.3723552,
    "ru": 1725179001.5316458,
    "tr": 1725179016.690515
}