{
    "en-US": 1722694612.20334,
    "ar": 1722694627.3859372,
    "de": 1722694642.5539284,
    "es-ES": 1722694657.7063355,
    "es-MX": 1722694672.8907669,
    "fr": 1722694688.041986,
    "it": 1722694703.2182915,
    "ja": 1722694718.3762705,
    "ko": 1722694733.5387304,
    "pl": 1722694748.688255,
    "pt-BR": 1722694763.8515232,
    "ru": 1722694778.9987922,
    "tr": 1722694794.1763325
}