{
    "en-US": 1717579204.2969368,
    "ar": 1717579220.2264032,
    "de": 1717579235.918216,
    "es-ES": 1717579251.2879713,
    "es-MX": 1717579266.764227,
    "fr": 1717579282.2505739,
    "it": 1717579297.7418394,
    "ja": 1717579314.5270083,
    "ko": 1717579331.948729,
    "pl": 1717579347.4083393,
    "pt-BR": 1717579363.4239247,
    "ru": 1717579379.020535,
    "tr": 1717579394.53994
}