{
    "en-US": 1719246008.8128114,
    "ar": 1719246024.9599776,
    "de": 1719246040.8009412,
    "es-ES": 1719246056.0707154,
    "es-MX": 1719246071.3858073,
    "fr": 1719246086.6476896,
    "it": 1719246101.9092937,
    "ja": 1719246117.1597018,
    "ko": 1719246132.4550097,
    "pl": 1719246147.7151618,
    "pt-BR": 1719246162.9793642,
    "ru": 1719246178.2285576,
    "tr": 1719246193.4853165
}