{
    "en-US": 1723703024.6747928,
    "ar": 1723703039.7806964,
    "de": 1723703054.901726,
    "es-ES": 1723703070.0256298,
    "es-MX": 1723703085.1527002,
    "fr": 1723703100.251218,
    "it": 1723703115.3462615,
    "ja": 1723703130.4309218,
    "ko": 1723703145.5281432,
    "pl": 1723703160.608952,
    "pt-BR": 1723703175.7219481,
    "ru": 1723703190.8076878,
    "tr": 1723703205.8995311
}