{
    "en-US": 1716258565.770489,
    "ar": 1716258581.789421,
    "de": 1716258597.1694515,
    "es-ES": 1716258612.5430543,
    "es-MX": 1716258627.9481912,
    "fr": 1716258643.3910892,
    "it": 1716258658.8285758,
    "ja": 1716258676.0358298,
    "ko": 1716258692.8359592,
    "pl": 1716258708.302071,
    "pt-BR": 1716258724.0502617,
    "ru": 1716258739.5923598,
    "tr": 1716258755.081282
}