{
    "en-US": 1720016258.9711308,
    "ar": 1720016274.1061876,
    "de": 1720016289.2329261,
    "es-ES": 1720016304.34188,
    "es-MX": 1720016319.488567,
    "fr": 1720016334.6099007,
    "it": 1720016349.7513266,
    "ja": 1720016364.878235,
    "ko": 1720016379.987302,
    "pl": 1720016395.1030295,
    "pt-BR": 1720016410.2858691,
    "ru": 1720016425.4054134,
    "tr": 1720016440.5615828
}