{
    "en-US": 1722342663.2344217,
    "ar": 1722342678.3960154,
    "de": 1722342693.580044,
    "es-ES": 1722342708.7380328,
    "es-MX": 1722342723.9153514,
    "fr": 1722342739.07494,
    "it": 1722342754.2410185,
    "ja": 1722342769.399587,
    "ko": 1722342784.5591214,
    "pl": 1722342799.716065,
    "pt-BR": 1722342814.907632,
    "ru": 1722342830.0735862,
    "tr": 1722342845.243752
}