{
    "en-US": 1717636035.4928157,
    "ar": 1717636051.7499728,
    "de": 1717636067.7073202,
    "es-ES": 1717636083.452588,
    "es-MX": 1717636098.5976079,
    "fr": 1717636113.7160425,
    "it": 1717636128.8387573,
    "ja": 1717636143.941636,
    "ko": 1717636159.055087,
    "pl": 1717636174.187906,
    "pt-BR": 1717636189.3146565,
    "ru": 1717636204.4150832,
    "tr": 1717636219.5446522
}