{
    "en-US": 1715257687.9210615,
    "ar": 1715257704.1529121,
    "de": 1715257720.1061194,
    "es-ES": 1715257735.6596358,
    "es-MX": 1715257751.5253866,
    "fr": 1715257767.2216885,
    "it": 1715257783.1187792,
    "ja": 1715257800.9089587,
    "ko": 1715257817.9452536,
    "pl": 1715257833.6662178,
    "pt-BR": 1715257849.3533957,
    "ru": 1715257865.269219,
    "tr": 1715257881.2429926
}