{
    "en-US": 1724192132.4313035,
    "ar": 1724192147.5987492,
    "de": 1724192162.7862058,
    "es-ES": 1724192177.9435444,
    "es-MX": 1724192193.1347418,
    "fr": 1724192208.2866957,
    "it": 1724192223.4754875,
    "ja": 1724192238.6346018,
    "ko": 1724192253.7993615,
    "pl": 1724192268.971678,
    "pt-BR": 1724192284.1521754,
    "ru": 1724192299.314682,
    "tr": 1724192314.493059
}