{
    "en-US": 1723367849.1390402,
    "ar": 1723367864.3198197,
    "de": 1723367879.491964,
    "es-ES": 1723367894.6520853,
    "es-MX": 1723367909.8229544,
    "fr": 1723367924.9951508,
    "it": 1723367940.1906471,
    "ja": 1723367955.3791084,
    "ko": 1723367970.5548615,
    "pl": 1723367985.7285538,
    "pt-BR": 1723368000.9104993,
    "ru": 1723368016.0958903,
    "tr": 1723368031.2765973
}