{
    "en-US": 1720236002.6676788,
    "ar": 1720236017.786716,
    "de": 1720236032.9154382,
    "es-ES": 1720236048.0194209,
    "es-MX": 1720236063.1617362,
    "fr": 1720236078.2610552,
    "it": 1720236093.3762774,
    "ja": 1720236108.484876,
    "ko": 1720236123.5973547,
    "pl": 1720236138.7028234,
    "pt-BR": 1720236153.8453724,
    "ru": 1720236168.9497514,
    "tr": 1720236184.063201
}