{
    "en-US": 1720441903.6673086,
    "ar": 1720441918.7882106,
    "de": 1720441933.902946,
    "es-ES": 1720441949.0143747,
    "es-MX": 1720441964.1698463,
    "fr": 1720441979.2838674,
    "it": 1720441994.4019082,
    "ja": 1720442009.514627,
    "ko": 1720442024.6247795,
    "pl": 1720442039.7354343,
    "pt-BR": 1720442054.8695512,
    "ru": 1720442069.988524,
    "tr": 1720442085.1124704
}