{
    "en-US": 1719724533.007852,
    "ar": 1719724548.1896853,
    "de": 1719724563.3780086,
    "es-ES": 1719724578.5423782,
    "es-MX": 1719724593.7555945,
    "fr": 1719724608.9163392,
    "it": 1719724624.1278982,
    "ja": 1719724639.297021,
    "ko": 1719724654.4684238,
    "pl": 1719724669.6358943,
    "pt-BR": 1719724684.8158076,
    "ru": 1719724699.9840338,
    "tr": 1719724715.1895707
}