{
    "en-US": 1725239809.780342,
    "ar": 1725239824.885147,
    "de": 1725239840.0010238,
    "es-ES": 1725239855.1044636,
    "es-MX": 1725239870.2263799,
    "fr": 1725239885.3335094,
    "it": 1725239900.458823,
    "ja": 1725239915.567036,
    "ko": 1725239930.6769397,
    "pl": 1725239945.767914,
    "pt-BR": 1725239960.8854406,
    "ru": 1725239976.000629,
    "tr": 1725239991.1030993
}