{
    "en-US": 1722241307.5877402,
    "ar": 1722241322.769362,
    "de": 1722241337.932418,
    "es-ES": 1722241353.0915327,
    "es-MX": 1722241368.3190172,
    "fr": 1722241383.4943745,
    "it": 1722241398.6728747,
    "ja": 1722241413.8403573,
    "ko": 1722241429.0026467,
    "pl": 1722241444.167235,
    "pt-BR": 1722241459.331035,
    "ru": 1722241474.4865208,
    "tr": 1722241489.6687694
}