{
    "en-US": 1721362888.8451197,
    "ar": 1721362904.0187905,
    "de": 1721362919.1905932,
    "es-ES": 1721362934.3396413,
    "es-MX": 1721362949.5463407,
    "fr": 1721362964.7676597,
    "it": 1721362979.9448059,
    "ja": 1721362995.1028206,
    "ko": 1721363010.272844,
    "pl": 1721363025.4391806,
    "pt-BR": 1721363040.667987,
    "ru": 1721363055.8388877,
    "tr": 1721363071.0109653
}