{
    "en-US": 1715768221.3582907,
    "ar": 1715768237.1266472,
    "de": 1715768253.124608,
    "es-ES": 1715768268.6310232,
    "es-MX": 1715768284.3775086,
    "fr": 1715768299.94159,
    "it": 1715768315.489468,
    "ja": 1715768331.599617,
    "ko": 1715768347.6766074,
    "pl": 1715768363.2245328,
    "pt-BR": 1715768378.7735465,
    "ru": 1715768394.3320906,
    "tr": 1715768409.8841898
}