{
    "en-US": 1723738935.7446067,
    "ar": 1723738950.8475697,
    "de": 1723738965.9588907,
    "es-ES": 1723738981.0611842,
    "es-MX": 1723738996.182681,
    "fr": 1723739011.3812075,
    "it": 1723739026.5278502,
    "ja": 1723739041.619918,
    "ko": 1723739056.7305136,
    "pl": 1723739071.84058,
    "pt-BR": 1723739086.9418447,
    "ru": 1723739102.0824454,
    "tr": 1723739117.1805713
}