{
    "en-US": 1713856437.4966037,
    "ar": 1713856453.6057024,
    "de": 1713856469.1245167,
    "es-ES": 1713856484.6366937,
    "es-MX": 1713856500.1882622,
    "fr": 1713856515.8010118,
    "it": 1713856531.3795178,
    "ja": 1713856547.842207,
    "ko": 1713856564.023505,
    "pl": 1713856579.833404,
    "pt-BR": 1713856595.4033966,
    "ru": 1713856611.028135,
    "tr": 1713856626.8719676
}