{
    "en-US": 1716351577.3464794,
    "ar": 1716351593.1038857,
    "de": 1716351608.5366113,
    "es-ES": 1716351623.9722383,
    "es-MX": 1716351639.5123708,
    "fr": 1716351654.9985757,
    "it": 1716351670.4818761,
    "ja": 1716351686.6494763,
    "ko": 1716351702.654441,
    "pl": 1716351718.113178,
    "pt-BR": 1716351733.5692194,
    "ru": 1716351749.0680084,
    "tr": 1716351764.5463703
}