{
    "en-US": 1723339075.049311,
    "ar": 1723339090.1622071,
    "de": 1723339105.2904522,
    "es-ES": 1723339120.391365,
    "es-MX": 1723339135.4973059,
    "fr": 1723339150.6183896,
    "it": 1723339165.7146788,
    "ja": 1723339180.811223,
    "ko": 1723339195.9047475,
    "pl": 1723339211.0345194,
    "pt-BR": 1723339226.1463463,
    "ru": 1723339241.2603736,
    "tr": 1723339256.3597252
}