{
    "en-US": 1719778618.7026298,
    "ar": 1719778633.8240469,
    "de": 1719778648.9458325,
    "es-ES": 1719778664.064054,
    "es-MX": 1719778679.1957574,
    "fr": 1719778694.3235457,
    "it": 1719778709.4507737,
    "ja": 1719778724.562941,
    "ko": 1719778739.6789434,
    "pl": 1719778754.7992394,
    "pt-BR": 1719778769.9310195,
    "ru": 1719778785.0801444,
    "tr": 1719778800.1901207
}