{
    "en-US": 1723314058.491719,
    "ar": 1723314073.595451,
    "de": 1723314088.7128673,
    "es-ES": 1723314103.8130991,
    "es-MX": 1723314118.938393,
    "fr": 1723314134.052001,
    "it": 1723314149.1643624,
    "ja": 1723314164.2575912,
    "ko": 1723314179.3576796,
    "pl": 1723314194.4649673,
    "pt-BR": 1723314209.5761106,
    "ru": 1723314224.6904142,
    "tr": 1723314239.785347
}