{
    "en-US": 1721038755.1730733,
    "ar": 1721038770.2715535,
    "de": 1721038785.38112,
    "es-ES": 1721038800.4747622,
    "es-MX": 1721038815.5903804,
    "fr": 1721038830.703659,
    "it": 1721038845.8122792,
    "ja": 1721038860.910231,
    "ko": 1721038876.0061665,
    "pl": 1721038891.1009157,
    "pt-BR": 1721038906.2170596,
    "ru": 1721038921.3220086,
    "tr": 1721038936.4216735
}