{
    "en-US": 1714378844.7784107,
    "ar": 1714378860.6118815,
    "de": 1714378875.9408846,
    "es-ES": 1714378891.2789407,
    "es-MX": 1714378906.6703994,
    "fr": 1714378922.053804,
    "it": 1714378937.4544332,
    "ja": 1714378955.2818282,
    "ko": 1714378972.2176056,
    "pl": 1714378987.6416228,
    "pt-BR": 1714379003.2772946,
    "ru": 1714379018.9500358,
    "tr": 1714379034.4004374
}