{
    "en-US": 1719664160.041162,
    "ar": 1719664175.1568666,
    "de": 1719664190.2693431,
    "es-ES": 1719664205.374321,
    "es-MX": 1719664220.4987288,
    "fr": 1719664235.6129186,
    "it": 1719664250.7277167,
    "ja": 1719664265.836989,
    "ko": 1719664280.946582,
    "pl": 1719664296.0506897,
    "pt-BR": 1719664311.1657007,
    "ru": 1719664326.294975,
    "tr": 1719664341.4046698
}