{
    "en-US": 1714611812.3320868,
    "ar": 1714611827.4977124,
    "de": 1714611842.6700056,
    "es-ES": 1714611857.8303418,
    "es-MX": 1714611873.0181794,
    "fr": 1714611888.1717932,
    "it": 1714611903.383828,
    "ja": 1714611918.563076,
    "ko": 1714611933.7400048,
    "pl": 1714611948.9097216,
    "pt-BR": 1714611964.1056933,
    "ru": 1714611979.2806704,
    "tr": 1714611994.4825041
}