{
    "en-US": 1721395142.4575438,
    "ar": 1721395157.6154618,
    "de": 1721395172.7756984,
    "es-ES": 1721395187.9312449,
    "es-MX": 1721395203.0988002,
    "fr": 1721395218.2583885,
    "it": 1721395233.4120312,
    "ja": 1721395248.5899587,
    "ko": 1721395263.7466974,
    "pl": 1721395278.9038517,
    "pt-BR": 1721395294.0906067,
    "ru": 1721395309.2561882,
    "tr": 1721395324.4032152
}