{
    "en-US": 1716640059.778841,
    "ar": 1716640075.8403044,
    "de": 1716640091.559138,
    "es-ES": 1716640107.2266343,
    "es-MX": 1716640123.0242887,
    "fr": 1716640138.5337658,
    "it": 1716640154.3556337,
    "ja": 1716640171.68353,
    "ko": 1716640188.4790738,
    "pl": 1716640204.192805,
    "pt-BR": 1716640219.9907277,
    "ru": 1716640235.6050427,
    "tr": 1716640251.3998342
}