{
    "en-US": 1722429116.197595,
    "ar": 1722429131.3510242,
    "de": 1722429146.5129988,
    "es-ES": 1722429161.672996,
    "es-MX": 1722429176.8511183,
    "fr": 1722429192.001079,
    "it": 1722429207.1630363,
    "ja": 1722429222.3190591,
    "ko": 1722429237.4783065,
    "pl": 1722429252.6352522,
    "pt-BR": 1722429267.8305182,
    "ru": 1722429282.994328,
    "tr": 1722429298.1560042
}