{
    "en-US": 1713676483.921341,
    "ar": 1713676499.9423137,
    "de": 1713676515.436795,
    "es-ES": 1713676530.932338,
    "es-MX": 1713676546.4565089,
    "fr": 1713676562.0122154,
    "it": 1713676577.55433,
    "ja": 1713676593.798469,
    "ko": 1713676609.9189067,
    "pl": 1713676625.6778734,
    "pt-BR": 1713676641.495604,
    "ru": 1713676657.0484262,
    "tr": 1713676672.6210756
}