{
    "en-US": 1721189968.316135,
    "ar": 1721189983.4874551,
    "de": 1721189998.6628506,
    "es-ES": 1721190013.8772519,
    "es-MX": 1721190029.0560324,
    "fr": 1721190044.2257142,
    "it": 1721190059.429973,
    "ja": 1721190074.59285,
    "ko": 1721190089.7568936,
    "pl": 1721190104.913135,
    "pt-BR": 1721190120.091932,
    "ru": 1721190135.3155637,
    "tr": 1721190150.5701845
}