{
    "en-US": 1725671669.0023692,
    "ar": 1725671684.1134365,
    "de": 1725671699.2227993,
    "es-ES": 1725671714.315216,
    "es-MX": 1725671729.4607534,
    "fr": 1725671744.5590916,
    "it": 1725671759.6712837,
    "ja": 1725671774.7733033,
    "ko": 1725671789.8960423,
    "pl": 1725671804.987554,
    "pt-BR": 1725671820.1045923,
    "ru": 1725671835.1982327,
    "tr": 1725671850.2952895
}