{
    "en-US": 1715372137.2149832,
    "ar": 1715372153.0437176,
    "de": 1715372168.6174476,
    "es-ES": 1715372184.126595,
    "es-MX": 1715372199.6908796,
    "fr": 1715372215.2615345,
    "it": 1715372230.8429055,
    "ja": 1715372247.0553467,
    "ko": 1715372263.323832,
    "pl": 1715372278.9010658,
    "pt-BR": 1715372294.4741194,
    "ru": 1715372310.0568342,
    "tr": 1715372325.6239412
}