{
    "en-US": 1719249306.2699108,
    "ar": 1719249321.4787688,
    "de": 1719249336.7010987,
    "es-ES": 1719249351.8709266,
    "es-MX": 1719249367.0398934,
    "fr": 1719249382.2022777,
    "it": 1719249397.394453,
    "ja": 1719249412.5573077,
    "ko": 1719249427.7349749,
    "pl": 1719249442.9068568,
    "pt-BR": 1719249458.087491,
    "ru": 1719249473.2601662,
    "tr": 1719249488.4530153
}