{
    "en-US": 1722464142.8458042,
    "ar": 1722464158.0124638,
    "de": 1722464173.2049656,
    "es-ES": 1722464188.367173,
    "es-MX": 1722464203.5460467,
    "fr": 1722464218.7073123,
    "it": 1722464233.8728573,
    "ja": 1722464249.0436997,
    "ko": 1722464264.205641,
    "pl": 1722464279.3634417,
    "pt-BR": 1722464294.5268536,
    "ru": 1722464309.68825,
    "tr": 1722464324.8514197
}