{
    "en-US": 1726006653.131386,
    "ar": 1726006668.2615714,
    "de": 1726006683.391062,
    "es-ES": 1726006698.5006657,
    "es-MX": 1726006713.634273,
    "fr": 1726006728.7616699,
    "it": 1726006743.9002583,
    "ja": 1726006759.0139189,
    "ko": 1726006774.146678,
    "pl": 1726006789.263186,
    "pt-BR": 1726006804.4075599,
    "ru": 1726006819.5285227,
    "tr": 1726006834.6604664
}