{
    "en-US": 1724044620.7115798,
    "ar": 1724044635.8772652,
    "de": 1724044651.0441923,
    "es-ES": 1724044666.2165067,
    "es-MX": 1724044681.4822092,
    "fr": 1724044696.663423,
    "it": 1724044711.8417623,
    "ja": 1724044727.008273,
    "ko": 1724044742.1677895,
    "pl": 1724044757.325721,
    "pt-BR": 1724044772.5216465,
    "ru": 1724044787.6831434,
    "tr": 1724044802.8694024
}