{
    "en-US": 1718857119.6833687,
    "ar": 1718857134.846037,
    "de": 1718857150.0132475,
    "es-ES": 1718857165.1714861,
    "es-MX": 1718857180.3345754,
    "fr": 1718857195.5042243,
    "it": 1718857210.6922545,
    "ja": 1718857225.8532379,
    "ko": 1718857241.0214946,
    "pl": 1718857256.1958923,
    "pt-BR": 1718857271.3778884,
    "ru": 1718857286.5462592,
    "tr": 1718857301.747068
}