{
    "en-US": 1723984297.250004,
    "ar": 1723984312.3524117,
    "de": 1723984327.4627242,
    "es-ES": 1723984342.5629268,
    "es-MX": 1723984357.6946542,
    "fr": 1723984372.7948265,
    "it": 1723984387.8934119,
    "ja": 1723984402.9773564,
    "ko": 1723984418.0703042,
    "pl": 1723984433.1671286,
    "pt-BR": 1723984448.278806,
    "ru": 1723984463.3632271,
    "tr": 1723984478.4704316
}