{
    "en-US": 1716481305.2466252,
    "ar": 1716481321.0535967,
    "de": 1716481336.4465587,
    "es-ES": 1716481352.118026,
    "es-MX": 1716481367.6194618,
    "fr": 1716481383.049354,
    "it": 1716481398.499312,
    "ja": 1716481416.6106641,
    "ko": 1716481433.3851793,
    "pl": 1716481448.815812,
    "pt-BR": 1716481464.2301238,
    "ru": 1716481479.7689407,
    "tr": 1716481495.2405694
}