{
    "en-US": 1722143866.681205,
    "ar": 1722143881.7926917,
    "de": 1722143896.8920639,
    "es-ES": 1722143911.9850898,
    "es-MX": 1722143927.089079,
    "fr": 1722143942.175281,
    "it": 1722143957.2708082,
    "ja": 1722143972.3736045,
    "ko": 1722143987.459786,
    "pl": 1722144002.562021,
    "pt-BR": 1722144017.671298,
    "ru": 1722144032.7726645,
    "tr": 1722144047.8588252
}