{
    "en-US": 1714140832.2734225,
    "ar": 1714140848.0870008,
    "de": 1714140863.5938647,
    "es-ES": 1714140879.0754588,
    "es-MX": 1714140894.618507,
    "fr": 1714140910.331572,
    "it": 1714140925.8897896,
    "ja": 1714140942.196663,
    "ko": 1714140958.2343838,
    "pl": 1714140973.7778585,
    "pt-BR": 1714140989.3377774,
    "ru": 1714141004.9478312,
    "tr": 1714141020.5148604
}