{
    "en-US": 1718111953.29398,
    "ar": 1718111969.6504116,
    "de": 1718111985.4680054,
    "es-ES": 1718112000.6841865,
    "es-MX": 1718112015.9049637,
    "fr": 1718112031.0862434,
    "it": 1718112046.262629,
    "ja": 1718112061.4271052,
    "ko": 1718112076.6301239,
    "pl": 1718112091.8002257,
    "pt-BR": 1718112106.9796023,
    "ru": 1718112122.150277,
    "tr": 1718112137.3277261
}