{
    "en-US": 1720858781.7721643,
    "ar": 1720858796.8790457,
    "de": 1720858811.971526,
    "es-ES": 1720858827.0532482,
    "es-MX": 1720858842.1505566,
    "fr": 1720858857.266614,
    "it": 1720858872.360841,
    "ja": 1720858887.4483607,
    "ko": 1720858902.5443723,
    "pl": 1720858917.6397884,
    "pt-BR": 1720858932.7225232,
    "ru": 1720858947.8298533,
    "tr": 1720858962.9167762
}