{
    "en-US": 1722867325.3505692,
    "ar": 1722867340.5055997,
    "de": 1722867355.6190503,
    "es-ES": 1722867370.7124276,
    "es-MX": 1722867385.842005,
    "fr": 1722867400.9671183,
    "it": 1722867416.2379754,
    "ja": 1722867431.3384407,
    "ko": 1722867446.464864,
    "pl": 1722867461.556555,
    "pt-BR": 1722867476.712561,
    "ru": 1722867491.8144474,
    "tr": 1722867506.9484355
}