{
    "en-US": 1724207802.4514947,
    "ar": 1724207817.598742,
    "de": 1724207832.7165499,
    "es-ES": 1724207847.8222237,
    "es-MX": 1724207862.948889,
    "fr": 1724207878.0642395,
    "it": 1724207893.164377,
    "ja": 1724207908.2961245,
    "ko": 1724207923.4090526,
    "pl": 1724207938.565393,
    "pt-BR": 1724207953.665537,
    "ru": 1724207968.8129098,
    "tr": 1724207983.9091573
}