{
    "en-US": 1715062846.2714705,
    "ar": 1715062862.276489,
    "de": 1715062877.770599,
    "es-ES": 1715062893.248416,
    "es-MX": 1715062908.8372054,
    "fr": 1715062924.411917,
    "it": 1715062940.2040207,
    "ja": 1715062957.9366798,
    "ko": 1715062974.7297328,
    "pl": 1715062990.2739272,
    "pt-BR": 1715063005.8354275,
    "ru": 1715063021.4505892,
    "tr": 1715063037.047285
}