{
    "en-US": 1719591583.7033134,
    "ar": 1719591598.830421,
    "de": 1719591613.9572997,
    "es-ES": 1719591629.0825112,
    "es-MX": 1719591644.2302878,
    "fr": 1719591659.3382666,
    "it": 1719591674.54683,
    "ja": 1719591689.6471057,
    "ko": 1719591704.7624407,
    "pl": 1719591719.8767147,
    "pt-BR": 1719591735.0017898,
    "ru": 1719591750.135285,
    "tr": 1719591765.3115551
}