{
    "en-US": 1724170811.1689386,
    "ar": 1724170826.3425508,
    "de": 1724170841.5162885,
    "es-ES": 1724170856.6839435,
    "es-MX": 1724170871.8651018,
    "fr": 1724170887.0248556,
    "it": 1724170902.220913,
    "ja": 1724170917.3776073,
    "ko": 1724170932.5449767,
    "pl": 1724170947.717283,
    "pt-BR": 1724170962.8900619,
    "ru": 1724170978.0577316,
    "tr": 1724170993.2510953
}