{
    "en-US": 1720415886.5164325,
    "ar": 1720415901.683353,
    "de": 1720415916.873304,
    "es-ES": 1720415932.0393434,
    "es-MX": 1720415947.22806,
    "fr": 1720415962.391079,
    "it": 1720415977.5642831,
    "ja": 1720415992.7352757,
    "ko": 1720416007.9033942,
    "pl": 1720416023.07497,
    "pt-BR": 1720416038.2685368,
    "ru": 1720416053.443523,
    "tr": 1720416068.6217074
}