{
    "en-US": 1717741455.4868224,
    "ar": 1717741471.8015833,
    "de": 1717741487.5535285,
    "es-ES": 1717741503.370792,
    "es-MX": 1717741518.5743244,
    "fr": 1717741533.7553525,
    "it": 1717741548.9286346,
    "ja": 1717741564.091987,
    "ko": 1717741579.2680123,
    "pl": 1717741594.4461234,
    "pt-BR": 1717741609.6190345,
    "ru": 1717741624.7764423,
    "tr": 1717741639.949632
}