{
    "en-US": 1725488203.818249,
    "ar": 1725488218.9873984,
    "de": 1725488234.159707,
    "es-ES": 1725488249.3126621,
    "es-MX": 1725488264.49926,
    "fr": 1725488279.6664877,
    "it": 1725488294.8433068,
    "ja": 1725488310.0052974,
    "ko": 1725488325.2157202,
    "pl": 1725488340.3905284,
    "pt-BR": 1725488355.5817096,
    "ru": 1725488370.7490911,
    "tr": 1725488385.914311
}