{
    "en-US": 1723918878.4093163,
    "ar": 1723918893.5852022,
    "de": 1723918908.7534952,
    "es-ES": 1723918923.9105122,
    "es-MX": 1723918939.10931,
    "fr": 1723918954.2649152,
    "it": 1723918969.4411213,
    "ja": 1723918984.602143,
    "ko": 1723918999.767097,
    "pl": 1723919014.9223998,
    "pt-BR": 1723919030.1145134,
    "ru": 1723919045.2806082,
    "tr": 1723919060.4405563
}