{
    "en-US": 1715740280.9741619,
    "ar": 1715740296.6849167,
    "de": 1715740312.1150615,
    "es-ES": 1715740327.529799,
    "es-MX": 1715740342.9742057,
    "fr": 1715740358.413399,
    "it": 1715740373.8864036,
    "ja": 1715740389.874293,
    "ko": 1715740405.7155433,
    "pl": 1715740421.1746328,
    "pt-BR": 1715740436.6227612,
    "ru": 1715740452.1117754,
    "tr": 1715740467.5927963
}