{
    "en-US": 1720585239.7595708,
    "ar": 1720585254.924763,
    "de": 1720585270.1563556,
    "es-ES": 1720585285.3273807,
    "es-MX": 1720585300.5067718,
    "fr": 1720585315.6638474,
    "it": 1720585330.8433738,
    "ja": 1720585346.0140393,
    "ko": 1720585361.183042,
    "pl": 1720585376.3446267,
    "pt-BR": 1720585391.5336437,
    "ru": 1720585406.6984005,
    "tr": 1720585421.863688
}