{
    "en-US": 1721702095.8204513,
    "ar": 1721702110.9934878,
    "de": 1721702126.171668,
    "es-ES": 1721702141.3346193,
    "es-MX": 1721702156.513737,
    "fr": 1721702171.7589738,
    "it": 1721702187.06768,
    "ja": 1721702202.223609,
    "ko": 1721702217.4680204,
    "pl": 1721702232.7004302,
    "pt-BR": 1721702247.893874,
    "ru": 1721702263.0542367,
    "tr": 1721702278.3194158
}