{
    "en-US": 1721881228.9248133,
    "ar": 1721881244.097016,
    "de": 1721881259.2638872,
    "es-ES": 1721881274.4293668,
    "es-MX": 1721881289.7120714,
    "fr": 1721881304.9452486,
    "it": 1721881320.2023692,
    "ja": 1721881335.4399836,
    "ko": 1721881350.684306,
    "pl": 1721881365.9200833,
    "pt-BR": 1721881381.1869898,
    "ru": 1721881396.4170494,
    "tr": 1721881411.6582115
}