{
    "en-US": 1723638759.2277012,
    "ar": 1723638774.3563163,
    "de": 1723638789.5369444,
    "es-ES": 1723638804.6374857,
    "es-MX": 1723638819.7537303,
    "fr": 1723638834.8479888,
    "it": 1723638849.982381,
    "ja": 1723638865.073065,
    "ko": 1723638880.1728332,
    "pl": 1723638895.2668061,
    "pt-BR": 1723638910.4274244,
    "ru": 1723638925.5254385,
    "tr": 1723638940.6452124
}