{
    "en-US": 1722820397.0802207,
    "ar": 1722820412.167542,
    "de": 1722820427.2610538,
    "es-ES": 1722820442.359779,
    "es-MX": 1722820457.4634435,
    "fr": 1722820472.547711,
    "it": 1722820487.6604254,
    "ja": 1722820502.7535808,
    "ko": 1722820517.844961,
    "pl": 1722820532.9394212,
    "pt-BR": 1722820548.0389705,
    "ru": 1722820563.1254067,
    "tr": 1722820578.236536
}