{
    "en-US": 1722629896.09285,
    "ar": 1722629911.1966944,
    "de": 1722629926.332822,
    "es-ES": 1722629941.4260974,
    "es-MX": 1722629956.5642836,
    "fr": 1722629971.7044246,
    "it": 1722629986.868629,
    "ja": 1722630001.9793417,
    "ko": 1722630017.0818489,
    "pl": 1722630032.1761565,
    "pt-BR": 1722630047.2846534,
    "ru": 1722630062.3869092,
    "tr": 1722630077.513676
}