{
    "en-US": 1724257294.7541275,
    "ar": 1724257309.9140146,
    "de": 1724257325.1026313,
    "es-ES": 1724257340.2663221,
    "es-MX": 1724257355.4598682,
    "fr": 1724257370.6430209,
    "it": 1724257385.8204408,
    "ja": 1724257400.9898999,
    "ko": 1724257416.1782541,
    "pl": 1724257431.3456693,
    "pt-BR": 1724257446.5571547,
    "ru": 1724257461.7212253,
    "tr": 1724257476.921978
}