{
    "en-US": 1718368222.664604,
    "ar": 1718368239.335933,
    "de": 1718368254.9981613,
    "es-ES": 1718368271.0503442,
    "es-MX": 1718368286.8319411,
    "fr": 1718368301.9741173,
    "it": 1718368317.105638,
    "ja": 1718368332.2246838,
    "ko": 1718368347.343039,
    "pl": 1718368362.456816,
    "pt-BR": 1718368377.6105354,
    "ru": 1718368392.7288733,
    "tr": 1718368407.8770308
}