{
    "en-US": 1725916574.8503032,
    "ar": 1725916590.0118108,
    "de": 1725916605.18678,
    "es-ES": 1725916620.351118,
    "es-MX": 1725916635.5274725,
    "fr": 1725916650.6824064,
    "it": 1725916665.8582006,
    "ja": 1725916681.015644,
    "ko": 1725916696.168085,
    "pl": 1725916711.3241997,
    "pt-BR": 1725916726.5341246,
    "ru": 1725916741.6970022,
    "tr": 1725916756.8613691
}