{
    "en-US": 1716950001.1424654,
    "ar": 1716950016.953586,
    "de": 1716950032.5916643,
    "es-ES": 1716950048.0869663,
    "es-MX": 1716950063.5309098,
    "fr": 1716950078.9892654,
    "it": 1716950094.9593828,
    "ja": 1716950113.4886878,
    "ko": 1716950130.9097536,
    "pl": 1716950146.3643532,
    "pt-BR": 1716950162.1704996,
    "ru": 1716950177.6778817,
    "tr": 1716950193.4837503
}