{
    "en-US": 1725578313.0285523,
    "ar": 1725578328.1443026,
    "de": 1725578343.2699988,
    "es-ES": 1725578358.3920627,
    "es-MX": 1725578373.516751,
    "fr": 1725578388.640592,
    "it": 1725578403.7574897,
    "ja": 1725578418.8669078,
    "ko": 1725578433.9871626,
    "pl": 1725578449.1090775,
    "pt-BR": 1725578464.2334168,
    "ru": 1725578479.364165,
    "tr": 1725578494.4732199
}