{
    "en-US": 1723212993.410266,
    "ar": 1723213008.5766041,
    "de": 1723213023.7561753,
    "es-ES": 1723213038.9146943,
    "es-MX": 1723213054.1185348,
    "fr": 1723213069.2891061,
    "it": 1723213084.4544134,
    "ja": 1723213099.6090717,
    "ko": 1723213114.7724118,
    "pl": 1723213129.9415438,
    "pt-BR": 1723213145.1336453,
    "ru": 1723213160.2971046,
    "tr": 1723213175.45864
}