{
    "en-US": 1717381951.6513634,
    "ar": 1717381967.8574862,
    "de": 1717381983.6318426,
    "es-ES": 1717381999.106742,
    "es-MX": 1717382015.0845537,
    "fr": 1717382031.0062861,
    "it": 1717382046.9237416,
    "ja": 1717382064.1952615,
    "ko": 1717382081.103071,
    "pl": 1717382096.3537564,
    "pt-BR": 1717382111.5519414,
    "ru": 1717382127.431634,
    "tr": 1717382143.3796554
}