{
    "en-US": 1724991670.1745028,
    "ar": 1724991685.4919803,
    "de": 1724991700.8106296,
    "es-ES": 1724991716.11342,
    "es-MX": 1724991731.4316678,
    "fr": 1724991746.7476099,
    "it": 1724991762.0051215,
    "ja": 1724991777.2429965,
    "ko": 1724991792.4814582,
    "pl": 1724991807.7409167,
    "pt-BR": 1724991823.0128486,
    "ru": 1724991838.2817695,
    "tr": 1724991853.542054
}