{
    "en-US": 1723475970.5965877,
    "ar": 1723475985.6999114,
    "de": 1723476000.8111894,
    "es-ES": 1723476015.9162579,
    "es-MX": 1723476031.0277052,
    "fr": 1723476046.1466227,
    "it": 1723476061.255715,
    "ja": 1723476076.3575776,
    "ko": 1723476091.4625268,
    "pl": 1723476106.556039,
    "pt-BR": 1723476121.6743605,
    "ru": 1723476136.807442,
    "tr": 1723476151.9105117
}