{
    "en-US": 1723886175.3359826,
    "ar": 1723886190.4179485,
    "de": 1723886205.5057833,
    "es-ES": 1723886220.5828278,
    "es-MX": 1723886235.6965837,
    "fr": 1723886250.7916317,
    "it": 1723886265.8760867,
    "ja": 1723886280.959559,
    "ko": 1723886296.0776238,
    "pl": 1723886311.1616023,
    "pt-BR": 1723886326.2530046,
    "ru": 1723886341.3473213,
    "tr": 1723886356.431567
}