{
    "en-US": 1717849640.3042927,
    "ar": 1717849656.3822796,
    "de": 1717849672.339243,
    "es-ES": 1717849688.1665564,
    "es-MX": 1717849703.3795192,
    "fr": 1717849718.5636692,
    "it": 1717849733.7534912,
    "ja": 1717849748.9292152,
    "ko": 1717849764.098282,
    "pl": 1717849779.2839715,
    "pt-BR": 1717849794.4647796,
    "ru": 1717849809.6406128,
    "tr": 1717849824.8093393
}