{
    "en-US": 1720578850.5888996,
    "ar": 1720578865.7661135,
    "de": 1720578880.9447894,
    "es-ES": 1720578896.1209588,
    "es-MX": 1720578911.33364,
    "fr": 1720578926.4950044,
    "it": 1720578941.6745367,
    "ja": 1720578956.8593624,
    "ko": 1720578972.0386724,
    "pl": 1720578987.2192929,
    "pt-BR": 1720579002.448182,
    "ru": 1720579017.6389575,
    "tr": 1720579032.8093114
}