{
    "en-US": 1720329474.3216796,
    "ar": 1720329489.500838,
    "de": 1720329504.6730394,
    "es-ES": 1720329519.835502,
    "es-MX": 1720329535.0313678,
    "fr": 1720329550.2016187,
    "it": 1720329565.3761437,
    "ja": 1720329580.5416274,
    "ko": 1720329595.7172315,
    "pl": 1720329610.879645,
    "pt-BR": 1720329626.085758,
    "ru": 1720329641.249957,
    "tr": 1720329656.4163003
}