{
    "en-US": 1724228493.4598987,
    "ar": 1724228508.6310256,
    "de": 1724228523.8045948,
    "es-ES": 1724228538.9622242,
    "es-MX": 1724228554.1440306,
    "fr": 1724228569.2992759,
    "it": 1724228584.4908352,
    "ja": 1724228599.6407526,
    "ko": 1724228614.8039315,
    "pl": 1724228629.9652903,
    "pt-BR": 1724228645.1326725,
    "ru": 1724228660.2924623,
    "tr": 1724228675.4820058
}