{
    "en-US": 1722673239.006738,
    "ar": 1722673254.1839964,
    "de": 1722673269.3512852,
    "es-ES": 1722673284.5056717,
    "es-MX": 1722673299.6749594,
    "fr": 1722673314.8291235,
    "it": 1722673330.021193,
    "ja": 1722673345.1682842,
    "ko": 1722673360.3292527,
    "pl": 1722673375.4780958,
    "pt-BR": 1722673390.6409235,
    "ru": 1722673405.787003,
    "tr": 1722673420.9636796
}