{
    "en-US": 1720513175.7348685,
    "ar": 1720513190.9517987,
    "de": 1720513206.1728218,
    "es-ES": 1720513221.3831818,
    "es-MX": 1720513236.6268005,
    "fr": 1720513251.8357103,
    "it": 1720513267.054337,
    "ja": 1720513282.2527354,
    "ko": 1720513297.462941,
    "pl": 1720513312.7047539,
    "pt-BR": 1720513327.9465356,
    "ru": 1720513343.1555479,
    "tr": 1720513358.3739498
}