{
    "en-US": 1722395898.561685,
    "ar": 1722395913.7337854,
    "de": 1722395928.8903575,
    "es-ES": 1722395944.0368187,
    "es-MX": 1722395959.2115154,
    "fr": 1722395974.3501778,
    "it": 1722395989.5119956,
    "ja": 1722396004.658506,
    "ko": 1722396019.8126664,
    "pl": 1722396034.9550498,
    "pt-BR": 1722396050.1146357,
    "ru": 1722396065.2586746,
    "tr": 1722396080.424671
}