{
    "en-US": 1721961329.32553,
    "ar": 1721961344.5016828,
    "de": 1721961359.6747084,
    "es-ES": 1721961374.839808,
    "es-MX": 1721961390.0290499,
    "fr": 1721961405.1834886,
    "it": 1721961420.3735206,
    "ja": 1721961435.5386698,
    "ko": 1721961450.7180517,
    "pl": 1721961465.8910925,
    "pt-BR": 1721961481.0660675,
    "ru": 1721961496.2302814,
    "tr": 1721961511.4163313
}