{
    "en-US": 1725366787.4500754,
    "ar": 1725366802.6112745,
    "de": 1725366817.7822518,
    "es-ES": 1725366832.9491162,
    "es-MX": 1725366848.139967,
    "fr": 1725366863.298337,
    "it": 1725366878.468267,
    "ja": 1725366893.62492,
    "ko": 1725366908.7893562,
    "pl": 1725366923.9517167,
    "pt-BR": 1725366939.1419113,
    "ru": 1725366954.306734,
    "tr": 1725366969.4746807
}