{
    "en-US": 1716376481.3503222,
    "ar": 1716376497.2218332,
    "de": 1716376512.5689762,
    "es-ES": 1716376527.9212282,
    "es-MX": 1716376543.332104,
    "fr": 1716376558.7638726,
    "it": 1716376574.178255,
    "ja": 1716376591.3913646,
    "ko": 1716376608.0363438,
    "pl": 1716376623.425483,
    "pt-BR": 1716376638.8665304,
    "ru": 1716376654.3517668,
    "tr": 1716376669.7824664
}