{
    "en-US": 1725660996.7376487,
    "ar": 1725661011.902597,
    "de": 1725661027.0706148,
    "es-ES": 1725661042.230585,
    "es-MX": 1725661057.39082,
    "fr": 1725661072.5551524,
    "it": 1725661087.7142355,
    "ja": 1725661102.8719716,
    "ko": 1725661118.0311089,
    "pl": 1725661133.1928778,
    "pt-BR": 1725661148.3677719,
    "ru": 1725661163.543021,
    "tr": 1725661178.704834
}