{
    "en-US": 1721046704.25265,
    "ar": 1721046719.4078572,
    "de": 1721046734.572773,
    "es-ES": 1721046749.7311687,
    "es-MX": 1721046764.908549,
    "fr": 1721046780.0677698,
    "it": 1721046795.2307403,
    "ja": 1721046810.3889189,
    "ko": 1721046825.5499268,
    "pl": 1721046840.6991813,
    "pt-BR": 1721046855.8886724,
    "ru": 1721046871.051311,
    "tr": 1721046886.2117321
}