{
    "en-US": 1724278545.8889608,
    "ar": 1724278561.0547075,
    "de": 1724278576.2321074,
    "es-ES": 1724278591.4140165,
    "es-MX": 1724278606.581595,
    "fr": 1724278621.7409687,
    "it": 1724278636.9009564,
    "ja": 1724278652.0595167,
    "ko": 1724278667.2197924,
    "pl": 1724278682.4329045,
    "pt-BR": 1724278697.6138747,
    "ru": 1724278712.7692635,
    "tr": 1724278727.9324288
}