{
    "en-US": 1718785243.4607584,
    "ar": 1718785259.6106431,
    "de": 1718785275.7913036,
    "es-ES": 1718785291.2369032,
    "es-MX": 1718785306.4232097,
    "fr": 1718785321.574983,
    "it": 1718785336.7342806,
    "ja": 1718785351.887374,
    "ko": 1718785367.0409968,
    "pl": 1718785382.21421,
    "pt-BR": 1718785397.3755395,
    "ru": 1718785412.513928,
    "tr": 1718785427.6641107
}