{
    "en-US": 1719051481.778882,
    "ar": 1719051497.9356287,
    "de": 1719051513.333219,
    "es-ES": 1719051528.477839,
    "es-MX": 1719051543.7286103,
    "fr": 1719051558.8447855,
    "it": 1719051573.937265,
    "ja": 1719051589.0468805,
    "ko": 1719051604.1481292,
    "pl": 1719051619.2610662,
    "pt-BR": 1719051634.3778448,
    "ru": 1719051649.4759703,
    "tr": 1719051664.5854504
}