{
    "en-US": 1723547682.3330603,
    "ar": 1723547697.439458,
    "de": 1723547712.549514,
    "es-ES": 1723547727.6344628,
    "es-MX": 1723547742.7436824,
    "fr": 1723547757.8544827,
    "it": 1723547772.9651043,
    "ja": 1723547788.0640092,
    "ko": 1723547803.1574905,
    "pl": 1723547818.255265,
    "pt-BR": 1723547833.364704,
    "ru": 1723547848.4698763,
    "tr": 1723547863.565966
}