{
    "en-US": 1725466884.5142968,
    "ar": 1725466899.6806574,
    "de": 1725466914.8632216,
    "es-ES": 1725466930.0240815,
    "es-MX": 1725466945.2296298,
    "fr": 1725466960.3908532,
    "it": 1725466975.5686986,
    "ja": 1725466990.728693,
    "ko": 1725467005.8992927,
    "pl": 1725467021.0697856,
    "pt-BR": 1725467036.263625,
    "ru": 1725467051.4389205,
    "tr": 1725467066.603057
}