{
    "en-US": 1725758475.735576,
    "ar": 1725758490.8576958,
    "de": 1725758505.991911,
    "es-ES": 1725758521.132238,
    "es-MX": 1725758536.2688346,
    "fr": 1725758551.3788211,
    "it": 1725758566.5025077,
    "ja": 1725758581.6339686,
    "ko": 1725758596.7492335,
    "pl": 1725758611.9209635,
    "pt-BR": 1725758627.0610087,
    "ru": 1725758642.1625822,
    "tr": 1725758657.265617
}