{
    "en-US": 1720628524.2824454,
    "ar": 1720628539.4012716,
    "de": 1720628554.5486279,
    "es-ES": 1720628569.6497455,
    "es-MX": 1720628584.7957823,
    "fr": 1720628599.9185607,
    "it": 1720628615.082981,
    "ja": 1720628630.190265,
    "ko": 1720628645.3249123,
    "pl": 1720628660.4555495,
    "pt-BR": 1720628675.6158178,
    "ru": 1720628690.758711,
    "tr": 1720628705.9282923
}