{
    "en-US": 1720074179.1958787,
    "ar": 1720074194.3084068,
    "de": 1720074209.4302495,
    "es-ES": 1720074224.5467398,
    "es-MX": 1720074239.6732914,
    "fr": 1720074254.7680123,
    "it": 1720074269.8998656,
    "ja": 1720074284.9952831,
    "ko": 1720074300.1221774,
    "pl": 1720074315.2203243,
    "pt-BR": 1720074330.3358145,
    "ru": 1720074345.4626777,
    "tr": 1720074360.591351
}