{
    "en-US": 1719562812.071188,
    "ar": 1719562827.1858952,
    "de": 1719562842.3492887,
    "es-ES": 1719562857.4491038,
    "es-MX": 1719562872.5601203,
    "fr": 1719562887.6653602,
    "it": 1719562902.793534,
    "ja": 1719562917.8924694,
    "ko": 1719562932.990614,
    "pl": 1719562948.086388,
    "pt-BR": 1719562963.1970904,
    "ru": 1719562978.298752,
    "tr": 1719562993.4320667
}