{
    "en-US": 1716426333.9552104,
    "ar": 1716426350.0857189,
    "de": 1716426365.4661531,
    "es-ES": 1716426380.832146,
    "es-MX": 1716426396.7848694,
    "fr": 1716426412.3958583,
    "it": 1716426428.1057372,
    "ja": 1716426445.3892236,
    "ko": 1716426462.1880891,
    "pl": 1716426477.5909626,
    "pt-BR": 1716426493.3502047,
    "ru": 1716426509.1155076,
    "tr": 1716426524.9108722
}