{
    "en-US": 1718684337.9805589,
    "ar": 1718684354.1844714,
    "de": 1718684370.0117557,
    "es-ES": 1718684385.2109988,
    "es-MX": 1718684400.3996904,
    "fr": 1718684415.5679018,
    "it": 1718684430.7462769,
    "ja": 1718684445.9275503,
    "ko": 1718684461.1251872,
    "pl": 1718684476.295062,
    "pt-BR": 1718684491.483662,
    "ru": 1718684506.6564398,
    "tr": 1718684521.8363872
}