{
    "en-US": 1724135037.369596,
    "ar": 1724135052.5480301,
    "de": 1724135067.7248337,
    "es-ES": 1724135082.8924334,
    "es-MX": 1724135098.0841343,
    "fr": 1724135113.2494867,
    "it": 1724135128.4226253,
    "ja": 1724135143.5829158,
    "ko": 1724135158.7451205,
    "pl": 1724135173.9102464,
    "pt-BR": 1724135189.1096084,
    "ru": 1724135204.2708492,
    "tr": 1724135219.4302711
}