{
    "en-US": 1719332437.4228785,
    "ar": 1719332452.560931,
    "de": 1719332467.7080705,
    "es-ES": 1719332482.8274326,
    "es-MX": 1719332497.9828215,
    "fr": 1719332513.0999434,
    "it": 1719332528.2407103,
    "ja": 1719332543.3603392,
    "ko": 1719332558.4774246,
    "pl": 1719332573.6039228,
    "pt-BR": 1719332588.7831886,
    "ru": 1719332603.8955014,
    "tr": 1719332619.031971
}