{
    "en-US": 1718500392.7306643,
    "ar": 1718500408.9082317,
    "de": 1718500424.7393768,
    "es-ES": 1718500439.925933,
    "es-MX": 1718500455.1075532,
    "fr": 1718500470.267484,
    "it": 1718500485.4355626,
    "ja": 1718500500.62123,
    "ko": 1718500515.8044262,
    "pl": 1718500530.9677513,
    "pt-BR": 1718500546.1365294,
    "ru": 1718500561.3066583,
    "tr": 1718500576.4781477
}