{
    "en-US": 1723382266.2035127,
    "ar": 1723382281.3726315,
    "de": 1723382296.5691988,
    "es-ES": 1723382311.7325046,
    "es-MX": 1723382326.913378,
    "fr": 1723382342.0686183,
    "it": 1723382357.2312858,
    "ja": 1723382372.3900175,
    "ko": 1723382387.5497236,
    "pl": 1723382402.7071116,
    "pt-BR": 1723382417.8986132,
    "ru": 1723382433.059913,
    "tr": 1723382448.2178574
}