{
    "en-US": 1725441535.4689858,
    "ar": 1725441550.6286767,
    "de": 1725441565.7942712,
    "es-ES": 1725441580.9543078,
    "es-MX": 1725441596.1102636,
    "fr": 1725441611.260725,
    "it": 1725441626.4415379,
    "ja": 1725441641.6032217,
    "ko": 1725441656.7611587,
    "pl": 1725441671.916726,
    "pt-BR": 1725441687.083141,
    "ru": 1725441702.2381692,
    "tr": 1725441717.4293854
}