{
    "en-US": 1719037275.5370898,
    "ar": 1719037290.7384844,
    "de": 1719037305.9420571,
    "es-ES": 1719037321.1189632,
    "es-MX": 1719037336.294933,
    "fr": 1719037351.4722793,
    "it": 1719037366.6665242,
    "ja": 1719037381.8416266,
    "ko": 1719037397.0180902,
    "pl": 1719037412.1797495,
    "pt-BR": 1719037427.3507638,
    "ru": 1719037442.523354,
    "tr": 1719037457.7276633
}