{
    "en-US": 1718183857.0600226,
    "ar": 1718183872.8630633,
    "de": 1718183888.3424397,
    "es-ES": 1718183903.535696,
    "es-MX": 1718183918.7330348,
    "fr": 1718183933.8955183,
    "it": 1718183949.0864668,
    "ja": 1718183964.2514007,
    "ko": 1718183979.4359524,
    "pl": 1718183994.6034532,
    "pt-BR": 1718184009.800904,
    "ru": 1718184024.9703965,
    "tr": 1718184040.1546197
}