{
    "en-US": 1716963715.5634885,
    "ar": 1716963731.4596262,
    "de": 1716963746.962094,
    "es-ES": 1716963762.449973,
    "es-MX": 1716963778.16576,
    "fr": 1716963793.8116128,
    "it": 1716963809.4462957,
    "ja": 1716963827.444978,
    "ko": 1716963844.4139483,
    "pl": 1716963860.3288653,
    "pt-BR": 1716963875.975162,
    "ru": 1716963891.6693764,
    "tr": 1716963907.7880542
}