{
    "en-US": 1723479673.124831,
    "ar": 1723479688.2777228,
    "de": 1723479703.4377139,
    "es-ES": 1723479718.587206,
    "es-MX": 1723479733.7682643,
    "fr": 1723479748.92337,
    "it": 1723479764.0817626,
    "ja": 1723479779.242032,
    "ko": 1723479794.4013073,
    "pl": 1723479809.5571547,
    "pt-BR": 1723479824.7399168,
    "ru": 1723479839.9246993,
    "tr": 1723479855.0860164
}