{
    "en-US": 1722377677.44038,
    "ar": 1722377692.5896952,
    "de": 1722377707.744138,
    "es-ES": 1722377722.8851318,
    "es-MX": 1722377738.0531783,
    "fr": 1722377753.2071698,
    "it": 1722377768.3884642,
    "ja": 1722377783.5319347,
    "ko": 1722377798.6755095,
    "pl": 1722377813.8194795,
    "pt-BR": 1722377828.9794965,
    "ru": 1722377844.1346452,
    "tr": 1722377859.323712
}