{
    "en-US": 1721392199.1220908,
    "ar": 1721392214.3130457,
    "de": 1721392229.485082,
    "es-ES": 1721392244.655714,
    "es-MX": 1721392259.8162851,
    "fr": 1721392274.993111,
    "it": 1721392290.1678185,
    "ja": 1721392305.3350868,
    "ko": 1721392320.4964309,
    "pl": 1721392335.649261,
    "pt-BR": 1721392350.807414,
    "ru": 1721392365.9704876,
    "tr": 1721392381.1461732
}