{
    "en-US": 1724332843.368992,
    "ar": 1724332858.500576,
    "de": 1724332873.6120956,
    "es-ES": 1724332888.7118692,
    "es-MX": 1724332903.8574948,
    "fr": 1724332918.9658253,
    "it": 1724332934.1080658,
    "ja": 1724332949.1995986,
    "ko": 1724332964.2901533,
    "pl": 1724332979.387091,
    "pt-BR": 1724332994.504561,
    "ru": 1724333009.6011963,
    "tr": 1724333024.7096066
}