{
    "en-US": 1714601721.4293323,
    "ar": 1714601737.4253697,
    "de": 1714601752.848343,
    "es-ES": 1714601768.2635984,
    "es-MX": 1714601783.7091966,
    "fr": 1714601799.1514475,
    "it": 1714601814.5954034,
    "ja": 1714601832.0147595,
    "ko": 1714601849.0315943,
    "pl": 1714601864.6943629,
    "pt-BR": 1714601880.1700726,
    "ru": 1714601895.7402565,
    "tr": 1714601911.29301
}