{
    "en-US": 1721319616.6958685,
    "ar": 1721319631.8730073,
    "de": 1721319647.0478926,
    "es-ES": 1721319662.2138755,
    "es-MX": 1721319677.412655,
    "fr": 1721319692.5826194,
    "it": 1721319707.762954,
    "ja": 1721319722.9338663,
    "ko": 1721319738.0972269,
    "pl": 1721319753.2633893,
    "pt-BR": 1721319768.4880905,
    "ru": 1721319783.6503088,
    "tr": 1721319798.8264608
}