{
    "en-US": 1718075912.2191544,
    "ar": 1718075928.3574474,
    "de": 1718075944.0884829,
    "es-ES": 1718075959.7669735,
    "es-MX": 1718075975.2768571,
    "fr": 1718075990.3945873,
    "it": 1718076005.5189648,
    "ja": 1718076020.634276,
    "ko": 1718076035.7556324,
    "pl": 1718076050.858631,
    "pt-BR": 1718076065.9952784,
    "ru": 1718076081.0957055,
    "tr": 1718076096.220684
}