{
    "en-US": 1715490973.4645784,
    "ar": 1715490989.3429604,
    "de": 1715491004.7728558,
    "es-ES": 1715491020.1969512,
    "es-MX": 1715491035.6557143,
    "fr": 1715491051.1134624,
    "it": 1715491066.5921474,
    "ja": 1715491083.8696575,
    "ko": 1715491100.416049,
    "pl": 1715491115.8719995,
    "pt-BR": 1715491131.343366,
    "ru": 1715491146.8954828,
    "tr": 1715491162.4286423
}