{
    "en-US": 1725351743.00401,
    "ar": 1725351758.1059377,
    "de": 1725351773.235191,
    "es-ES": 1725351788.3439202,
    "es-MX": 1725351803.4561408,
    "fr": 1725351818.565716,
    "it": 1725351833.6797855,
    "ja": 1725351848.7839544,
    "ko": 1725351863.8896198,
    "pl": 1725351878.9911766,
    "pt-BR": 1725351894.1017494,
    "ru": 1725351909.232269,
    "tr": 1725351924.3331876
}