{
    "en-US": 1717981801.1871185,
    "ar": 1717981817.6400678,
    "de": 1717981833.5271857,
    "es-ES": 1717981848.7251291,
    "es-MX": 1717981863.9081464,
    "fr": 1717981879.0870676,
    "it": 1717981894.3168137,
    "ja": 1717981909.485884,
    "ko": 1717981924.676424,
    "pl": 1717981939.8447788,
    "pt-BR": 1717981955.0239804,
    "ru": 1717981970.212043,
    "tr": 1717981985.3881102
}