{
    "en-US": 1723393135.1496923,
    "ar": 1723393150.3121216,
    "de": 1723393165.488515,
    "es-ES": 1723393180.6532495,
    "es-MX": 1723393195.8535304,
    "fr": 1723393211.026139,
    "it": 1723393226.2016866,
    "ja": 1723393241.3647718,
    "ko": 1723393256.5260081,
    "pl": 1723393271.6842697,
    "pt-BR": 1723393286.8682907,
    "ru": 1723393302.0367522,
    "tr": 1723393317.199738
}