{
    "en-US": 1720037826.736063,
    "ar": 1720037841.9151835,
    "de": 1720037857.0908637,
    "es-ES": 1720037872.2642365,
    "es-MX": 1720037887.4789395,
    "fr": 1720037902.643854,
    "it": 1720037917.8214486,
    "ja": 1720037932.997654,
    "ko": 1720037948.1781976,
    "pl": 1720037963.3416004,
    "pt-BR": 1720037978.542242,
    "ru": 1720037993.7106857,
    "tr": 1720038008.8845358
}