{
    "en-US": 1721589186.5914667,
    "ar": 1721589201.769272,
    "de": 1721589216.9427886,
    "es-ES": 1721589232.1043577,
    "es-MX": 1721589247.291269,
    "fr": 1721589262.4959626,
    "it": 1721589277.6602864,
    "ja": 1721589292.8213577,
    "ko": 1721589307.982354,
    "pl": 1721589323.135559,
    "pt-BR": 1721589338.3246942,
    "ru": 1721589353.4846847,
    "tr": 1721589368.6698267
}