{
    "en-US": 1723603038.4536223,
    "ar": 1723603053.5489874,
    "de": 1723603068.6517398,
    "es-ES": 1723603083.7422369,
    "es-MX": 1723603098.849495,
    "fr": 1723603113.9548795,
    "it": 1723603129.0531917,
    "ja": 1723603144.1475742,
    "ko": 1723603159.2605305,
    "pl": 1723603174.3454442,
    "pt-BR": 1723603189.461774,
    "ru": 1723603204.5666573,
    "tr": 1723603219.6561227
}