{
    "en-US": 1722734188.0022147,
    "ar": 1722734203.0882196,
    "de": 1722734218.1983051,
    "es-ES": 1722734233.2944796,
    "es-MX": 1722734248.3890412,
    "fr": 1722734263.4712553,
    "it": 1722734278.583947,
    "ja": 1722734293.6639955,
    "ko": 1722734308.765443,
    "pl": 1722734323.855562,
    "pt-BR": 1722734338.9559846,
    "ru": 1722734354.0543609,
    "tr": 1722734369.1612225
}