{
    "en-US": 1721270076.9755075,
    "ar": 1721270092.0778778,
    "de": 1721270107.2701712,
    "es-ES": 1721270122.3656313,
    "es-MX": 1721270137.483376,
    "fr": 1721270152.5946186,
    "it": 1721270167.7067063,
    "ja": 1721270182.804736,
    "ko": 1721270197.9086435,
    "pl": 1721270213.0023823,
    "pt-BR": 1721270228.1210988,
    "ru": 1721270243.2501502,
    "tr": 1721270258.3584352
}