{
    "en-US": 1725052669.579471,
    "ar": 1725052684.7487876,
    "de": 1725052699.938342,
    "es-ES": 1725052715.1177404,
    "es-MX": 1725052730.3145962,
    "fr": 1725052745.4735112,
    "it": 1725052760.6528084,
    "ja": 1725052775.8109555,
    "ko": 1725052790.9730585,
    "pl": 1725052806.1362884,
    "pt-BR": 1725052821.3294945,
    "ru": 1725052836.491702,
    "tr": 1725052851.6553538
}