{
    "en-US": 1717683382.7440224,
    "ar": 1717683399.0884023,
    "de": 1717683414.8570194,
    "es-ES": 1717683430.5536628,
    "es-MX": 1717683445.7803094,
    "fr": 1717683460.9707632,
    "it": 1717683476.1596694,
    "ja": 1717683491.325252,
    "ko": 1717683506.4932754,
    "pl": 1717683521.6817484,
    "pt-BR": 1717683536.8620627,
    "ru": 1717683552.0303423,
    "tr": 1717683567.2163525
}