{
    "en-US": 1722104503.4446735,
    "ar": 1722104518.6116562,
    "de": 1722104533.7765434,
    "es-ES": 1722104548.9413052,
    "es-MX": 1722104564.1166906,
    "fr": 1722104579.2770038,
    "it": 1722104594.4641364,
    "ja": 1722104609.6173108,
    "ko": 1722104624.780199,
    "pl": 1722104639.9427786,
    "pt-BR": 1722104655.1178813,
    "ru": 1722104670.2788286,
    "tr": 1722104685.4625154
}