{
    "en-US": 1722604753.0713775,
    "ar": 1722604768.228674,
    "de": 1722604783.387251,
    "es-ES": 1722604798.5379949,
    "es-MX": 1722604813.6940787,
    "fr": 1722604828.8417234,
    "it": 1722604844.0280607,
    "ja": 1722604859.1844842,
    "ko": 1722604874.3373322,
    "pl": 1722604889.4821742,
    "pt-BR": 1722604904.6564503,
    "ru": 1722604919.821938,
    "tr": 1722604934.9992182
}