{
    "en-US": 1714393710.918506,
    "ar": 1714393727.0300393,
    "de": 1714393742.7522674,
    "es-ES": 1714393758.3873074,
    "es-MX": 1714393774.0875626,
    "fr": 1714393789.8857427,
    "it": 1714393805.6194108,
    "ja": 1714393823.0355716,
    "ko": 1714393840.0692072,
    "pl": 1714393856.0542202,
    "pt-BR": 1714393871.788128,
    "ru": 1714393887.6259634,
    "tr": 1714393903.687719
}