{
    "en-US": 1718180437.1345918,
    "ar": 1718180453.5331438,
    "de": 1718180469.3952947,
    "es-ES": 1718180484.9050417,
    "es-MX": 1718180500.0936675,
    "fr": 1718180515.2938209,
    "it": 1718180530.479965,
    "ja": 1718180545.635005,
    "ko": 1718180560.790596,
    "pl": 1718180575.948129,
    "pt-BR": 1718180591.5785232,
    "ru": 1718180606.74955,
    "tr": 1718180621.9284656
}