{
    "en-US": 1718759344.2359672,
    "ar": 1718759360.1572511,
    "de": 1718759376.281496,
    "es-ES": 1718759391.4408185,
    "es-MX": 1718759406.5588222,
    "fr": 1718759421.6869476,
    "it": 1718759436.7995179,
    "ja": 1718759451.931148,
    "ko": 1718759467.086073,
    "pl": 1718759482.1951306,
    "pt-BR": 1718759497.3252892,
    "ru": 1718759512.4781153,
    "tr": 1718759527.6040916
}