{
    "en-US": 1720055370.4895618,
    "ar": 1720055385.5981228,
    "de": 1720055400.7235653,
    "es-ES": 1720055415.8486483,
    "es-MX": 1720055430.9662583,
    "fr": 1720055446.0969656,
    "it": 1720055461.2197537,
    "ja": 1720055476.330539,
    "ko": 1720055491.444597,
    "pl": 1720055506.5536451,
    "pt-BR": 1720055521.6698325,
    "ru": 1720055536.8088877,
    "tr": 1720055551.9662902
}