{
    "en-US": 1718335107.692224,
    "ar": 1718335123.6810296,
    "de": 1718335139.4322522,
    "es-ES": 1718335155.4472888,
    "es-MX": 1718335170.65548,
    "fr": 1718335185.825326,
    "it": 1718335201.001035,
    "ja": 1718335216.1626909,
    "ko": 1718335231.3365815,
    "pl": 1718335246.498257,
    "pt-BR": 1718335261.6696734,
    "ru": 1718335276.8179867,
    "tr": 1718335292.0120423
}