{
    "en-US": 1717647562.5413787,
    "ar": 1717647578.696958,
    "de": 1717647594.5416172,
    "es-ES": 1717647610.3215413,
    "es-MX": 1717647625.4538395,
    "fr": 1717647640.5650027,
    "it": 1717647655.6873765,
    "ja": 1717647670.7923977,
    "ko": 1717647685.9003794,
    "pl": 1717647701.0297406,
    "pt-BR": 1717647716.1541467,
    "ru": 1717647731.2577896,
    "tr": 1717647746.3641322
}