{
    "en-US": 1715567447.7451491,
    "ar": 1715567463.8197877,
    "de": 1715567479.3206751,
    "es-ES": 1715567495.0675073,
    "es-MX": 1715567510.628782,
    "fr": 1715567526.3691154,
    "it": 1715567541.9296567,
    "ja": 1715567559.400197,
    "ko": 1715567576.181205,
    "pl": 1715567591.7503881,
    "pt-BR": 1715567607.319503,
    "ru": 1715567623.1266236,
    "tr": 1715567638.7710958
}