{
    "en-US": 1725024102.2764614,
    "ar": 1725024117.4523954,
    "de": 1725024132.646348,
    "es-ES": 1725024147.8126698,
    "es-MX": 1725024162.9933264,
    "fr": 1725024178.1544974,
    "it": 1725024193.3237586,
    "ja": 1725024208.4939518,
    "ko": 1725024223.691526,
    "pl": 1725024238.8517365,
    "pt-BR": 1725024254.0468779,
    "ru": 1725024269.2084556,
    "tr": 1725024284.3715696
}