{
    "en-US": 1718630396.7083228,
    "ar": 1718630412.7685788,
    "de": 1718630428.3065705,
    "es-ES": 1718630443.4900284,
    "es-MX": 1718630458.6970596,
    "fr": 1718630473.8546567,
    "it": 1718630489.0328362,
    "ja": 1718630504.1979568,
    "ko": 1718630519.386574,
    "pl": 1718630534.5425513,
    "pt-BR": 1718630549.7193246,
    "ru": 1718630564.8859923,
    "tr": 1718630580.0625112
}