{
    "en-US": 1716473722.6144488,
    "ar": 1716473738.4452558,
    "de": 1716473753.9421208,
    "es-ES": 1716473769.3156614,
    "es-MX": 1716473784.7201426,
    "fr": 1716473800.1007965,
    "it": 1716473815.4836874,
    "ja": 1716473833.7745645,
    "ko": 1716473850.8795028,
    "pl": 1716473866.3590763,
    "pt-BR": 1716473881.9010725,
    "ru": 1716473897.416938,
    "tr": 1716473913.0137484
}