{
    "en-US": 1719256497.494297,
    "ar": 1719256512.6280532,
    "de": 1719256527.845219,
    "es-ES": 1719256542.9640977,
    "es-MX": 1719256558.1233697,
    "fr": 1719256573.24948,
    "it": 1719256588.4087417,
    "ja": 1719256603.5432022,
    "ko": 1719256618.6626532,
    "pl": 1719256633.7927845,
    "pt-BR": 1719256649.0123215,
    "ru": 1719256664.1223242,
    "tr": 1719256679.2985485
}