{
    "en-US": 1718403399.1978555,
    "ar": 1718403414.4069376,
    "de": 1718403429.6344597,
    "es-ES": 1718403444.80157,
    "es-MX": 1718403459.9811988,
    "fr": 1718403475.156276,
    "it": 1718403490.3573737,
    "ja": 1718403505.5292344,
    "ko": 1718403520.7009494,
    "pl": 1718403535.866295,
    "pt-BR": 1718403551.0486052,
    "ru": 1718403566.218661,
    "tr": 1718403581.414874
}