{
    "en-US": 1721484883.5504599,
    "ar": 1721484898.6679838,
    "de": 1721484913.793054,
    "es-ES": 1721484928.888769,
    "es-MX": 1721484944.004042,
    "fr": 1721484959.108217,
    "it": 1721484974.2276607,
    "ja": 1721484989.3461275,
    "ko": 1721485004.4532266,
    "pl": 1721485019.5498984,
    "pt-BR": 1721485034.6705303,
    "ru": 1721485049.7698793,
    "tr": 1721485064.9023
}