{
    "en-US": 1723670163.1556098,
    "ar": 1723670178.2769313,
    "de": 1723670193.3889124,
    "es-ES": 1723670208.4923027,
    "es-MX": 1723670223.601782,
    "fr": 1723670238.6942651,
    "it": 1723670253.8706772,
    "ja": 1723670268.9815402,
    "ko": 1723670284.0820303,
    "pl": 1723670299.1949475,
    "pt-BR": 1723670314.306216,
    "ru": 1723670329.4052637,
    "tr": 1723670344.508032
}