{
    "en-US": 1716790987.1811373,
    "ar": 1716791002.9565296,
    "de": 1716791018.3113332,
    "es-ES": 1716791033.6573865,
    "es-MX": 1716791049.161766,
    "fr": 1716791064.854329,
    "it": 1716791080.5766098,
    "ja": 1716791098.0649612,
    "ko": 1716791114.8688655,
    "pl": 1716791130.571552,
    "pt-BR": 1716791146.0832903,
    "ru": 1716791161.88827,
    "tr": 1716791177.428651
}