{
    "en-US": 1721697098.6712773,
    "ar": 1721697113.7893035,
    "de": 1721697128.9644585,
    "es-ES": 1721697144.0587537,
    "es-MX": 1721697159.167136,
    "fr": 1721697174.262131,
    "it": 1721697189.3997173,
    "ja": 1721697204.500569,
    "ko": 1721697219.6042776,
    "pl": 1721697234.6974487,
    "pt-BR": 1721697249.8394039,
    "ru": 1721697264.9356802,
    "tr": 1721697280.0578368
}