{
    "en-US": 1718507900.195724,
    "ar": 1718507916.1409082,
    "de": 1718507931.9212403,
    "es-ES": 1718507947.1338212,
    "es-MX": 1718507962.3389978,
    "fr": 1718507977.4998348,
    "it": 1718507992.6674273,
    "ja": 1718508007.8216574,
    "ko": 1718508023.0075893,
    "pl": 1718508038.1574125,
    "pt-BR": 1718508053.318862,
    "ru": 1718508068.4670444,
    "tr": 1718508083.6309493
}