{
    "en-US": 1725484663.8696482,
    "ar": 1725484678.9780278,
    "de": 1725484694.1034734,
    "es-ES": 1725484709.2106626,
    "es-MX": 1725484724.3248875,
    "fr": 1725484739.4536676,
    "it": 1725484754.5644119,
    "ja": 1725484769.6686108,
    "ko": 1725484784.7750957,
    "pl": 1725484799.8779466,
    "pt-BR": 1725484815.1230977,
    "ru": 1725484830.2404811,
    "tr": 1725484845.353752
}