{
    "en-US": 1723414588.9407792,
    "ar": 1723414604.1032994,
    "de": 1723414619.2828162,
    "es-ES": 1723414634.4454052,
    "es-MX": 1723414649.6280622,
    "fr": 1723414664.784024,
    "it": 1723414679.9584258,
    "ja": 1723414695.1246784,
    "ko": 1723414710.2940812,
    "pl": 1723414725.4530025,
    "pt-BR": 1723414740.6297052,
    "ru": 1723414755.8008816,
    "tr": 1723414770.9696596
}