{
    "en-US": 1723425242.0776565,
    "ar": 1723425257.2237823,
    "de": 1723425272.3554523,
    "es-ES": 1723425287.457185,
    "es-MX": 1723425302.6051202,
    "fr": 1723425317.7190173,
    "it": 1723425332.9059978,
    "ja": 1723425348.0145364,
    "ko": 1723425363.140448,
    "pl": 1723425378.2581942,
    "pt-BR": 1723425393.4513812,
    "ru": 1723425408.5657244,
    "tr": 1723425423.6848488
}