{
    "en-US": 1717215524.6819446,
    "ar": 1717215540.7085156,
    "de": 1717215556.2102869,
    "es-ES": 1717215571.7175393,
    "es-MX": 1717215587.7731724,
    "fr": 1717215603.3837004,
    "it": 1717215619.018575,
    "ja": 1717215635.2103603,
    "ko": 1717215651.1985219,
    "pl": 1717215666.801119,
    "pt-BR": 1717215682.4094138,
    "ru": 1717215698.0751758,
    "tr": 1717215713.7255073
}