{
    "en-US": 1724581046.9478161,
    "ar": 1724581062.1230652,
    "de": 1724581077.303199,
    "es-ES": 1724581092.4812398,
    "es-MX": 1724581107.6807578,
    "fr": 1724581122.8604963,
    "it": 1724581138.0373929,
    "ja": 1724581153.210465,
    "ko": 1724581168.3854742,
    "pl": 1724581183.5685458,
    "pt-BR": 1724581198.74956,
    "ru": 1724581213.908783,
    "tr": 1724581229.068181
}