{
    "en-US": 1716445380.458364,
    "ar": 1716445396.4640708,
    "de": 1716445412.052275,
    "es-ES": 1716445427.6274827,
    "es-MX": 1716445443.2644897,
    "fr": 1716445458.9054031,
    "it": 1716445474.5782704,
    "ja": 1716445492.0005107,
    "ko": 1716445508.915574,
    "pl": 1716445524.564981,
    "pt-BR": 1716445540.1739209,
    "ru": 1716445555.8609316,
    "tr": 1716445571.5586472
}