{
    "en-US": 1718792289.412807,
    "ar": 1718792305.7296932,
    "de": 1718792321.7860723,
    "es-ES": 1718792337.298579,
    "es-MX": 1718792352.5234697,
    "fr": 1718792367.757468,
    "it": 1718792382.9614959,
    "ja": 1718792398.1580212,
    "ko": 1718792413.3495271,
    "pl": 1718792428.5453103,
    "pt-BR": 1718792443.721152,
    "ru": 1718792458.8898957,
    "tr": 1718792474.0761962
}