{
    "en-US": 1723379371.6610105,
    "ar": 1723379386.8230956,
    "de": 1723379401.9965322,
    "es-ES": 1723379417.1491632,
    "es-MX": 1723379432.3250568,
    "fr": 1723379447.4853709,
    "it": 1723379462.6534517,
    "ja": 1723379477.824672,
    "ko": 1723379492.989052,
    "pl": 1723379508.1915188,
    "pt-BR": 1723379523.3787565,
    "ru": 1723379538.5343168,
    "tr": 1723379553.701955
}