{
    "en-US": 1724887086.411294,
    "ar": 1724887101.514079,
    "de": 1724887116.6293695,
    "es-ES": 1724887131.7275658,
    "es-MX": 1724887146.8734365,
    "fr": 1724887161.978461,
    "it": 1724887177.0967402,
    "ja": 1724887192.190422,
    "ko": 1724887207.293322,
    "pl": 1724887222.39096,
    "pt-BR": 1724887237.534572,
    "ru": 1724887252.6337655,
    "tr": 1724887267.7528534
}