{
    "en-US": 1725923952.3942196,
    "ar": 1725923967.511331,
    "de": 1725923982.6379805,
    "es-ES": 1725923997.752242,
    "es-MX": 1725924012.8956861,
    "fr": 1725924028.0051682,
    "it": 1725924043.1313107,
    "ja": 1725924058.2425914,
    "ko": 1725924073.3568938,
    "pl": 1725924088.470147,
    "pt-BR": 1725924103.615961,
    "ru": 1725924118.729605,
    "tr": 1725924133.8445528
}