{
    "en-US": 1725657444.0258064,
    "ar": 1725657459.2000883,
    "de": 1725657474.3801107,
    "es-ES": 1725657489.53725,
    "es-MX": 1725657504.734259,
    "fr": 1725657519.88927,
    "it": 1725657535.0658317,
    "ja": 1725657550.225263,
    "ko": 1725657565.3812296,
    "pl": 1725657580.541711,
    "pt-BR": 1725657595.738222,
    "ru": 1725657610.9087265,
    "tr": 1725657626.0730844
}