{
    "en-US": 1723889832.2406244,
    "ar": 1723889847.4036384,
    "de": 1723889862.569963,
    "es-ES": 1723889877.7276895,
    "es-MX": 1723889892.883782,
    "fr": 1723889908.0799882,
    "it": 1723889923.2450614,
    "ja": 1723889938.4006317,
    "ko": 1723889953.5659559,
    "pl": 1723889968.7203963,
    "pt-BR": 1723889983.9123037,
    "ru": 1723889999.0732791,
    "tr": 1723890014.2336233
}