{
    "en-US": 1719458339.406337,
    "ar": 1719458354.5697162,
    "de": 1719458369.744191,
    "es-ES": 1719458384.8956492,
    "es-MX": 1719458400.1009362,
    "fr": 1719458415.2664077,
    "it": 1719458430.4361246,
    "ja": 1719458445.5931182,
    "ko": 1719458460.778292,
    "pl": 1719458475.9293842,
    "pt-BR": 1719458491.1222703,
    "ru": 1719458506.276497,
    "tr": 1719458521.4347281
}