{
    "en-US": 1725401874.2463171,
    "ar": 1725401889.3799634,
    "de": 1725401904.5036433,
    "es-ES": 1725401919.594289,
    "es-MX": 1725401934.7473018,
    "fr": 1725401949.8577306,
    "it": 1725401964.9672022,
    "ja": 1725401980.0702372,
    "ko": 1725401995.1978643,
    "pl": 1725402010.2928631,
    "pt-BR": 1725402025.435793,
    "ru": 1725402040.549266,
    "tr": 1725402055.6509101
}