{
    "en-US": 1721869867.659875,
    "ar": 1721869882.7749412,
    "de": 1721869897.8738213,
    "es-ES": 1721869912.9561858,
    "es-MX": 1721869928.0603433,
    "fr": 1721869943.1341147,
    "it": 1721869958.2369788,
    "ja": 1721869973.3235135,
    "ko": 1721869988.411471,
    "pl": 1721870003.4960425,
    "pt-BR": 1721870018.596429,
    "ru": 1721870033.6790478,
    "tr": 1721870048.7778692
}