{
    "en-US": 1721549973.414353,
    "ar": 1721549988.5141706,
    "de": 1721550003.6232898,
    "es-ES": 1721550018.7094476,
    "es-MX": 1721550033.836892,
    "fr": 1721550048.9232576,
    "it": 1721550064.0326715,
    "ja": 1721550079.129795,
    "ko": 1721550094.2432609,
    "pl": 1721550109.341201,
    "pt-BR": 1721550124.4692147,
    "ru": 1721550139.5652323,
    "tr": 1721550154.6555786
}