{
    "en-US": 1717989517.1477942,
    "ar": 1717989533.0358174,
    "de": 1717989548.7078285,
    "es-ES": 1717989563.8450754,
    "es-MX": 1717989578.9726212,
    "fr": 1717989594.0711408,
    "it": 1717989609.1839354,
    "ja": 1717989624.279506,
    "ko": 1717989639.4542217,
    "pl": 1717989654.5496478,
    "pt-BR": 1717989669.672281,
    "ru": 1717989684.7703838,
    "tr": 1717989699.8816
}