{
    "en-US": 1717823747.0207126,
    "ar": 1717823762.1177497,
    "de": 1717823777.2276304,
    "es-ES": 1717823792.320167,
    "es-MX": 1717823807.4432006,
    "fr": 1717823822.5351293,
    "it": 1717823837.635837,
    "ja": 1717823852.7325146,
    "ko": 1717823867.8550518,
    "pl": 1717823882.9464626,
    "pt-BR": 1717823898.0485375,
    "ru": 1717823913.1393216,
    "tr": 1717823928.2389276
}