{
    "en-US": 1716196780.1719685,
    "ar": 1716196796.0750167,
    "de": 1716196811.5752525,
    "es-ES": 1716196827.0540462,
    "es-MX": 1716196842.594194,
    "fr": 1716196858.1221092,
    "it": 1716196873.6568835,
    "ja": 1716196890.7591333,
    "ko": 1716196907.3145552,
    "pl": 1716196923.1334915,
    "pt-BR": 1716196938.6753194,
    "ru": 1716196954.5152402,
    "tr": 1716196970.095711
}