{
    "en-US": 1722982624.224325,
    "ar": 1722982639.3302398,
    "de": 1722982654.4398875,
    "es-ES": 1722982669.5601957,
    "es-MX": 1722982684.693618,
    "fr": 1722982699.8001256,
    "it": 1722982714.909138,
    "ja": 1722982730.0145428,
    "ko": 1722982745.1088371,
    "pl": 1722982760.197831,
    "pt-BR": 1722982775.3144,
    "ru": 1722982790.4091935,
    "tr": 1722982805.509855
}