{
    "en-US": 1714212988.5813296,
    "ar": 1714213004.500041,
    "de": 1714213019.9091434,
    "es-ES": 1714213035.3261049,
    "es-MX": 1714213050.7868092,
    "fr": 1714213066.223701,
    "it": 1714213081.8498178,
    "ja": 1714213098.9727209,
    "ko": 1714213115.8162458,
    "pl": 1714213131.269909,
    "pt-BR": 1714213146.7413743,
    "ru": 1714213162.300061,
    "tr": 1714213177.8685076
}