{
    "en-US": 1721640078.6142752,
    "ar": 1721640093.7219372,
    "de": 1721640108.8380523,
    "es-ES": 1721640123.9364657,
    "es-MX": 1721640139.049259,
    "fr": 1721640154.1510653,
    "it": 1721640169.2823591,
    "ja": 1721640184.3814108,
    "ko": 1721640199.4814138,
    "pl": 1721640214.5637667,
    "pt-BR": 1721640229.6772916,
    "ru": 1721640244.7745764,
    "tr": 1721640259.8986957
}