{
    "en-US": 1725153989.5700078,
    "ar": 1725154004.679993,
    "de": 1725154019.793085,
    "es-ES": 1725154034.8908298,
    "es-MX": 1725154050.0155077,
    "fr": 1725154065.1081035,
    "it": 1725154080.2134893,
    "ja": 1725154095.3093646,
    "ko": 1725154110.4043095,
    "pl": 1725154125.5012038,
    "pt-BR": 1725154140.6256073,
    "ru": 1725154155.7255344,
    "tr": 1725154170.8375146
}