{
    "en-US": 1724985704.1286993,
    "ar": 1724985719.2976208,
    "de": 1724985734.4796917,
    "es-ES": 1724985749.6408527,
    "es-MX": 1724985764.827302,
    "fr": 1724985780.007979,
    "it": 1724985795.181533,
    "ja": 1724985810.3795733,
    "ko": 1724985825.5502558,
    "pl": 1724985840.7214127,
    "pt-BR": 1724985855.8979907,
    "ru": 1724985871.094646,
    "tr": 1724985886.2707417
}