{
    "en-US": 1720599733.5051045,
    "ar": 1720599748.6706827,
    "de": 1720599763.8382983,
    "es-ES": 1720599778.9938302,
    "es-MX": 1720599794.1679094,
    "fr": 1720599809.330817,
    "it": 1720599824.5201232,
    "ja": 1720599839.6782029,
    "ko": 1720599854.8368897,
    "pl": 1720599870.0018435,
    "pt-BR": 1720599885.1741092,
    "ru": 1720599900.3421922,
    "tr": 1720599915.5466912
}