{
    "en-US": 1716887829.6979141,
    "ar": 1716887845.4994524,
    "de": 1716887861.1246707,
    "es-ES": 1716887876.5098825,
    "es-MX": 1716887891.9617202,
    "fr": 1716887907.411941,
    "it": 1716887923.093397,
    "ja": 1716887939.987753,
    "ko": 1716887956.751145,
    "pl": 1716887972.440177,
    "pt-BR": 1716887987.9269829,
    "ru": 1716888003.4386559,
    "tr": 1716888018.9471178
}