{
    "en-US": 1724077112.6276171,
    "ar": 1724077127.7355428,
    "de": 1724077142.8664343,
    "es-ES": 1724077157.9615822,
    "es-MX": 1724077173.1047893,
    "fr": 1724077188.2330909,
    "it": 1724077203.3461776,
    "ja": 1724077218.4542506,
    "ko": 1724077233.558278,
    "pl": 1724077248.672686,
    "pt-BR": 1724077263.7889817,
    "ru": 1724077278.8995838,
    "tr": 1724077294.17296
}