{
    "en-US": 1723566089.9380465,
    "ar": 1723566105.0334826,
    "de": 1723566120.1285062,
    "es-ES": 1723566135.2297535,
    "es-MX": 1723566150.3339102,
    "fr": 1723566165.4258397,
    "it": 1723566180.5169373,
    "ja": 1723566195.6119225,
    "ko": 1723566210.6969705,
    "pl": 1723566225.8142412,
    "pt-BR": 1723566240.9256842,
    "ru": 1723566256.0120587,
    "tr": 1723566271.1157825
}