{
    "en-US": 1722521817.958766,
    "ar": 1722521833.076208,
    "de": 1722521848.1795413,
    "es-ES": 1722521863.2712903,
    "es-MX": 1722521878.3927186,
    "fr": 1722521893.4999633,
    "it": 1722521908.6245,
    "ja": 1722521923.7168722,
    "ko": 1722521938.824083,
    "pl": 1722521953.921566,
    "pt-BR": 1722521969.0153162,
    "ru": 1722521984.1104372,
    "tr": 1722521999.2260036
}