{
    "en-US": 1722134251.952321,
    "ar": 1722134267.1705937,
    "de": 1722134282.33641,
    "es-ES": 1722134297.5103576,
    "es-MX": 1722134312.6941004,
    "fr": 1722134327.8575518,
    "it": 1722134343.0568511,
    "ja": 1722134358.2561269,
    "ko": 1722134373.4274828,
    "pl": 1722134388.6089754,
    "pt-BR": 1722134403.787261,
    "ru": 1722134418.962593,
    "tr": 1722134434.1427507
}