{
    "en-US": 1725567548.1238692,
    "ar": 1725567563.2389596,
    "de": 1725567578.3640072,
    "es-ES": 1725567593.464473,
    "es-MX": 1725567608.583453,
    "fr": 1725567623.7046459,
    "it": 1725567638.878405,
    "ja": 1725567653.9814615,
    "ko": 1725567669.0756164,
    "pl": 1725567684.1689546,
    "pt-BR": 1725567699.2928567,
    "ru": 1725567714.4083169,
    "tr": 1725567729.5326653
}