{
    "en-US": 1716726435.6375806,
    "ar": 1716726451.6428843,
    "de": 1716726467.2489603,
    "es-ES": 1716726482.8554473,
    "es-MX": 1716726498.5839803,
    "fr": 1716726514.3210378,
    "it": 1716726530.0192986,
    "ja": 1716726548.336584,
    "ko": 1716726566.465732,
    "pl": 1716726581.9639432,
    "pt-BR": 1716726597.6816778,
    "ru": 1716726613.9379275,
    "tr": 1716726629.7283175
}