{
    "en-US": 1715476191.6333134,
    "ar": 1715476207.9802501,
    "de": 1715476223.7473013,
    "es-ES": 1715476239.4158454,
    "es-MX": 1715476255.137624,
    "fr": 1715476270.8885126,
    "it": 1715476286.571824,
    "ja": 1715476304.149236,
    "ko": 1715476319.3515656,
    "pl": 1715476334.5244603,
    "pt-BR": 1715476349.718504,
    "ru": 1715476364.8842223,
    "tr": 1715476380.076438
}