{
    "en-US": 1718764414.4494905,
    "ar": 1718764429.6685681,
    "de": 1718764444.891015,
    "es-ES": 1718764460.0677645,
    "es-MX": 1718764475.2467453,
    "fr": 1718764490.4230895,
    "it": 1718764505.6332123,
    "ja": 1718764520.806716,
    "ko": 1718764535.992116,
    "pl": 1718764551.1666722,
    "pt-BR": 1718764566.357883,
    "ru": 1718764581.5388079,
    "tr": 1718764596.7483516
}