{
    "en-US": 1721154090.8737836,
    "ar": 1721154106.0368404,
    "de": 1721154121.2147763,
    "es-ES": 1721154136.3888128,
    "es-MX": 1721154151.6015296,
    "fr": 1721154166.7747917,
    "it": 1721154181.9485946,
    "ja": 1721154197.125911,
    "ko": 1721154212.290531,
    "pl": 1721154227.4455094,
    "pt-BR": 1721154242.6528814,
    "ru": 1721154257.8353546,
    "tr": 1721154273.010772
}