{
    "en-US": 1716786984.5337324,
    "ar": 1716787000.2793198,
    "de": 1716787015.6272678,
    "es-ES": 1716787030.9705253,
    "es-MX": 1716787046.45533,
    "fr": 1716787061.9122534,
    "it": 1716787077.3702755,
    "ja": 1716787094.7826939,
    "ko": 1716787111.4744332,
    "pl": 1716787126.9808328,
    "pt-BR": 1716787142.4625134,
    "ru": 1716787157.9960425,
    "tr": 1716787173.8368134
}