{
    "en-US": 1719253322.4578276,
    "ar": 1719253338.4227781,
    "de": 1719253354.324671,
    "es-ES": 1719253369.4605875,
    "es-MX": 1719253384.6463118,
    "fr": 1719253399.780856,
    "it": 1719253414.916197,
    "ja": 1719253430.065403,
    "ko": 1719253445.2062085,
    "pl": 1719253460.3183856,
    "pt-BR": 1719253475.4856408,
    "ru": 1719253490.6098247,
    "tr": 1719253505.774626
}