{
    "en-US": 1722723297.5318105,
    "ar": 1722723312.6376467,
    "de": 1722723327.7441957,
    "es-ES": 1722723342.8381643,
    "es-MX": 1722723357.9480162,
    "fr": 1722723373.0312233,
    "it": 1722723388.182936,
    "ja": 1722723403.28144,
    "ko": 1722723418.3739123,
    "pl": 1722723433.4692082,
    "pt-BR": 1722723448.580537,
    "ru": 1722723463.6683762,
    "tr": 1722723478.7953064
}