{
    "en-US": 1721812655.2482657,
    "ar": 1721812670.4436405,
    "de": 1721812685.6236646,
    "es-ES": 1721812700.7848053,
    "es-MX": 1721812715.9507837,
    "fr": 1721812731.1200564,
    "it": 1721812746.311744,
    "ja": 1721812761.483805,
    "ko": 1721812776.6491792,
    "pl": 1721812791.8113065,
    "pt-BR": 1721812806.9805715,
    "ru": 1721812822.1527119,
    "tr": 1721812837.333308
}