{
    "en-US": 1716923607.717508,
    "ar": 1716923623.5623255,
    "de": 1716923639.2062032,
    "es-ES": 1716923654.679681,
    "es-MX": 1716923670.3172045,
    "fr": 1716923685.902486,
    "it": 1716923701.527689,
    "ja": 1716923718.0213075,
    "ko": 1716923734.0300477,
    "pl": 1716923749.6369874,
    "pt-BR": 1716923765.2676928,
    "ru": 1716923780.8954275,
    "tr": 1716923796.527228
}