{
    "en-US": 1718986761.2874103,
    "ar": 1718986777.5246797,
    "de": 1718986793.0497823,
    "es-ES": 1718986808.2487192,
    "es-MX": 1718986823.4277081,
    "fr": 1718986838.5914705,
    "it": 1718986853.7696052,
    "ja": 1718986868.9305758,
    "ko": 1718986884.1070743,
    "pl": 1718986899.2799485,
    "pt-BR": 1718986914.459378,
    "ru": 1718986929.6470454,
    "tr": 1718986944.8174336
}