{
    "en-US": 1722259254.1632397,
    "ar": 1722259269.2669241,
    "de": 1722259284.3827202,
    "es-ES": 1722259299.5098677,
    "es-MX": 1722259314.640757,
    "fr": 1722259329.73448,
    "it": 1722259344.8729033,
    "ja": 1722259359.9644089,
    "ko": 1722259375.076848,
    "pl": 1722259390.206178,
    "pt-BR": 1722259405.316,
    "ru": 1722259420.4075072,
    "tr": 1722259435.526137
}