{
    "en-US": 1720793729.2867815,
    "ar": 1720793744.4514384,
    "de": 1720793759.6259878,
    "es-ES": 1720793774.7843628,
    "es-MX": 1720793790.0013816,
    "fr": 1720793805.216155,
    "it": 1720793820.409569,
    "ja": 1720793835.5770056,
    "ko": 1720793850.738445,
    "pl": 1720793865.8941717,
    "pt-BR": 1720793881.0581834,
    "ru": 1720793896.2163103,
    "tr": 1720793911.3969882
}