{
    "en-US": 1719623223.8708277,
    "ar": 1719623239.0493145,
    "de": 1719623254.232903,
    "es-ES": 1719623269.39668,
    "es-MX": 1719623284.5860765,
    "fr": 1719623299.7471008,
    "it": 1719623314.9242153,
    "ja": 1719623330.0908031,
    "ko": 1719623345.2598653,
    "pl": 1719623360.4234042,
    "pt-BR": 1719623375.625375,
    "ru": 1719623390.797625,
    "tr": 1719623405.9789045
}