{
    "en-US": 1722075377.072138,
    "ar": 1722075392.2374268,
    "de": 1722075407.4121385,
    "es-ES": 1722075422.577706,
    "es-MX": 1722075437.7547271,
    "fr": 1722075452.9148571,
    "it": 1722075468.3539724,
    "ja": 1722075483.5208645,
    "ko": 1722075498.68372,
    "pl": 1722075513.840906,
    "pt-BR": 1722075529.0210476,
    "ru": 1722075544.1796777,
    "tr": 1722075559.3405533
}