{
    "en-US": 1720995377.9054492,
    "ar": 1720995393.0743024,
    "de": 1720995408.2444532,
    "es-ES": 1720995423.4128156,
    "es-MX": 1720995438.6074626,
    "fr": 1720995453.7656164,
    "it": 1720995468.94487,
    "ja": 1720995484.1191375,
    "ko": 1720995499.284755,
    "pl": 1720995514.44694,
    "pt-BR": 1720995529.629623,
    "ru": 1720995544.7926116,
    "tr": 1720995559.9611478
}