{
    "en-US": 1717910115.025415,
    "ar": 1717910131.1590977,
    "de": 1717910147.0096204,
    "es-ES": 1717910162.2220442,
    "es-MX": 1717910177.3981452,
    "fr": 1717910192.5599988,
    "it": 1717910207.738079,
    "ja": 1717910222.9069908,
    "ko": 1717910238.1143029,
    "pl": 1717910253.280829,
    "pt-BR": 1717910268.461239,
    "ru": 1717910283.6257746,
    "tr": 1717910298.8081126
}