{
    "en-US": 1725326046.6083364,
    "ar": 1725326061.775673,
    "de": 1725326076.9396002,
    "es-ES": 1725326092.1153185,
    "es-MX": 1725326107.2735796,
    "fr": 1725326122.4251363,
    "it": 1725326137.595918,
    "ja": 1725326152.7692373,
    "ko": 1725326167.9321556,
    "pl": 1725326183.0896401,
    "pt-BR": 1725326198.251947,
    "ru": 1725326213.4121008,
    "tr": 1725326228.5729947
}