{
    "en-US": 1723882799.5116334,
    "ar": 1723882814.6880157,
    "de": 1723882829.8483086,
    "es-ES": 1723882845.0074358,
    "es-MX": 1723882860.1769571,
    "fr": 1723882875.3257625,
    "it": 1723882890.5067103,
    "ja": 1723882905.6610267,
    "ko": 1723882920.8160703,
    "pl": 1723882935.978602,
    "pt-BR": 1723882951.1464605,
    "ru": 1723882966.2985632,
    "tr": 1723882981.4722166
}