{
    "en-US": 1717290686.8828645,
    "ar": 1717290702.6612792,
    "de": 1717290718.038115,
    "es-ES": 1717290733.3678868,
    "es-MX": 1717290748.8452094,
    "fr": 1717290764.6284323,
    "it": 1717290780.3489296,
    "ja": 1717290797.791405,
    "ko": 1717290814.6011693,
    "pl": 1717290830.4423125,
    "pt-BR": 1717290846.2251554,
    "ru": 1717290862.0298927,
    "tr": 1717290877.8448339
}