{
    "en-US": 1717482112.1782825,
    "ar": 1717482128.128263,
    "de": 1717482143.6541724,
    "es-ES": 1717482159.178906,
    "es-MX": 1717482174.8175333,
    "fr": 1717482190.628905,
    "it": 1717482206.296618,
    "ja": 1717482223.7233763,
    "ko": 1717482240.6555288,
    "pl": 1717482256.6406634,
    "pt-BR": 1717482272.5470004,
    "ru": 1717482288.2668922,
    "tr": 1717482303.9709392
}