{
    "en-US": 1724294274.3194335,
    "ar": 1724294289.4838455,
    "de": 1724294304.6576202,
    "es-ES": 1724294319.8165023,
    "es-MX": 1724294335.0027544,
    "fr": 1724294350.2214334,
    "it": 1724294365.3832054,
    "ja": 1724294380.5440965,
    "ko": 1724294395.705763,
    "pl": 1724294410.8610268,
    "pt-BR": 1724294426.0513592,
    "ru": 1724294441.3602211,
    "tr": 1724294456.5170326
}