{
    "en-US": 1719699412.4257333,
    "ar": 1719699427.543441,
    "de": 1719699442.655434,
    "es-ES": 1719699457.7519467,
    "es-MX": 1719699472.865231,
    "fr": 1719699487.9671376,
    "it": 1719699503.101982,
    "ja": 1719699518.2216945,
    "ko": 1719699533.3286946,
    "pl": 1719699548.427869,
    "pt-BR": 1719699563.5430737,
    "ru": 1719699578.6358843,
    "tr": 1719699593.7674258
}