{
    "en-US": 1719947704.152649,
    "ar": 1719947719.3343115,
    "de": 1719947734.511804,
    "es-ES": 1719947749.6875896,
    "es-MX": 1719947764.8721457,
    "fr": 1719947780.0449538,
    "it": 1719947795.241562,
    "ja": 1719947810.4089103,
    "ko": 1719947825.596895,
    "pl": 1719947840.7669642,
    "pt-BR": 1719947855.9446397,
    "ru": 1719947871.109227,
    "tr": 1719947886.298426
}