{
    "en-US": 1714810654.1404014,
    "ar": 1714810670.1904132,
    "de": 1714810685.7055607,
    "es-ES": 1714810701.2151551,
    "es-MX": 1714810716.8044262,
    "fr": 1714810732.3717635,
    "it": 1714810747.9534016,
    "ja": 1714810765.625031,
    "ko": 1714810782.5078118,
    "pl": 1714810798.135538,
    "pt-BR": 1714810813.7285106,
    "ru": 1714810829.6131072,
    "tr": 1714810845.4918566
}