{
    "en-US": 1717209302.6775825,
    "ar": 1717209318.4652257,
    "de": 1717209334.040728,
    "es-ES": 1717209349.6812165,
    "es-MX": 1717209365.630754,
    "fr": 1717209381.6433372,
    "it": 1717209397.5725691,
    "ja": 1717209415.0437229,
    "ko": 1717209431.8449256,
    "pl": 1717209447.5556562,
    "pt-BR": 1717209463.4733963,
    "ru": 1717209479.2576313,
    "tr": 1717209495.0992525
}