{
    "en-US": 1718259737.9943476,
    "ar": 1718259754.262201,
    "de": 1718259770.044593,
    "es-ES": 1718259785.2401133,
    "es-MX": 1718259800.4066541,
    "fr": 1718259815.5636325,
    "it": 1718259830.7449467,
    "ja": 1718259845.9079602,
    "ko": 1718259861.0920424,
    "pl": 1718259876.2577758,
    "pt-BR": 1718259891.435275,
    "ru": 1718259906.5917685,
    "tr": 1718259921.8159983
}