{
    "en-US": 1722186892.6645796,
    "ar": 1722186907.8411603,
    "de": 1722186923.0071828,
    "es-ES": 1722186938.1591468,
    "es-MX": 1722186953.3170354,
    "fr": 1722186968.4706101,
    "it": 1722186983.6374438,
    "ja": 1722186998.7824225,
    "ko": 1722187013.9343553,
    "pl": 1722187029.0785341,
    "pt-BR": 1722187044.246041,
    "ru": 1722187059.4061813,
    "tr": 1722187074.574376
}