{
    "en-US": 1713661631.8157663,
    "ar": 1713661648.2634518,
    "de": 1713661663.9222827,
    "es-ES": 1713661679.408245,
    "es-MX": 1713661695.1008382,
    "fr": 1713661710.881069,
    "it": 1713661726.7976017,
    "ja": 1713661744.3737228,
    "ko": 1713661761.283235,
    "pl": 1713661777.1003497,
    "pt-BR": 1713661793.200532,
    "ru": 1713661808.8200872,
    "tr": 1713661824.5973797
}