{
    "en-US": 1723954865.0477633,
    "ar": 1723954880.2029276,
    "de": 1723954895.3676152,
    "es-ES": 1723954910.5249648,
    "es-MX": 1723954925.7181876,
    "fr": 1723954940.8765972,
    "it": 1723954956.0519445,
    "ja": 1723954971.2148433,
    "ko": 1723954986.3772614,
    "pl": 1723955001.5360858,
    "pt-BR": 1723955016.72808,
    "ru": 1723955031.9550323,
    "tr": 1723955047.1164172
}