{
    "en-US": 1724426425.1629002,
    "ar": 1724426440.2619498,
    "de": 1724426455.4426227,
    "es-ES": 1724426470.5359108,
    "es-MX": 1724426485.6507578,
    "fr": 1724426500.7756248,
    "it": 1724426515.8894656,
    "ja": 1724426530.9838202,
    "ko": 1724426546.0998852,
    "pl": 1724426561.189953,
    "pt-BR": 1724426576.3034544,
    "ru": 1724426591.4266465,
    "tr": 1724426606.532445
}