{
    "en-US": 1719282804.5198357,
    "ar": 1719282819.7010517,
    "de": 1719282834.8896377,
    "es-ES": 1719282850.0552151,
    "es-MX": 1719282865.2393095,
    "fr": 1719282880.4165232,
    "it": 1719282895.6115742,
    "ja": 1719282910.7834907,
    "ko": 1719282925.9611416,
    "pl": 1719282941.1547225,
    "pt-BR": 1719282956.3343976,
    "ru": 1719282971.5006099,
    "tr": 1719282986.691193
}