{
    "en-US": 1717643950.9126773,
    "ar": 1717643966.7698379,
    "de": 1717643982.4798555,
    "es-ES": 1717643997.6280138,
    "es-MX": 1717644012.7538004,
    "fr": 1717644027.8547351,
    "it": 1717644042.981547,
    "ja": 1717644058.0959527,
    "ko": 1717644073.267847,
    "pl": 1717644088.3711674,
    "pt-BR": 1717644103.4859102,
    "ru": 1717644118.58453,
    "tr": 1717644133.6970823
}