{
    "en-US": 1721665237.3352554,
    "ar": 1721665252.4976418,
    "de": 1721665267.669469,
    "es-ES": 1721665282.8323588,
    "es-MX": 1721665298.0137508,
    "fr": 1721665313.1749408,
    "it": 1721665328.3495533,
    "ja": 1721665343.5085104,
    "ko": 1721665358.6860983,
    "pl": 1721665373.8434205,
    "pt-BR": 1721665389.0380232,
    "ru": 1721665404.2009678,
    "tr": 1721665419.3621655
}