{
    "en-US": 1725794037.1693697,
    "ar": 1725794052.3432646,
    "de": 1725794067.5398586,
    "es-ES": 1725794082.7234025,
    "es-MX": 1725794097.9274457,
    "fr": 1725794113.0858557,
    "it": 1725794128.268377,
    "ja": 1725794143.4400413,
    "ko": 1725794158.6147072,
    "pl": 1725794173.7873561,
    "pt-BR": 1725794188.9946036,
    "ru": 1725794204.1645713,
    "tr": 1725794219.3421156
}