{
    "en-US": 1721013686.9994502,
    "ar": 1721013702.1072364,
    "de": 1721013717.2189727,
    "es-ES": 1721013732.309944,
    "es-MX": 1721013747.43259,
    "fr": 1721013762.5261009,
    "it": 1721013777.653948,
    "ja": 1721013792.7474835,
    "ko": 1721013807.8505418,
    "pl": 1721013822.9380665,
    "pt-BR": 1721013838.0487757,
    "ru": 1721013853.1470983,
    "tr": 1721013868.2517936
}