{
    "en-US": 1724516356.165001,
    "ar": 1724516371.284928,
    "de": 1724516386.3764806,
    "es-ES": 1724516401.4597945,
    "es-MX": 1724516416.5641384,
    "fr": 1724516431.647085,
    "it": 1724516446.7586765,
    "ja": 1724516461.8706744,
    "ko": 1724516476.9863784,
    "pl": 1724516492.0698764,
    "pt-BR": 1724516507.1670728,
    "ru": 1724516522.2566626,
    "tr": 1724516537.3526702
}