{
    "en-US": 1725628949.448977,
    "ar": 1725628964.6005611,
    "de": 1725628979.7228904,
    "es-ES": 1725628994.8231616,
    "es-MX": 1725629009.932213,
    "fr": 1725629025.0310998,
    "it": 1725629040.1823618,
    "ja": 1725629055.305267,
    "ko": 1725629070.4341254,
    "pl": 1725629085.5278325,
    "pt-BR": 1725629100.6554654,
    "ru": 1725629115.7586336,
    "tr": 1725629130.9243164
}