{
    "en-US": 1725196837.428466,
    "ar": 1725196852.528575,
    "de": 1725196867.6269116,
    "es-ES": 1725196882.7134297,
    "es-MX": 1725196897.8300955,
    "fr": 1725196912.9355438,
    "it": 1725196928.036513,
    "ja": 1725196943.133688,
    "ko": 1725196958.2320647,
    "pl": 1725196973.3262105,
    "pt-BR": 1725196988.4256918,
    "ru": 1725197003.5356786,
    "tr": 1725197018.632496
}