{
    "en-US": 1721005966.3581088,
    "ar": 1721005981.5040104,
    "de": 1721005996.6256685,
    "es-ES": 1721006011.7142236,
    "es-MX": 1721006026.8478901,
    "fr": 1721006041.9410262,
    "it": 1721006057.0517862,
    "ja": 1721006072.2009647,
    "ko": 1721006087.295976,
    "pl": 1721006102.381318,
    "pt-BR": 1721006117.5107002,
    "ru": 1721006132.6014438,
    "tr": 1721006147.705068
}