{
    "en-US": 1723288411.0506692,
    "ar": 1723288426.2058787,
    "de": 1723288441.3685272,
    "es-ES": 1723288456.5294578,
    "es-MX": 1723288471.6974242,
    "fr": 1723288486.8536203,
    "it": 1723288502.0208206,
    "ja": 1723288517.1733222,
    "ko": 1723288532.3365746,
    "pl": 1723288547.4919991,
    "pt-BR": 1723288562.6669548,
    "ru": 1723288577.829983,
    "tr": 1723288592.9905198
}