{
    "en-US": 1719937304.2814076,
    "ar": 1719937319.4176517,
    "de": 1719937334.5447838,
    "es-ES": 1719937349.698496,
    "es-MX": 1719937364.8425024,
    "fr": 1719937379.9522185,
    "it": 1719937395.0697284,
    "ja": 1719937410.1796415,
    "ko": 1719937425.3253329,
    "pl": 1719937440.4439466,
    "pt-BR": 1719937455.5859497,
    "ru": 1719937470.7126615,
    "tr": 1719937485.8454077
}