{
    "en-US": 1717305296.8060274,
    "ar": 1717305312.6102428,
    "de": 1717305328.1290374,
    "es-ES": 1717305343.6214218,
    "es-MX": 1717305359.4357316,
    "fr": 1717305375.0369604,
    "it": 1717305390.6926472,
    "ja": 1717305406.8746002,
    "ko": 1717305422.7139218,
    "pl": 1717305438.5016956,
    "pt-BR": 1717305454.385783,
    "ru": 1717305470.0225244,
    "tr": 1717305485.6477737
}