{
    "en-US": 1725247179.5916417,
    "ar": 1725247194.7046556,
    "de": 1725247209.8162358,
    "es-ES": 1725247224.9144893,
    "es-MX": 1725247240.0236866,
    "fr": 1725247255.1341252,
    "it": 1725247270.24448,
    "ja": 1725247285.3467507,
    "ko": 1725247300.453034,
    "pl": 1725247315.5513315,
    "pt-BR": 1725247330.6603343,
    "ru": 1725247345.7743173,
    "tr": 1725247360.8817036
}