{
    "en-US": 1721539015.4128337,
    "ar": 1721539030.5732846,
    "de": 1721539045.7458956,
    "es-ES": 1721539060.9102957,
    "es-MX": 1721539076.0848024,
    "fr": 1721539091.2647815,
    "it": 1721539106.4300594,
    "ja": 1721539121.5871685,
    "ko": 1721539136.747437,
    "pl": 1721539151.9055793,
    "pt-BR": 1721539167.0741174,
    "ru": 1721539182.2572207,
    "tr": 1721539197.420319
}