{
    "en-US": 1717669041.829398,
    "ar": 1717669057.7301602,
    "de": 1717669073.1148114,
    "es-ES": 1717669088.2350543,
    "es-MX": 1717669103.3635032,
    "fr": 1717669118.4655354,
    "it": 1717669133.5889926,
    "ja": 1717669148.6919134,
    "ko": 1717669163.8196018,
    "pl": 1717669178.926066,
    "pt-BR": 1717669194.0346918,
    "ru": 1717669209.140584,
    "tr": 1717669224.2652082
}