{
    "en-US": 1720275219.626237,
    "ar": 1720275234.7934306,
    "de": 1720275249.9801946,
    "es-ES": 1720275265.1451275,
    "es-MX": 1720275280.3299892,
    "fr": 1720275295.494071,
    "it": 1720275310.6642025,
    "ja": 1720275325.827819,
    "ko": 1720275340.991214,
    "pl": 1720275356.1509101,
    "pt-BR": 1720275371.3540697,
    "ru": 1720275386.5206225,
    "tr": 1720275401.6839604
}