{
    "en-US": 1720707324.9805033,
    "ar": 1720707340.1320875,
    "de": 1720707355.286774,
    "es-ES": 1720707370.4310622,
    "es-MX": 1720707385.6112494,
    "fr": 1720707400.7499485,
    "it": 1720707415.9011018,
    "ja": 1720707431.0366538,
    "ko": 1720707446.174483,
    "pl": 1720707461.3062782,
    "pt-BR": 1720707476.4772403,
    "ru": 1720707491.7105217,
    "tr": 1720707506.8554676
}