{
    "en-US": 1718586642.7256284,
    "ar": 1718586658.9793456,
    "de": 1718586675.0167012,
    "es-ES": 1718586690.1814759,
    "es-MX": 1718586705.295497,
    "fr": 1718586720.4076965,
    "it": 1718586735.5392547,
    "ja": 1718586750.6497865,
    "ko": 1718586765.7633443,
    "pl": 1718586780.8607297,
    "pt-BR": 1718586795.989473,
    "ru": 1718586811.0953708,
    "tr": 1718586826.2420914
}