{
    "en-US": 1722390502.3863611,
    "ar": 1722390517.5617702,
    "de": 1722390532.7328482,
    "es-ES": 1722390547.8897953,
    "es-MX": 1722390563.0514872,
    "fr": 1722390578.202499,
    "it": 1722390593.4342053,
    "ja": 1722390608.599482,
    "ko": 1722390623.7546835,
    "pl": 1722390638.9141848,
    "pt-BR": 1722390654.0889306,
    "ru": 1722390669.250623,
    "tr": 1722390684.4323971
}