{
    "en-US": 1715292859.900602,
    "ar": 1715292876.022146,
    "de": 1715292891.5548408,
    "es-ES": 1715292907.111112,
    "es-MX": 1715292922.688339,
    "fr": 1715292938.49625,
    "it": 1715292954.0641465,
    "ja": 1715292971.676961,
    "ko": 1715292988.8037252,
    "pl": 1715293004.6956077,
    "pt-BR": 1715293020.2745428,
    "ru": 1715293036.0071518,
    "tr": 1715293051.6296391
}