{
    "en-US": 1721529374.4112434,
    "ar": 1721529389.5257509,
    "de": 1721529404.6409576,
    "es-ES": 1721529419.725606,
    "es-MX": 1721529434.8416896,
    "fr": 1721529449.9272845,
    "it": 1721529465.0405319,
    "ja": 1721529480.133397,
    "ko": 1721529495.2334597,
    "pl": 1721529510.3212411,
    "pt-BR": 1721529525.4241147,
    "ru": 1721529540.5180132,
    "tr": 1721529555.625394
}