{
    "en-US": 1715008586.9372778,
    "ar": 1715008603.0405817,
    "de": 1715008618.5401785,
    "es-ES": 1715008634.0459929,
    "es-MX": 1715008649.5889177,
    "fr": 1715008665.355046,
    "it": 1715008680.9182584,
    "ja": 1715008698.4319308,
    "ko": 1715008715.4599905,
    "pl": 1715008731.090167,
    "pt-BR": 1715008746.712484,
    "ru": 1715008762.389001,
    "tr": 1715008778.0069685
}