{
    "en-US": 1722802674.8761044,
    "ar": 1722802689.9605014,
    "de": 1722802705.0651522,
    "es-ES": 1722802720.1563115,
    "es-MX": 1722802735.2480495,
    "fr": 1722802750.3273318,
    "it": 1722802765.4511213,
    "ja": 1722802780.5397348,
    "ko": 1722802795.6351092,
    "pl": 1722802810.7224872,
    "pt-BR": 1722802825.8374946,
    "ru": 1722802840.9240146,
    "tr": 1722802856.0323355
}