{
    "en-US": 1720091825.881074,
    "ar": 1720091841.066253,
    "de": 1720091856.2759025,
    "es-ES": 1720091871.4553533,
    "es-MX": 1720091886.6476855,
    "fr": 1720091901.8259451,
    "it": 1720091917.009281,
    "ja": 1720091932.1813495,
    "ko": 1720091947.3571112,
    "pl": 1720091962.534566,
    "pt-BR": 1720091977.7406096,
    "ru": 1720091992.9235408,
    "tr": 1720092008.1042998
}