{
    "en-US": 1717122679.6258337,
    "ar": 1717122695.3888636,
    "de": 1717122710.7385345,
    "es-ES": 1717122726.398009,
    "es-MX": 1717122741.8815002,
    "fr": 1717122757.3841448,
    "it": 1717122772.903848,
    "ja": 1717122789.050263,
    "ko": 1717122805.0703285,
    "pl": 1717122820.8721502,
    "pt-BR": 1717122836.3679001,
    "ru": 1717122852.10997,
    "tr": 1717122867.6520245
}