{
    "en-US": 1722114885.4690118,
    "ar": 1722114900.6155708,
    "de": 1722114915.7776785,
    "es-ES": 1722114930.8596375,
    "es-MX": 1722114945.9540262,
    "fr": 1722114961.0430245,
    "it": 1722114976.1409705,
    "ja": 1722114991.2487109,
    "ko": 1722115006.341136,
    "pl": 1722115021.4304433,
    "pt-BR": 1722115036.529408,
    "ru": 1722115051.618957,
    "tr": 1722115066.711196
}