{
    "en-US": 1724444323.5680246,
    "ar": 1724444338.7932553,
    "de": 1724444354.0182807,
    "es-ES": 1724444369.2336829,
    "es-MX": 1724444384.4983668,
    "fr": 1724444399.7287302,
    "it": 1724444414.9652681,
    "ja": 1724444430.1801858,
    "ko": 1724444445.4076173,
    "pl": 1724444460.621209,
    "pt-BR": 1724444475.869535,
    "ru": 1724444491.0675485,
    "tr": 1724444506.2573953
}