{
    "en-US": 1718738028.6490932,
    "ar": 1718738043.8052356,
    "de": 1718738058.9589515,
    "es-ES": 1718738074.069309,
    "es-MX": 1718738089.2381976,
    "fr": 1718738104.3553252,
    "it": 1718738119.5330596,
    "ja": 1718738134.6654615,
    "ko": 1718738149.8126245,
    "pl": 1718738164.927037,
    "pt-BR": 1718738180.100133,
    "ru": 1718738195.2511547,
    "tr": 1718738210.4083745
}