{
    "en-US": 1723385813.2316253,
    "ar": 1723385828.337027,
    "de": 1723385843.4324708,
    "es-ES": 1723385858.5166085,
    "es-MX": 1723385873.623027,
    "fr": 1723385888.717689,
    "it": 1723385903.8120973,
    "ja": 1723385918.8934095,
    "ko": 1723385933.9940503,
    "pl": 1723385949.0822182,
    "pt-BR": 1723385964.1783702,
    "ru": 1723385979.2924242,
    "tr": 1723385994.3788412
}