{
    "en-US": 1724109501.9224997,
    "ar": 1724109517.0883374,
    "de": 1724109532.2491405,
    "es-ES": 1724109547.409095,
    "es-MX": 1724109562.6184244,
    "fr": 1724109577.771683,
    "it": 1724109592.932131,
    "ja": 1724109608.0924728,
    "ko": 1724109623.2456653,
    "pl": 1724109638.4037502,
    "pt-BR": 1724109653.582665,
    "ru": 1724109668.7408762,
    "tr": 1724109683.908153
}