{
    "en-US": 1716661159.9288502,
    "ar": 1716661175.9291806,
    "de": 1716661191.4298253,
    "es-ES": 1716661207.1760328,
    "es-MX": 1716661222.8443537,
    "fr": 1716661238.869643,
    "it": 1716661254.481796,
    "ja": 1716661272.7404528,
    "ko": 1716661289.9431584,
    "pl": 1716661305.5746415,
    "pt-BR": 1716661321.503679,
    "ru": 1716661337.2166393,
    "tr": 1716661352.8863726
}