{
    "en-US": 1715948940.6746216,
    "ar": 1715948957.1266038,
    "de": 1715948972.6121018,
    "es-ES": 1715948988.3923402,
    "es-MX": 1715949004.2493076,
    "fr": 1715949020.0553849,
    "it": 1715949035.942521,
    "ja": 1715949054.634792,
    "ko": 1715949072.3065436,
    "pl": 1715949088.1245596,
    "pt-BR": 1715949103.694275,
    "ru": 1715949119.646272,
    "tr": 1715949135.6108932
}