{
    "en-US": 1715674847.9614637,
    "ar": 1715674863.7513595,
    "de": 1715674879.255583,
    "es-ES": 1715674894.7696311,
    "es-MX": 1715674910.335964,
    "fr": 1715674925.9283574,
    "it": 1715674941.4908614,
    "ja": 1715674957.810497,
    "ko": 1715674973.8056886,
    "pl": 1715674989.4036198,
    "pt-BR": 1715675005.003233,
    "ru": 1715675020.6049964,
    "tr": 1715675036.2049294
}