{
    "en-US": 1715577452.506967,
    "ar": 1715577468.4182723,
    "de": 1715577483.9730372,
    "es-ES": 1715577499.4825087,
    "es-MX": 1715577515.1223788,
    "fr": 1715577530.704582,
    "it": 1715577546.2814326,
    "ja": 1715577562.8005095,
    "ko": 1715577578.8891764,
    "pl": 1715577594.485485,
    "pt-BR": 1715577610.0627184,
    "ru": 1715577625.6760232,
    "tr": 1715577641.4860377
}