{
    "en-US": 1720233020.0875525,
    "ar": 1720233035.2531977,
    "de": 1720233050.4308796,
    "es-ES": 1720233065.599787,
    "es-MX": 1720233080.7777238,
    "fr": 1720233095.9393632,
    "it": 1720233111.1150646,
    "ja": 1720233126.2898338,
    "ko": 1720233141.4790552,
    "pl": 1720233156.6449327,
    "pt-BR": 1720233171.8313653,
    "ru": 1720233187.0023813,
    "tr": 1720233202.1747613
}