{
    "en-US": 1716610705.0269413,
    "ar": 1716610720.8537104,
    "de": 1716610736.2084374,
    "es-ES": 1716610751.5661545,
    "es-MX": 1716610766.9359503,
    "fr": 1716610782.6909497,
    "it": 1716610798.1784399,
    "ja": 1716610815.3003142,
    "ko": 1716610832.0116777,
    "pl": 1716610847.7452497,
    "pt-BR": 1716610863.218044,
    "ru": 1716610878.74106,
    "tr": 1716610894.2412844
}