{
    "en-US": 1724577390.1811695,
    "ar": 1724577405.3306837,
    "de": 1724577420.4925609,
    "es-ES": 1724577435.6379561,
    "es-MX": 1724577450.8120313,
    "fr": 1724577465.9514928,
    "it": 1724577481.1115615,
    "ja": 1724577496.256206,
    "ko": 1724577511.4080937,
    "pl": 1724577526.5511582,
    "pt-BR": 1724577541.7277033,
    "ru": 1724577556.8891077,
    "tr": 1724577572.0337915
}