{
    "en-US": 1720149513.425652,
    "ar": 1720149528.5368009,
    "de": 1720149543.6557527,
    "es-ES": 1720149558.7647586,
    "es-MX": 1720149573.9135773,
    "fr": 1720149589.0159938,
    "it": 1720149604.1296017,
    "ja": 1720149619.227253,
    "ko": 1720149634.3316956,
    "pl": 1720149649.4340012,
    "pt-BR": 1720149664.5836668,
    "ru": 1720149679.689531,
    "tr": 1720149694.800699
}