{
    "en-US": 1721470609.831579,
    "ar": 1721470624.948939,
    "de": 1721470640.054658,
    "es-ES": 1721470655.1631339,
    "es-MX": 1721470670.328241,
    "fr": 1721470685.4569547,
    "it": 1721470700.5716822,
    "ja": 1721470715.669763,
    "ko": 1721470730.7821054,
    "pl": 1721470745.8986795,
    "pt-BR": 1721470761.021068,
    "ru": 1721470776.143463,
    "tr": 1721470791.262417
}