{
    "en-US": 1724098701.1400263,
    "ar": 1724098716.2534938,
    "de": 1724098731.366303,
    "es-ES": 1724098746.459952,
    "es-MX": 1724098761.5722957,
    "fr": 1724098776.7019572,
    "it": 1724098791.81378,
    "ja": 1724098806.9154735,
    "ko": 1724098822.0252607,
    "pl": 1724098837.1335173,
    "pt-BR": 1724098852.3085835,
    "ru": 1724098867.4291468,
    "tr": 1724098882.5569515
}