{
    "en-US": 1722028574.1398573,
    "ar": 1722028589.2430341,
    "de": 1722028604.3432052,
    "es-ES": 1722028619.4352527,
    "es-MX": 1722028634.5441897,
    "fr": 1722028649.6630447,
    "it": 1722028664.770161,
    "ja": 1722028679.8636734,
    "ko": 1722028694.9614098,
    "pl": 1722028710.0511715,
    "pt-BR": 1722028725.171625,
    "ru": 1722028740.2832332,
    "tr": 1722028755.378877
}