{
    "en-US": 1720455642.234526,
    "ar": 1720455657.394074,
    "de": 1720455672.5689704,
    "es-ES": 1720455687.7307765,
    "es-MX": 1720455702.9075565,
    "fr": 1720455718.0593011,
    "it": 1720455733.2553205,
    "ja": 1720455748.4201264,
    "ko": 1720455763.5781832,
    "pl": 1720455778.7386415,
    "pt-BR": 1720455793.9108613,
    "ru": 1720455809.0719132,
    "tr": 1720455824.288991
}