{
    "en-US": 1722003335.3036644,
    "ar": 1722003350.4824162,
    "de": 1722003365.6650412,
    "es-ES": 1722003380.8233361,
    "es-MX": 1722003396.0264444,
    "fr": 1722003411.1814268,
    "it": 1722003426.358161,
    "ja": 1722003441.5168333,
    "ko": 1722003456.6843622,
    "pl": 1722003471.8439806,
    "pt-BR": 1722003487.0391567,
    "ru": 1722003502.1992607,
    "tr": 1722003517.372401
}