{
    "en-US": 1719987829.8157253,
    "ar": 1719987844.9869335,
    "de": 1719987860.160118,
    "es-ES": 1719987875.3276205,
    "es-MX": 1719987890.4978638,
    "fr": 1719987905.6847053,
    "it": 1719987920.8610976,
    "ja": 1719987936.0302026,
    "ko": 1719987951.201222,
    "pl": 1719987966.363737,
    "pt-BR": 1719987981.5384777,
    "ru": 1719987996.731046,
    "tr": 1719988011.9056053
}