{
    "en-US": 1716286637.839934,
    "ar": 1716286653.6912863,
    "de": 1716286669.050802,
    "es-ES": 1716286684.4413097,
    "es-MX": 1716286699.8487637,
    "fr": 1716286715.2688036,
    "it": 1716286730.718272,
    "ja": 1716286748.734097,
    "ko": 1716286766.1078203,
    "pl": 1716286781.5145645,
    "pt-BR": 1716286796.9676726,
    "ru": 1716286812.8188727,
    "tr": 1716286828.2879848
}