{
    "en-US": 1713964968.743579,
    "ar": 1713964984.684809,
    "de": 1713965000.0884376,
    "es-ES": 1713965015.4768472,
    "es-MX": 1713965030.8926756,
    "fr": 1713965046.3019097,
    "it": 1713965061.7121258,
    "ja": 1713965080.4277937,
    "ko": 1713965097.5613422,
    "pl": 1713965115.597778,
    "pt-BR": 1713965131.0325198,
    "ru": 1713965146.5785387,
    "tr": 1713965162.0204291
}