{
    "en-US": 1720070263.36876,
    "ar": 1720070278.4744222,
    "de": 1720070293.5876584,
    "es-ES": 1720070308.6895716,
    "es-MX": 1720070323.814105,
    "fr": 1720070338.9835026,
    "it": 1720070354.1101677,
    "ja": 1720070369.2220218,
    "ko": 1720070384.3300142,
    "pl": 1720070399.4332402,
    "pt-BR": 1720070414.5688415,
    "ru": 1720070429.7012498,
    "tr": 1720070444.8395867
}