{
    "en-US": 1719440126.0523596,
    "ar": 1719440141.234436,
    "de": 1719440156.4121935,
    "es-ES": 1719440171.5864668,
    "es-MX": 1719440186.7618432,
    "fr": 1719440201.9247935,
    "it": 1719440217.1206906,
    "ja": 1719440232.2950475,
    "ko": 1719440247.4704967,
    "pl": 1719440262.6494727,
    "pt-BR": 1719440277.849109,
    "ru": 1719440293.0219593,
    "tr": 1719440308.2157104
}