{
    "en-US": 1717895617.9413924,
    "ar": 1717895633.9751818,
    "de": 1717895650.0140235,
    "es-ES": 1717895665.7423096,
    "es-MX": 1717895680.938408,
    "fr": 1717895696.1206398,
    "it": 1717895711.3177989,
    "ja": 1717895726.4868033,
    "ko": 1717895741.6607058,
    "pl": 1717895756.8263898,
    "pt-BR": 1717895772.005495,
    "ru": 1717895787.1787705,
    "tr": 1717895802.365286
}