{
    "en-US": 1715163441.48834,
    "ar": 1715163457.3970258,
    "de": 1715163472.9122152,
    "es-ES": 1715163488.6183336,
    "es-MX": 1715163504.1705623,
    "fr": 1715163519.7570765,
    "it": 1715163535.309719,
    "ja": 1715163551.7675412,
    "ko": 1715163567.9561846,
    "pl": 1715163583.559009,
    "pt-BR": 1715163599.147032,
    "ru": 1715163614.7270358,
    "tr": 1715163630.3283713
}