{
    "en-US": 1724883382.755713,
    "ar": 1724883397.9312162,
    "de": 1724883413.0949662,
    "es-ES": 1724883428.2535603,
    "es-MX": 1724883443.4446216,
    "fr": 1724883458.6024902,
    "it": 1724883473.7716439,
    "ja": 1724883488.936727,
    "ko": 1724883504.0995593,
    "pl": 1724883519.2566628,
    "pt-BR": 1724883534.4809449,
    "ru": 1724883549.6412735,
    "tr": 1724883564.8171444
}