{
    "en-US": 1716570974.0572107,
    "ar": 1716570990.0615795,
    "de": 1716571005.5847769,
    "es-ES": 1716571021.5106835,
    "es-MX": 1716571037.1419868,
    "fr": 1716571052.768165,
    "it": 1716571068.5769298,
    "ja": 1716571086.115382,
    "ko": 1716571102.8949385,
    "pl": 1716571118.846735,
    "pt-BR": 1716571134.718859,
    "ru": 1716571150.6521797,
    "tr": 1716571166.3395524
}