{
    "en-US": 1715012485.211633,
    "ar": 1715012501.5334823,
    "de": 1715012517.4592445,
    "es-ES": 1715012533.2234895,
    "es-MX": 1715012549.0795453,
    "fr": 1715012564.9294953,
    "it": 1715012581.140091,
    "ja": 1715012599.9021049,
    "ko": 1715012617.5182467,
    "pl": 1715012633.3507698,
    "pt-BR": 1715012649.303783,
    "ru": 1715012665.375076,
    "tr": 1715012681.0120323
}