{
    "en-US": 1725280481.5097675,
    "ar": 1725280496.624722,
    "de": 1725280511.734757,
    "es-ES": 1725280526.8357255,
    "es-MX": 1725280541.999518,
    "fr": 1725280557.095556,
    "it": 1725280572.2079122,
    "ja": 1725280587.318643,
    "ko": 1725280602.4329607,
    "pl": 1725280617.5289545,
    "pt-BR": 1725280632.664291,
    "ru": 1725280647.7554293,
    "tr": 1725280662.8811145
}