{
    "en-US": 1723263729.5665474,
    "ar": 1723263744.681865,
    "de": 1723263759.797549,
    "es-ES": 1723263774.892258,
    "es-MX": 1723263790.007478,
    "fr": 1723263805.1106074,
    "it": 1723263820.2226977,
    "ja": 1723263835.3352082,
    "ko": 1723263850.4334474,
    "pl": 1723263865.5164385,
    "pt-BR": 1723263880.6161332,
    "ru": 1723263895.7155468,
    "tr": 1723263910.8122478
}