{
    "en-US": 1715004961.0398433,
    "ar": 1715004976.9139526,
    "de": 1715004992.2871768,
    "es-ES": 1715005007.6450853,
    "es-MX": 1715005023.0931697,
    "fr": 1715005038.5283897,
    "it": 1715005053.9732025,
    "ja": 1715005071.410083,
    "ko": 1715005088.3261383,
    "pl": 1715005103.788262,
    "pt-BR": 1715005119.2277517,
    "ru": 1715005134.919275,
    "tr": 1715005150.6363482
}