{
    "en-US": 1722154735.7565775,
    "ar": 1722154750.857074,
    "de": 1722154765.9541638,
    "es-ES": 1722154781.039648,
    "es-MX": 1722154796.1531324,
    "fr": 1722154811.2450714,
    "it": 1722154826.3656,
    "ja": 1722154841.4579446,
    "ko": 1722154856.5525923,
    "pl": 1722154871.648214,
    "pt-BR": 1722154886.7430701,
    "ru": 1722154901.8375125,
    "tr": 1722154916.9491625
}