{
    "en-US": 1718518908.4056416,
    "ar": 1718518924.4343646,
    "de": 1718518940.2016993,
    "es-ES": 1718518955.4052083,
    "es-MX": 1718518970.5875244,
    "fr": 1718518985.7615404,
    "it": 1718519000.9431243,
    "ja": 1718519016.113294,
    "ko": 1718519031.3052614,
    "pl": 1718519046.4644055,
    "pt-BR": 1718519061.635562,
    "ru": 1718519076.8062475,
    "tr": 1718519091.9823306
}