{
    "en-US": 1725225325.9664123,
    "ar": 1725225341.12723,
    "de": 1725225356.3025572,
    "es-ES": 1725225371.4646811,
    "es-MX": 1725225386.6495404,
    "fr": 1725225401.8062086,
    "it": 1725225416.9703078,
    "ja": 1725225432.157326,
    "ko": 1725225447.3166943,
    "pl": 1725225462.4728837,
    "pt-BR": 1725225477.6635365,
    "ru": 1725225492.825717,
    "tr": 1725225507.9867098
}