{
    "en-US": 1717946158.400506,
    "ar": 1717946174.4688654,
    "de": 1717946190.2410269,
    "es-ES": 1717946205.8333626,
    "es-MX": 1717946221.0500643,
    "fr": 1717946236.2325084,
    "it": 1717946251.4159055,
    "ja": 1717946266.5917928,
    "ko": 1717946281.7705715,
    "pl": 1717946296.9711802,
    "pt-BR": 1717946312.1508722,
    "ru": 1717946327.3230035,
    "tr": 1717946342.5045638
}