{
    "en-US": 1718454524.7607071,
    "ar": 1718454541.0301511,
    "de": 1718454556.9989486,
    "es-ES": 1718454572.6232512,
    "es-MX": 1718454587.7933443,
    "fr": 1718454602.9374955,
    "it": 1718454618.058627,
    "ja": 1718454633.1682298,
    "ko": 1718454648.2815104,
    "pl": 1718454663.405371,
    "pt-BR": 1718454678.5571318,
    "ru": 1718454693.668121,
    "tr": 1718454708.7876763
}