{
    "en-US": 1721423735.7755237,
    "ar": 1721423750.9438295,
    "de": 1721423766.091397,
    "es-ES": 1721423781.2715533,
    "es-MX": 1721423796.4336197,
    "fr": 1721423811.573333,
    "it": 1721423826.7514195,
    "ja": 1721423841.8920708,
    "ko": 1721423857.0428708,
    "pl": 1721423872.1820617,
    "pt-BR": 1721423887.3373752,
    "ru": 1721423902.4833484,
    "tr": 1721423917.6460614
}