{
    "en-US": 1717936136.4414852,
    "ar": 1717936152.70265,
    "de": 1717936168.597174,
    "es-ES": 1717936184.5730884,
    "es-MX": 1717936199.7100015,
    "fr": 1717936214.8405685,
    "it": 1717936229.961898,
    "ja": 1717936245.071242,
    "ko": 1717936260.1836715,
    "pl": 1717936275.3168318,
    "pt-BR": 1717936290.4314904,
    "ru": 1717936305.5465944,
    "tr": 1717936320.671144
}