{
    "en-US": 1722647449.4325573,
    "ar": 1722647464.537323,
    "de": 1722647479.6390924,
    "es-ES": 1722647494.7318602,
    "es-MX": 1722647509.8474064,
    "fr": 1722647524.9513655,
    "it": 1722647540.067788,
    "ja": 1722647555.1626093,
    "ko": 1722647570.2566006,
    "pl": 1722647585.367676,
    "pt-BR": 1722647600.4636173,
    "ru": 1722647615.552469,
    "tr": 1722647630.6751068
}