{
    "en-US": 1721874936.9094818,
    "ar": 1721874952.0652938,
    "de": 1721874967.2438476,
    "es-ES": 1721874982.3835099,
    "es-MX": 1721874997.5506449,
    "fr": 1721875012.6926203,
    "it": 1721875027.8359017,
    "ja": 1721875042.970227,
    "ko": 1721875058.1195333,
    "pl": 1721875073.2628477,
    "pt-BR": 1721875088.4572637,
    "ru": 1721875103.6007345,
    "tr": 1721875118.7442675
}