{
    "en-US": 1719364113.1444874,
    "ar": 1719364128.3245656,
    "de": 1719364143.4975102,
    "es-ES": 1719364158.6633298,
    "es-MX": 1719364173.8409164,
    "fr": 1719364189.0099459,
    "it": 1719364204.2265577,
    "ja": 1719364219.3830588,
    "ko": 1719364234.551415,
    "pl": 1719364249.711282,
    "pt-BR": 1719364264.8830607,
    "ru": 1719364280.0424352,
    "tr": 1719364295.238134
}