{
    "en-US": 1723061862.6448278,
    "ar": 1723061877.8220804,
    "de": 1723061893.0573075,
    "es-ES": 1723061908.2339468,
    "es-MX": 1723061923.4206066,
    "fr": 1723061938.5777104,
    "it": 1723061953.7687898,
    "ja": 1723061968.945835,
    "ko": 1723061984.128211,
    "pl": 1723061999.2894595,
    "pt-BR": 1723062014.4765167,
    "ru": 1723062029.654515,
    "tr": 1723062044.8386655
}