{
    "en-US": 1721164581.6988194,
    "ar": 1721164596.8626058,
    "de": 1721164612.0406218,
    "es-ES": 1721164627.2119658,
    "es-MX": 1721164642.3957686,
    "fr": 1721164657.5619233,
    "it": 1721164672.7415938,
    "ja": 1721164687.9165447,
    "ko": 1721164703.0811408,
    "pl": 1721164718.252881,
    "pt-BR": 1721164733.4475982,
    "ru": 1721164748.6105611,
    "tr": 1721164763.7859387
}