{
    "en-US": 1722662114.817979,
    "ar": 1722662129.982243,
    "de": 1722662145.146202,
    "es-ES": 1722662160.3017044,
    "es-MX": 1722662175.4716551,
    "fr": 1722662190.6287572,
    "it": 1722662205.8255703,
    "ja": 1722662220.9812033,
    "ko": 1722662236.144868,
    "pl": 1722662251.2965827,
    "pt-BR": 1722662266.4554305,
    "ru": 1722662281.6034405,
    "tr": 1722662296.7805004
}