{
    "en-US": 1717748447.6196036,
    "ar": 1717748463.6643214,
    "de": 1717748478.8085773,
    "es-ES": 1717748493.9138176,
    "es-MX": 1717748509.0233881,
    "fr": 1717748524.1164446,
    "it": 1717748539.2432566,
    "ja": 1717748554.3631096,
    "ko": 1717748569.481432,
    "pl": 1717748584.5777092,
    "pt-BR": 1717748599.692157,
    "ru": 1717748614.8001547,
    "tr": 1717748629.9009306
}