{
    "en-US": 1720980903.5853484,
    "ar": 1720980918.7609534,
    "de": 1720980933.9331553,
    "es-ES": 1720980949.0998206,
    "es-MX": 1720980964.295042,
    "fr": 1720980979.4558516,
    "it": 1720980994.627012,
    "ja": 1720981009.7850392,
    "ko": 1720981024.9480593,
    "pl": 1720981040.0987287,
    "pt-BR": 1720981055.2742026,
    "ru": 1720981070.4257076,
    "tr": 1720981085.5939565
}