{
    "en-US": 1717641112.472945,
    "ar": 1717641128.5248458,
    "de": 1717641144.0868366,
    "es-ES": 1717641159.2831652,
    "es-MX": 1717641174.478108,
    "fr": 1717641189.6574864,
    "it": 1717641204.8451815,
    "ja": 1717641220.0071003,
    "ko": 1717641235.1937199,
    "pl": 1717641250.3718734,
    "pt-BR": 1717641265.5471199,
    "ru": 1717641280.7082555,
    "tr": 1717641295.8815188
}