{
    "en-US": 1721103618.4226909,
    "ar": 1721103633.5267718,
    "de": 1721103648.6345537,
    "es-ES": 1721103663.726863,
    "es-MX": 1721103678.8403146,
    "fr": 1721103693.9342396,
    "it": 1721103709.0455165,
    "ja": 1721103724.1316235,
    "ko": 1721103739.230008,
    "pl": 1721103754.3226135,
    "pt-BR": 1721103769.4315588,
    "ru": 1721103784.5197854,
    "tr": 1721103799.6427894
}