{
    "en-US": 1725783617.926492,
    "ar": 1725783633.108999,
    "de": 1725783648.2844787,
    "es-ES": 1725783663.456494,
    "es-MX": 1725783678.6684551,
    "fr": 1725783693.82712,
    "it": 1725783709.0011206,
    "ja": 1725783724.1638603,
    "ko": 1725783739.3326938,
    "pl": 1725783754.4953575,
    "pt-BR": 1725783769.6889436,
    "ru": 1725783784.851409,
    "tr": 1725783800.0181508
}