{
    "en-US": 1714713321.6029387,
    "ar": 1714713337.398238,
    "de": 1714713352.8521247,
    "es-ES": 1714713368.281321,
    "es-MX": 1714713383.749259,
    "fr": 1714713399.2116735,
    "it": 1714713414.6645172,
    "ja": 1714713431.059767,
    "ko": 1714713447.163871,
    "pl": 1714713462.6161668,
    "pt-BR": 1714713478.0750237,
    "ru": 1714713493.536584,
    "tr": 1714713509.2323873
}