{
    "en-US": 1720406114.4943898,
    "ar": 1720406129.6504138,
    "de": 1720406144.7813356,
    "es-ES": 1720406159.8875704,
    "es-MX": 1720406175.013367,
    "fr": 1720406190.1267354,
    "it": 1720406205.2393975,
    "ja": 1720406220.3637602,
    "ko": 1720406235.4772544,
    "pl": 1720406250.5746682,
    "pt-BR": 1720406265.698169,
    "ru": 1720406280.8060374,
    "tr": 1720406295.9199498
}