{
    "en-US": 1717701317.3462124,
    "ar": 1717701333.2620683,
    "de": 1717701348.8444014,
    "es-ES": 1717701364.0444992,
    "es-MX": 1717701379.2265544,
    "fr": 1717701394.4143949,
    "it": 1717701410.1687841,
    "ja": 1717701425.3401947,
    "ko": 1717701440.5393465,
    "pl": 1717701455.7141337,
    "pt-BR": 1717701470.901049,
    "ru": 1717701486.0797796,
    "tr": 1717701501.2556489
}