{
    "en-US": 1721011100.5480337,
    "ar": 1721011115.7793977,
    "de": 1721011130.9989343,
    "es-ES": 1721011146.2098868,
    "es-MX": 1721011161.4546578,
    "fr": 1721011176.7086344,
    "it": 1721011191.9381506,
    "ja": 1721011207.169575,
    "ko": 1721011222.3845212,
    "pl": 1721011237.598273,
    "pt-BR": 1721011252.871372,
    "ru": 1721011268.0928636,
    "tr": 1721011283.3097
}