{
    "en-US": 1717964304.7653413,
    "ar": 1717964320.687399,
    "de": 1717964336.12272,
    "es-ES": 1717964351.2530365,
    "es-MX": 1717964366.3733225,
    "fr": 1717964381.4886773,
    "it": 1717964396.618144,
    "ja": 1717964411.7257853,
    "ko": 1717964426.873297,
    "pl": 1717964441.9809787,
    "pt-BR": 1717964457.109662,
    "ru": 1717964472.212738,
    "tr": 1717964487.3374796
}