{
    "en-US": 1714698409.2965627,
    "ar": 1714698425.4350321,
    "de": 1714698441.0242043,
    "es-ES": 1714698456.3888712,
    "es-MX": 1714698472.0243883,
    "fr": 1714698487.6441913,
    "it": 1714698503.2333264,
    "ja": 1714698521.8243694,
    "ko": 1714698539.6628041,
    "pl": 1714698555.5879772,
    "pt-BR": 1714698571.245927,
    "ru": 1714698587.061079,
    "tr": 1714698602.8627748
}