{
    "en-US": 1722932447.520901,
    "ar": 1722932462.6165183,
    "de": 1722932477.720926,
    "es-ES": 1722932492.8157067,
    "es-MX": 1722932507.9235387,
    "fr": 1722932523.012052,
    "it": 1722932538.126108,
    "ja": 1722932553.2177615,
    "ko": 1722932568.3151603,
    "pl": 1722932583.3994002,
    "pt-BR": 1722932598.4977634,
    "ru": 1722932613.5923913,
    "tr": 1722932628.7847989
}