{
    "en-US": 1717391863.7374218,
    "ar": 1717391879.6107037,
    "de": 1717391895.1889572,
    "es-ES": 1717391910.3172276,
    "es-MX": 1717391925.4533353,
    "fr": 1717391940.574569,
    "it": 1717391956.2213755,
    "ja": 1717391973.3259811,
    "ko": 1717391989.846086,
    "pl": 1717392005.1948733,
    "pt-BR": 1717392020.5484781,
    "ru": 1717392036.0370479,
    "tr": 1717392051.50654
}