{
    "en-US": 1717132725.2643566,
    "ar": 1717132741.0638795,
    "de": 1717132756.441894,
    "es-ES": 1717132771.8269696,
    "es-MX": 1717132787.3378518,
    "fr": 1717132802.8621695,
    "it": 1717132818.38701,
    "ja": 1717132835.3484406,
    "ko": 1717132851.7253878,
    "pl": 1717132867.2377346,
    "pt-BR": 1717132882.761177,
    "ru": 1717132898.269791,
    "tr": 1717132913.8313313
}