{
    "en-US": 1722759560.9006877,
    "ar": 1722759575.992938,
    "de": 1722759591.0991821,
    "es-ES": 1722759606.204069,
    "es-MX": 1722759621.3091319,
    "fr": 1722759636.3885598,
    "it": 1722759651.5004318,
    "ja": 1722759666.5889049,
    "ko": 1722759681.6801598,
    "pl": 1722759696.7827063,
    "pt-BR": 1722759711.8801658,
    "ru": 1722759726.9748998,
    "tr": 1722759742.077358
}