{
    "en-US": 1724336201.2995675,
    "ar": 1724336216.4000406,
    "de": 1724336231.5302625,
    "es-ES": 1724336246.6366808,
    "es-MX": 1724336261.7589407,
    "fr": 1724336276.8533838,
    "it": 1724336291.9663363,
    "ja": 1724336307.0656865,
    "ko": 1724336322.215211,
    "pl": 1724336337.3102465,
    "pt-BR": 1724336352.4407735,
    "ru": 1724336367.5503368,
    "tr": 1724336382.6651294
}