{
    "en-US": 1718109054.0121047,
    "ar": 1718109070.187856,
    "de": 1718109086.1964195,
    "es-ES": 1718109101.3423061,
    "es-MX": 1718109116.5121717,
    "fr": 1718109131.628082,
    "it": 1718109146.7709982,
    "ja": 1718109161.8868804,
    "ko": 1718109177.0339313,
    "pl": 1718109192.141955,
    "pt-BR": 1718109207.2658505,
    "ru": 1718109222.384905,
    "tr": 1718109237.5154924
}