{
    "en-US": 1724894089.930867,
    "ar": 1724894105.0986962,
    "de": 1724894120.27984,
    "es-ES": 1724894135.4411383,
    "es-MX": 1724894150.6298134,
    "fr": 1724894165.784203,
    "it": 1724894180.9579616,
    "ja": 1724894196.1201963,
    "ko": 1724894211.2853603,
    "pl": 1724894226.4459538,
    "pt-BR": 1724894241.6415339,
    "ru": 1724894256.8016162,
    "tr": 1724894271.9723458
}