{
    "en-US": 1717445828.032078,
    "ar": 1717445843.9059467,
    "de": 1717445859.3391628,
    "es-ES": 1717445874.7489488,
    "es-MX": 1717445890.288451,
    "fr": 1717445905.8766785,
    "it": 1717445921.4245164,
    "ja": 1717445938.736873,
    "ko": 1717445955.0701349,
    "pl": 1717445970.6804264,
    "pt-BR": 1717445986.4773366,
    "ru": 1717446002.124764,
    "tr": 1717446017.748765
}