{
    "en-US": 1716113731.0539389,
    "ar": 1716113747.092063,
    "de": 1716113762.5369167,
    "es-ES": 1716113777.8601859,
    "es-MX": 1716113793.2664545,
    "fr": 1716113808.8573685,
    "it": 1716113824.2426608,
    "ja": 1716113841.6397743,
    "ko": 1716113858.2503695,
    "pl": 1716113873.6654503,
    "pt-BR": 1716113889.0778477,
    "ru": 1716113904.531578,
    "tr": 1716113919.967366
}