{
    "en-US": 1718641265.639135,
    "ar": 1718641280.811437,
    "de": 1718641296.0022938,
    "es-ES": 1718641311.1088502,
    "es-MX": 1718641326.3041017,
    "fr": 1718641341.4745684,
    "it": 1718641356.6643403,
    "ja": 1718641371.7813182,
    "ko": 1718641386.9087052,
    "pl": 1718641402.053632,
    "pt-BR": 1718641417.1769183,
    "ru": 1718641432.2785375,
    "tr": 1718641447.426385
}