{
    "en-US": 1714929176.5861137,
    "ar": 1714929192.3080611,
    "de": 1714929207.7171652,
    "es-ES": 1714929223.1359527,
    "es-MX": 1714929238.5949912,
    "fr": 1714929254.0443137,
    "it": 1714929269.514976,
    "ja": 1714929285.9212139,
    "ko": 1714929301.8750284,
    "pl": 1714929317.3318744,
    "pt-BR": 1714929332.80565,
    "ru": 1714929348.3059034,
    "tr": 1714929364.0169299
}