{
    "en-US": 1722313163.4368482,
    "ar": 1722313178.6017237,
    "de": 1722313193.7834756,
    "es-ES": 1722313208.9578698,
    "es-MX": 1722313224.1458056,
    "fr": 1722313239.2995853,
    "it": 1722313254.47288,
    "ja": 1722313269.6381602,
    "ko": 1722313284.8029914,
    "pl": 1722313299.9755466,
    "pt-BR": 1722313315.1787155,
    "ru": 1722313330.3486805,
    "tr": 1722313345.510044
}