{
    "en-US": 1717593581.5940688,
    "ar": 1717593597.5824323,
    "de": 1717593613.3620338,
    "es-ES": 1717593628.4872706,
    "es-MX": 1717593643.6492622,
    "fr": 1717593658.7755685,
    "it": 1717593673.9178314,
    "ja": 1717593689.0327914,
    "ko": 1717593704.1586893,
    "pl": 1717593719.2678368,
    "pt-BR": 1717593734.4248931,
    "ru": 1717593749.5501385,
    "tr": 1717593764.682683
}