{
    "en-US": 1723997944.190504,
    "ar": 1723997959.2873466,
    "de": 1723997974.4421222,
    "es-ES": 1723997989.5355966,
    "es-MX": 1723998004.6401136,
    "fr": 1723998019.742554,
    "it": 1723998034.891343,
    "ja": 1723998050.0646152,
    "ko": 1723998065.1701686,
    "pl": 1723998080.2590232,
    "pt-BR": 1723998095.3571312,
    "ru": 1723998110.4695125,
    "tr": 1723998125.6043684
}