{
    "en-US": 1717060669.6480758,
    "ar": 1717060685.7221994,
    "de": 1717060701.252948,
    "es-ES": 1717060716.8170345,
    "es-MX": 1717060732.448911,
    "fr": 1717060748.0834734,
    "it": 1717060764.1416671,
    "ja": 1717060780.919827,
    "ko": 1717060797.3787756,
    "pl": 1717060813.0446758,
    "pt-BR": 1717060828.7098818,
    "ru": 1717060844.386628,
    "tr": 1717060860.061132
}