{
    "en-US": 1717366492.1573849,
    "ar": 1717366507.918553,
    "de": 1717366523.3031988,
    "es-ES": 1717366538.6468115,
    "es-MX": 1717366554.118758,
    "fr": 1717366569.8071978,
    "it": 1717366585.3119855,
    "ja": 1717366602.6981492,
    "ko": 1717366619.324266,
    "pl": 1717366634.6976635,
    "pt-BR": 1717366650.1673582,
    "ru": 1717366665.6917634,
    "tr": 1717366681.1989846
}