{
    "en-US": 1719483537.381135,
    "ar": 1719483552.511612,
    "de": 1719483567.640059,
    "es-ES": 1719483582.7377236,
    "es-MX": 1719483597.8760157,
    "fr": 1719483612.99408,
    "it": 1719483628.1336143,
    "ja": 1719483643.2403793,
    "ko": 1719483658.3556635,
    "pl": 1719483673.5492427,
    "pt-BR": 1719483688.6820793,
    "ru": 1719483703.7924564,
    "tr": 1719483718.9201775
}