{
    "en-US": 1717222845.7021804,
    "ar": 1717222861.6940358,
    "de": 1717222877.0483792,
    "es-ES": 1717222892.6145396,
    "es-MX": 1717222908.2715955,
    "fr": 1717222923.966602,
    "it": 1717222939.4478393,
    "ja": 1717222956.5777767,
    "ko": 1717222973.048442,
    "pl": 1717222988.7312312,
    "pt-BR": 1717223004.4480646,
    "ru": 1717223020.479226,
    "tr": 1717223036.0129068
}