{
    "en-US": 1719325039.4871936,
    "ar": 1719325054.6146514,
    "de": 1719325069.7465644,
    "es-ES": 1719325084.8794918,
    "es-MX": 1719325100.0065506,
    "fr": 1719325115.1151237,
    "it": 1719325130.3197484,
    "ja": 1719325145.4483638,
    "ko": 1719325160.5921242,
    "pl": 1719325175.704023,
    "pt-BR": 1719325190.8357532,
    "ru": 1719325205.9612865,
    "tr": 1719325221.1245365
}