{
    "en-US": 1726010223.5178251,
    "ar": 1726010238.6801226,
    "de": 1726010253.84917,
    "es-ES": 1726010269.0033262,
    "es-MX": 1726010284.1949747,
    "fr": 1726010299.3489704,
    "it": 1726010314.5237863,
    "ja": 1726010329.685889,
    "ko": 1726010344.8438928,
    "pl": 1726010360.0075936,
    "pt-BR": 1726010375.1878736,
    "ru": 1726010390.3494825,
    "tr": 1726010405.512028
}