{
    "en-US": 1715555775.4261358,
    "ar": 1715555791.337106,
    "de": 1715555806.7121725,
    "es-ES": 1715555822.2869272,
    "es-MX": 1715555837.952079,
    "fr": 1715555853.400782,
    "it": 1715555868.8151555,
    "ja": 1715555886.2049575,
    "ko": 1715555902.8211138,
    "pl": 1715555918.3479383,
    "pt-BR": 1715555933.775703,
    "ru": 1715555949.294144,
    "tr": 1715555964.9468696
}