{
    "en-US": 1724480558.4388506,
    "ar": 1724480573.546412,
    "de": 1724480588.660379,
    "es-ES": 1724480603.757121,
    "es-MX": 1724480618.8650353,
    "fr": 1724480633.9580019,
    "it": 1724480649.069868,
    "ja": 1724480664.1637132,
    "ko": 1724480679.2620802,
    "pl": 1724480694.3568475,
    "pt-BR": 1724480709.4903407,
    "ru": 1724480724.585057,
    "tr": 1724480739.7136407
}