{
    "en-US": 1722950430.8599944,
    "ar": 1722950446.0290873,
    "de": 1722950461.2123296,
    "es-ES": 1722950476.395932,
    "es-MX": 1722950491.5796626,
    "fr": 1722950506.753132,
    "it": 1722950521.9539905,
    "ja": 1722950537.1280138,
    "ko": 1722950552.3239872,
    "pl": 1722950567.499167,
    "pt-BR": 1722950582.6853135,
    "ru": 1722950599.2834907,
    "tr": 1722950614.5088246
}