{
    "en-US": 1720772492.604418,
    "ar": 1720772507.721326,
    "de": 1720772522.8346572,
    "es-ES": 1720772537.9374774,
    "es-MX": 1720772553.0694718,
    "fr": 1720772568.1760855,
    "it": 1720772583.2725587,
    "ja": 1720772598.3600361,
    "ko": 1720772613.452095,
    "pl": 1720772628.5507903,
    "pt-BR": 1720772643.6751556,
    "ru": 1720772658.7629795,
    "tr": 1720772673.8600416
}