{
    "en-US": 1716858404.234545,
    "ar": 1716858420.6028364,
    "de": 1716858436.4271872,
    "es-ES": 1716858452.2487216,
    "es-MX": 1716858468.2219594,
    "fr": 1716858483.862911,
    "it": 1716858499.8975234,
    "ja": 1716858517.5349667,
    "ko": 1716858532.7862923,
    "pl": 1716858547.9840477,
    "pt-BR": 1716858564.1296782,
    "ru": 1716858580.046727,
    "tr": 1716858596.133049
}