{
    "en-US": 1717722617.8566835,
    "ar": 1717722634.1244173,
    "de": 1717722650.1209757,
    "es-ES": 1717722665.8285818,
    "es-MX": 1717722680.9796498,
    "fr": 1717722696.0981357,
    "it": 1717722711.3354652,
    "ja": 1717722726.4510918,
    "ko": 1717722741.5588706,
    "pl": 1717722756.6553402,
    "pt-BR": 1717722771.764226,
    "ru": 1717722786.894633,
    "tr": 1717722802.0452716
}