{
    "en-US": 1721466998.7328234,
    "ar": 1721467013.9060423,
    "de": 1721467029.0703452,
    "es-ES": 1721467044.2237718,
    "es-MX": 1721467059.405706,
    "fr": 1721467074.5610754,
    "it": 1721467089.7344627,
    "ja": 1721467104.8854175,
    "ko": 1721467120.0440636,
    "pl": 1721467135.1930165,
    "pt-BR": 1721467150.3685694,
    "ru": 1721467165.5214095,
    "tr": 1721467180.6763585
}