{
    "en-US": 1722986249.0010183,
    "ar": 1722986264.1055253,
    "de": 1722986279.222785,
    "es-ES": 1722986294.319354,
    "es-MX": 1722986309.4560664,
    "fr": 1722986324.5606167,
    "it": 1722986339.6700544,
    "ja": 1722986354.7739446,
    "ko": 1722986369.8870318,
    "pl": 1722986384.9746277,
    "pt-BR": 1722986400.127446,
    "ru": 1722986415.2262907,
    "tr": 1722986430.336422
}