{
    "en-US": 1719605790.395926,
    "ar": 1719605805.5578358,
    "de": 1719605820.758773,
    "es-ES": 1719605835.9240782,
    "es-MX": 1719605851.0874307,
    "fr": 1719605866.246783,
    "it": 1719605881.4118876,
    "ja": 1719605896.57856,
    "ko": 1719605911.7673354,
    "pl": 1719605926.9266765,
    "pt-BR": 1719605942.1054783,
    "ru": 1719605957.2700527,
    "tr": 1719605972.4332323
}