{
    "en-US": 1725445140.3865767,
    "ar": 1725445155.577523,
    "de": 1725445170.7587266,
    "es-ES": 1725445185.9390604,
    "es-MX": 1725445201.1436212,
    "fr": 1725445216.3149962,
    "it": 1725445231.5118723,
    "ja": 1725445246.6859436,
    "ko": 1725445261.8660831,
    "pl": 1725445277.044258,
    "pt-BR": 1725445292.2515216,
    "ru": 1725445307.4251351,
    "tr": 1725445322.6222172
}