{
    "en-US": 1720919730.5950716,
    "ar": 1720919745.7504184,
    "de": 1720919760.9137325,
    "es-ES": 1720919776.0752027,
    "es-MX": 1720919791.2565765,
    "fr": 1720919806.4195075,
    "it": 1720919821.5929766,
    "ja": 1720919836.7471771,
    "ko": 1720919851.915821,
    "pl": 1720919867.084121,
    "pt-BR": 1720919882.2792974,
    "ru": 1720919897.4397087,
    "tr": 1720919912.6210732
}