{
    "en-US": 1719840033.9272199,
    "ar": 1719840049.0605235,
    "de": 1719840064.1867626,
    "es-ES": 1719840079.2866573,
    "es-MX": 1719840094.4138587,
    "fr": 1719840109.517536,
    "it": 1719840124.662332,
    "ja": 1719840139.7899566,
    "ko": 1719840154.8926158,
    "pl": 1719840169.9942675,
    "pt-BR": 1719840185.1105676,
    "ru": 1719840200.211604,
    "tr": 1719840215.3519914
}