{
    "en-US": 1724343844.4750566,
    "ar": 1724343859.5859938,
    "de": 1724343874.7369223,
    "es-ES": 1724343889.825738,
    "es-MX": 1724343904.940745,
    "fr": 1724343920.0600522,
    "it": 1724343935.1771092,
    "ja": 1724343950.2691267,
    "ko": 1724343965.3743544,
    "pl": 1724343980.4667103,
    "pt-BR": 1724343995.5825267,
    "ru": 1724344010.6972492,
    "tr": 1724344025.811446
}