{
    "en-US": 1725491928.2888548,
    "ar": 1725491943.4160423,
    "de": 1725491958.5405326,
    "es-ES": 1725491973.658075,
    "es-MX": 1725491988.8445961,
    "fr": 1725492003.967617,
    "it": 1725492019.1100824,
    "ja": 1725492034.239514,
    "ko": 1725492049.3571198,
    "pl": 1725492064.4944003,
    "pt-BR": 1725492079.6512887,
    "ru": 1725492094.7866075,
    "tr": 1725492109.9148436
}