{
    "en-US": 1719566267.4525943,
    "ar": 1719566282.6090102,
    "de": 1719566297.7716713,
    "es-ES": 1719566312.9205346,
    "es-MX": 1719566328.0993037,
    "fr": 1719566343.2456458,
    "it": 1719566358.42417,
    "ja": 1719566373.5804958,
    "ko": 1719566388.7365255,
    "pl": 1719566403.8904104,
    "pt-BR": 1719566419.051589,
    "ru": 1719566434.2110052,
    "tr": 1719566449.3778799
}