{
    "en-US": 1725931014.3322153,
    "ar": 1725931029.4451447,
    "de": 1725931044.5574706,
    "es-ES": 1725931059.6665912,
    "es-MX": 1725931074.803432,
    "fr": 1725931089.9148881,
    "it": 1725931105.0283191,
    "ja": 1725931120.1369581,
    "ko": 1725931135.251619,
    "pl": 1725931150.3500416,
    "pt-BR": 1725931165.4843998,
    "ru": 1725931180.59687,
    "tr": 1725931195.711506
}