{
    "en-US": 1720343855.290292,
    "ar": 1720343870.5252416,
    "de": 1720343885.769198,
    "es-ES": 1720343901.0180588,
    "es-MX": 1720343916.2704468,
    "fr": 1720343931.5086987,
    "it": 1720343946.755157,
    "ja": 1720343961.99106,
    "ko": 1720343977.229279,
    "pl": 1720343992.4611163,
    "pt-BR": 1720344007.7387395,
    "ru": 1720344022.98387,
    "tr": 1720344038.222592
}