{
    "en-US": 1722806165.6986501,
    "ar": 1722806180.865526,
    "de": 1722806196.0386622,
    "es-ES": 1722806211.2007554,
    "es-MX": 1722806226.3791988,
    "fr": 1722806241.5427425,
    "it": 1722806256.7087758,
    "ja": 1722806271.8677564,
    "ko": 1722806287.0280354,
    "pl": 1722806302.1868277,
    "pt-BR": 1722806317.3782947,
    "ru": 1722806332.535466,
    "tr": 1722806347.7109857
}