{
    "en-US": 1721499711.204243,
    "ar": 1721499726.3792837,
    "de": 1721499741.5522497,
    "es-ES": 1721499756.7064223,
    "es-MX": 1721499771.9032586,
    "fr": 1721499787.0524342,
    "it": 1721499802.2243514,
    "ja": 1721499817.3782582,
    "ko": 1721499832.5483143,
    "pl": 1721499847.7042875,
    "pt-BR": 1721499862.8872306,
    "ru": 1721499878.045473,
    "tr": 1721499893.208962
}