{
    "en-US": 1718094068.1148522,
    "ar": 1718094084.0517828,
    "de": 1718094100.0356462,
    "es-ES": 1718094115.1720693,
    "es-MX": 1718094130.2916398,
    "fr": 1718094145.3925493,
    "it": 1718094160.5026448,
    "ja": 1718094175.6065133,
    "ko": 1718094190.7519379,
    "pl": 1718094205.8496037,
    "pt-BR": 1718094220.9622512,
    "ru": 1718094236.0598853,
    "tr": 1718094251.186853
}