{
    "en-US": 1723666690.5894196,
    "ar": 1723666705.753499,
    "de": 1723666720.979532,
    "es-ES": 1723666736.1635332,
    "es-MX": 1723666751.3638017,
    "fr": 1723666766.532644,
    "it": 1723666781.7160726,
    "ja": 1723666796.878659,
    "ko": 1723666812.0512476,
    "pl": 1723666827.2624354,
    "pt-BR": 1723666842.4756758,
    "ru": 1723666857.638471,
    "tr": 1723666872.8164878
}