{
    "en-US": 1723932925.9019454,
    "ar": 1723932941.0177815,
    "de": 1723932956.1194437,
    "es-ES": 1723932971.2023022,
    "es-MX": 1723932986.3344724,
    "fr": 1723933001.4094117,
    "it": 1723933016.5193267,
    "ja": 1723933031.6064317,
    "ko": 1723933046.6986885,
    "pl": 1723933061.7824192,
    "pt-BR": 1723933076.8892212,
    "ru": 1723933091.9715824,
    "tr": 1723933107.0633764
}