{
    "en-US": 1718252399.3690028,
    "ar": 1718252415.268596,
    "de": 1718252430.6862867,
    "es-ES": 1718252445.819,
    "es-MX": 1718252460.983769,
    "fr": 1718252476.0919113,
    "it": 1718252491.2183237,
    "ja": 1718252506.3343565,
    "ko": 1718252521.5255191,
    "pl": 1718252536.643517,
    "pt-BR": 1718252551.7633538,
    "ru": 1718252566.8790371,
    "tr": 1718252582.0127854
}