{
    "en-US": 1720487412.5054066,
    "ar": 1720487427.6786478,
    "de": 1720487442.8555315,
    "es-ES": 1720487458.012476,
    "es-MX": 1720487473.2201755,
    "fr": 1720487488.396572,
    "it": 1720487503.5673523,
    "ja": 1720487518.7337034,
    "ko": 1720487533.9326773,
    "pl": 1720487549.087743,
    "pt-BR": 1720487564.2803366,
    "ru": 1720487579.4325428,
    "tr": 1720487594.6127355
}