{
    "en-US": 1716913197.8861568,
    "ar": 1716913213.7195113,
    "de": 1716913229.081451,
    "es-ES": 1716913244.4580045,
    "es-MX": 1716913259.961576,
    "fr": 1716913275.531505,
    "it": 1716913291.0548189,
    "ja": 1716913308.1063337,
    "ko": 1716913324.425782,
    "pl": 1716913340.2971473,
    "pt-BR": 1716913355.849088,
    "ru": 1716913371.7823808,
    "tr": 1716913387.504269
}