{
    "en-US": 1717036307.2845864,
    "ar": 1717036323.0351295,
    "de": 1717036338.382456,
    "es-ES": 1717036353.722588,
    "es-MX": 1717036369.207068,
    "fr": 1717036384.6744742,
    "it": 1717036400.1511455,
    "ja": 1717036417.4077644,
    "ko": 1717036434.2714734,
    "pl": 1717036449.7406843,
    "pt-BR": 1717036465.2166836,
    "ru": 1717036480.9242895,
    "tr": 1717036496.4623926
}