{
    "en-US": 1720880042.3158803,
    "ar": 1720880057.4145086,
    "de": 1720880072.5121431,
    "es-ES": 1720880087.5983644,
    "es-MX": 1720880102.7095337,
    "fr": 1720880117.7873905,
    "it": 1720880132.908601,
    "ja": 1720880147.9988437,
    "ko": 1720880163.0889282,
    "pl": 1720880178.244116,
    "pt-BR": 1720880193.3571076,
    "ru": 1720880208.4525623,
    "tr": 1720880223.567198
}