{
    "en-US": 1718515023.210286,
    "ar": 1718515039.0915236,
    "de": 1718515054.783208,
    "es-ES": 1718515069.914708,
    "es-MX": 1718515085.0351255,
    "fr": 1718515100.1330328,
    "it": 1718515115.244527,
    "ja": 1718515130.3396623,
    "ko": 1718515145.4750054,
    "pl": 1718515160.5721178,
    "pt-BR": 1718515175.6826613,
    "ru": 1718515190.7829845,
    "tr": 1718515205.9010909
}