{
    "en-US": 1718990250.533397,
    "ar": 1718990265.675135,
    "de": 1718990280.8609734,
    "es-ES": 1718990295.9705307,
    "es-MX": 1718990311.1287465,
    "fr": 1718990326.2699702,
    "it": 1718990341.4363637,
    "ja": 1718990356.5467596,
    "ko": 1718990371.66873,
    "pl": 1718990386.7889903,
    "pt-BR": 1718990402.3064554,
    "ru": 1718990417.4809177,
    "tr": 1718990432.6035757
}