{
    "en-US": 1719177267.2305892,
    "ar": 1719177282.440039,
    "de": 1719177297.669912,
    "es-ES": 1719177312.8361902,
    "es-MX": 1719177328.0095203,
    "fr": 1719177343.1755426,
    "it": 1719177358.387783,
    "ja": 1719177373.5570858,
    "ko": 1719177388.753847,
    "pl": 1719177403.9251819,
    "pt-BR": 1719177419.102003,
    "ru": 1719177434.2754354,
    "tr": 1719177449.472711
}