{
    "en-US": 1717395739.1745968,
    "ar": 1717395755.9906118,
    "de": 1717395771.3702867,
    "es-ES": 1717395786.9919975,
    "es-MX": 1717395802.4778054,
    "fr": 1717395817.9636145,
    "it": 1717395833.4531047,
    "ja": 1717395850.5590475,
    "ko": 1717395867.0604825,
    "pl": 1717395882.5568216,
    "pt-BR": 1717395898.0321014,
    "ru": 1717395913.5609758,
    "tr": 1717395929.0962083
}