{
    "en-US": 1724249871.914767,
    "ar": 1724249887.0169082,
    "de": 1724249902.1603804,
    "es-ES": 1724249917.271863,
    "es-MX": 1724249932.4056036,
    "fr": 1724249947.5096593,
    "it": 1724249962.6152477,
    "ja": 1724249977.7102854,
    "ko": 1724249992.8187196,
    "pl": 1724250007.9065912,
    "pt-BR": 1724250023.0474868,
    "ru": 1724250038.1395428,
    "tr": 1724250053.2543018
}