{
    "en-US": 1722309653.1694598,
    "ar": 1722309668.33369,
    "de": 1722309683.5148506,
    "es-ES": 1722309698.6836655,
    "es-MX": 1722309713.8452306,
    "fr": 1722309728.9973638,
    "it": 1722309744.2060807,
    "ja": 1722309759.362776,
    "ko": 1722309774.5224152,
    "pl": 1722309789.7322829,
    "pt-BR": 1722309804.8998516,
    "ru": 1722309820.0816762,
    "tr": 1722309835.2619271
}