{
    "en-US": 1716135522.9322479,
    "ar": 1716135539.084114,
    "de": 1716135554.491917,
    "es-ES": 1716135569.9523597,
    "es-MX": 1716135585.4311392,
    "fr": 1716135600.8761578,
    "it": 1716135616.3699384,
    "ja": 1716135634.0834048,
    "ko": 1716135650.7142723,
    "pl": 1716135666.2232506,
    "pt-BR": 1716135681.7350543,
    "ru": 1716135697.2729383,
    "tr": 1716135712.788558
}