{
    "en-US": 1723803521.315302,
    "ar": 1723803536.4915967,
    "de": 1723803551.6669123,
    "es-ES": 1723803566.8279338,
    "es-MX": 1723803581.9844136,
    "fr": 1723803597.135865,
    "it": 1723803612.295498,
    "ja": 1723803627.4700878,
    "ko": 1723803642.6301322,
    "pl": 1723803657.7844265,
    "pt-BR": 1723803672.9725537,
    "ru": 1723803688.136173,
    "tr": 1723803703.2947755
}