{
    "en-US": 1718356662.8012486,
    "ar": 1718356679.1747196,
    "de": 1718356694.7077956,
    "es-ES": 1718356709.8964133,
    "es-MX": 1718356725.067304,
    "fr": 1718356740.2352698,
    "it": 1718356755.4019296,
    "ja": 1718356770.5705972,
    "ko": 1718356785.7508085,
    "pl": 1718356800.9260085,
    "pt-BR": 1718356816.1948607,
    "ru": 1718356831.3623855,
    "tr": 1718356846.5383644
}