{
    "en-US": 1724862181.04846,
    "ar": 1724862196.2460654,
    "de": 1724862211.424298,
    "es-ES": 1724862226.5862756,
    "es-MX": 1724862241.7670202,
    "fr": 1724862256.9941986,
    "it": 1724862272.2019634,
    "ja": 1724862287.3680243,
    "ko": 1724862302.5404694,
    "pl": 1724862317.7163844,
    "pt-BR": 1724862332.9091585,
    "ru": 1724862348.0972352,
    "tr": 1724862363.2661526
}