{
    "en-US": 1718505344.607847,
    "ar": 1718505359.7510266,
    "de": 1718505374.929848,
    "es-ES": 1718505390.0356946,
    "es-MX": 1718505405.1550057,
    "fr": 1718505420.2623816,
    "it": 1718505435.4222436,
    "ja": 1718505450.5356886,
    "ko": 1718505465.662466,
    "pl": 1718505480.7940588,
    "pt-BR": 1718505495.9091303,
    "ru": 1718505511.0247202,
    "tr": 1718505526.1654017
}