{
    "en-US": 1718554692.5124636,
    "ar": 1718554707.7137249,
    "de": 1718554722.9155054,
    "es-ES": 1718554738.082597,
    "es-MX": 1718554753.2613544,
    "fr": 1718554768.4211323,
    "it": 1718554783.614655,
    "ja": 1718554798.779613,
    "ko": 1718554813.9595687,
    "pl": 1718554829.1232014,
    "pt-BR": 1718554844.3015943,
    "ru": 1718554859.475283,
    "tr": 1718554874.6869764
}