{
    "en-US": 1724899266.73068,
    "ar": 1724899281.8366063,
    "de": 1724899296.949502,
    "es-ES": 1724899312.0493412,
    "es-MX": 1724899327.1698053,
    "fr": 1724899342.292502,
    "it": 1724899357.4049768,
    "ja": 1724899372.4926186,
    "ko": 1724899387.6131153,
    "pl": 1724899402.7042096,
    "pt-BR": 1724899417.8110945,
    "ru": 1724899432.9326675,
    "tr": 1724899448.032845
}