{
    "en-US": 1717463269.8098965,
    "ar": 1717463285.9501524,
    "de": 1717463301.6404526,
    "es-ES": 1717463317.0231874,
    "es-MX": 1717463332.8705719,
    "fr": 1717463348.601822,
    "it": 1717463364.370089,
    "ja": 1717463382.0975387,
    "ko": 1717463399.2360947,
    "pl": 1717463415.0596735,
    "pt-BR": 1717463430.8859801,
    "ru": 1717463446.879407,
    "tr": 1717463462.7398167
}