{
    "en-US": 1718655330.557905,
    "ar": 1718655346.5608,
    "de": 1718655362.0501719,
    "es-ES": 1718655377.195264,
    "es-MX": 1718655392.3646438,
    "fr": 1718655407.520968,
    "it": 1718655422.644861,
    "ja": 1718655437.770127,
    "ko": 1718655452.9491916,
    "pl": 1718655468.0599768,
    "pt-BR": 1718655483.1931407,
    "ru": 1718655498.3075776,
    "tr": 1718655513.4547942
}