{
    "en-US": 1723717178.169053,
    "ar": 1723717193.3309164,
    "de": 1723717208.502244,
    "es-ES": 1723717223.667227,
    "es-MX": 1723717238.8359008,
    "fr": 1723717253.9937184,
    "it": 1723717269.1549606,
    "ja": 1723717284.3111606,
    "ko": 1723717299.4721296,
    "pl": 1723717314.6300182,
    "pt-BR": 1723717329.815992,
    "ru": 1723717344.9731333,
    "tr": 1723717360.131531
}