{
    "en-US": 1716387318.5164404,
    "ar": 1716387334.4226484,
    "de": 1716387349.8380778,
    "es-ES": 1716387365.276947,
    "es-MX": 1716387380.681896,
    "fr": 1716387396.1324809,
    "it": 1716387411.564029,
    "ja": 1716387430.8890264,
    "ko": 1716387448.135986,
    "pl": 1716387463.8401873,
    "pt-BR": 1716387479.2778447,
    "ru": 1716387494.8707993,
    "tr": 1716387510.3744092
}