{
    "en-US": 1723925812.932208,
    "ar": 1723925828.0903642,
    "de": 1723925843.254097,
    "es-ES": 1723925858.4111552,
    "es-MX": 1723925873.5902674,
    "fr": 1723925888.7483392,
    "it": 1723925903.9244893,
    "ja": 1723925919.0841484,
    "ko": 1723925934.243978,
    "pl": 1723925949.3962872,
    "pt-BR": 1723925964.5750575,
    "ru": 1723925979.7342005,
    "tr": 1723925994.8951666
}