{
    "en-US": 1715069975.2589457,
    "ar": 1715069991.1958394,
    "de": 1715070006.6053371,
    "es-ES": 1715070022.00052,
    "es-MX": 1715070037.4404488,
    "fr": 1715070053.0884526,
    "it": 1715070068.5606475,
    "ja": 1715070086.283149,
    "ko": 1715070103.045595,
    "pl": 1715070118.504229,
    "pt-BR": 1715070133.9544837,
    "ru": 1715070149.4516346,
    "tr": 1715070164.9692433
}