{
    "en-US": 1720239588.169115,
    "ar": 1720239603.3640199,
    "de": 1720239618.558123,
    "es-ES": 1720239633.7325232,
    "es-MX": 1720239648.9324143,
    "fr": 1720239664.1068578,
    "it": 1720239679.3486733,
    "ja": 1720239694.5178466,
    "ko": 1720239709.7130866,
    "pl": 1720239724.8898504,
    "pt-BR": 1720239740.0767775,
    "ru": 1720239755.2515638,
    "tr": 1720239770.454277
}