{
    "en-US": 1722874841.268807,
    "ar": 1722874856.3860755,
    "de": 1722874871.5208912,
    "es-ES": 1722874886.6460407,
    "es-MX": 1722874901.7601798,
    "fr": 1722874916.8755481,
    "it": 1722874932.017535,
    "ja": 1722874947.1392355,
    "ko": 1722874962.2571318,
    "pl": 1722874977.3654037,
    "pt-BR": 1722874992.5304298,
    "ru": 1722875007.6398594,
    "tr": 1722875022.782842
}