{
    "en-US": 1722864047.698873,
    "ar": 1722864062.803553,
    "de": 1722864077.9029303,
    "es-ES": 1722864092.9942815,
    "es-MX": 1722864108.1091568,
    "fr": 1722864123.1909614,
    "it": 1722864138.2962148,
    "ja": 1722864153.3836513,
    "ko": 1722864168.4728792,
    "pl": 1722864183.55519,
    "pt-BR": 1722864198.685045,
    "ru": 1722864213.7784715,
    "tr": 1722864228.879576
}