{
    "en-US": 1723731330.2961915,
    "ar": 1723731345.4042788,
    "de": 1723731360.5405395,
    "es-ES": 1723731375.6425118,
    "es-MX": 1723731390.7757924,
    "fr": 1723731405.913734,
    "it": 1723731421.0614839,
    "ja": 1723731436.178706,
    "ko": 1723731451.2924056,
    "pl": 1723731466.392434,
    "pt-BR": 1723731481.554643,
    "ru": 1723731496.688122,
    "tr": 1723731511.8084002
}