{
    "en-US": 1723652611.6995502,
    "ar": 1723652626.8614204,
    "de": 1723652642.0264416,
    "es-ES": 1723652657.1849031,
    "es-MX": 1723652672.367856,
    "fr": 1723652687.5236776,
    "it": 1723652702.683895,
    "ja": 1723652717.8470085,
    "ko": 1723652733.0072908,
    "pl": 1723652748.167017,
    "pt-BR": 1723652763.3476005,
    "ru": 1723652778.5054107,
    "tr": 1723652793.6679418
}