{
    "en-US": 1725398209.615414,
    "ar": 1725398224.7201846,
    "de": 1725398239.8348117,
    "es-ES": 1725398254.92651,
    "es-MX": 1725398270.0851297,
    "fr": 1725398285.1885004,
    "it": 1725398300.301061,
    "ja": 1725398315.3883166,
    "ko": 1725398330.4878075,
    "pl": 1725398345.5888124,
    "pt-BR": 1725398360.7170117,
    "ru": 1725398375.8181744,
    "tr": 1725398390.9220517
}