{
    "en-US": 1717417844.5197818,
    "ar": 1717417861.0448744,
    "de": 1717417876.984519,
    "es-ES": 1717417892.7987206,
    "es-MX": 1717417908.4838705,
    "fr": 1717417924.443803,
    "it": 1717417939.6763427,
    "ja": 1717417954.845579,
    "ko": 1717417970.011366,
    "pl": 1717417985.9557178,
    "pt-BR": 1717418001.7733202,
    "ru": 1717418017.6457784,
    "tr": 1717418033.4796412
}