{
    "en-US": 1720765434.853159,
    "ar": 1720765449.953088,
    "de": 1720765465.075616,
    "es-ES": 1720765480.1679628,
    "es-MX": 1720765495.280986,
    "fr": 1720765510.3786318,
    "it": 1720765525.4966388,
    "ja": 1720765540.5860097,
    "ko": 1720765555.6794808,
    "pl": 1720765570.7759626,
    "pt-BR": 1720765585.8717933,
    "ru": 1720765600.9671667,
    "tr": 1720765616.0826776
}