{
    "en-US": 1718169375.7549412,
    "ar": 1718169391.5990152,
    "de": 1718169406.9961007,
    "es-ES": 1718169422.137347,
    "es-MX": 1718169437.258853,
    "fr": 1718169452.3668065,
    "it": 1718169467.4765196,
    "ja": 1718169482.5743968,
    "ko": 1718169497.7116692,
    "pl": 1718169512.810476,
    "pt-BR": 1718169527.9366395,
    "ru": 1718169543.0377145,
    "tr": 1718169558.1531827
}