{
    "en-US": 1719739202.3899434,
    "ar": 1719739217.5066006,
    "de": 1719739232.6343281,
    "es-ES": 1719739247.7366605,
    "es-MX": 1719739262.850084,
    "fr": 1719739277.9717994,
    "it": 1719739293.097419,
    "ja": 1719739308.1982977,
    "ko": 1719739323.3037188,
    "pl": 1719739338.3999946,
    "pt-BR": 1719739353.534517,
    "ru": 1719739368.6526048,
    "tr": 1719739383.7665124
}