{
    "en-US": 1722658784.757465,
    "ar": 1722658799.8529048,
    "de": 1722658814.95934,
    "es-ES": 1722658830.0517085,
    "es-MX": 1722658845.1591835,
    "fr": 1722658860.2448502,
    "it": 1722658875.3642726,
    "ja": 1722658890.4580112,
    "ko": 1722658905.5688138,
    "pl": 1722658920.6560197,
    "pt-BR": 1722658935.7756214,
    "ru": 1722658950.877586,
    "tr": 1722658965.982553
}