{
    "en-US": 1714925912.5598497,
    "ar": 1714925928.4475956,
    "de": 1714925943.8161318,
    "es-ES": 1714925959.153763,
    "es-MX": 1714925974.576206,
    "fr": 1714925990.0432286,
    "it": 1714926005.6596968,
    "ja": 1714926025.4595807,
    "ko": 1714926042.2556179,
    "pl": 1714926057.6260805,
    "pt-BR": 1714926073.0686462,
    "ru": 1714926088.8161101,
    "tr": 1714926104.2854507
}