{
    "en-US": 1722774531.4336097,
    "ar": 1722774546.5430226,
    "de": 1722774561.6511135,
    "es-ES": 1722774576.7431698,
    "es-MX": 1722774591.8679228,
    "fr": 1722774606.9545724,
    "it": 1722774622.0694911,
    "ja": 1722774637.1624093,
    "ko": 1722774652.261891,
    "pl": 1722774667.345969,
    "pt-BR": 1722774682.4456904,
    "ru": 1722774697.5291805,
    "tr": 1722774712.6385546
}