{
    "en-US": 1720506192.9263713,
    "ar": 1720506208.1145031,
    "de": 1720506223.286293,
    "es-ES": 1720506238.4541843,
    "es-MX": 1720506253.6195836,
    "fr": 1720506268.7855465,
    "it": 1720506283.9793153,
    "ja": 1720506299.1330454,
    "ko": 1720506314.3023634,
    "pl": 1720506329.450772,
    "pt-BR": 1720506344.6151822,
    "ru": 1720506359.788393,
    "tr": 1720506374.9783397
}