{
    "en-US": 1720009872.7330377,
    "ar": 1720009887.8550978,
    "de": 1720009902.9838002,
    "es-ES": 1720009918.107133,
    "es-MX": 1720009933.2312274,
    "fr": 1720009948.365348,
    "it": 1720009963.4967966,
    "ja": 1720009978.6074307,
    "ko": 1720009993.7189505,
    "pl": 1720010008.840971,
    "pt-BR": 1720010024.0645204,
    "ru": 1720010039.1997414,
    "tr": 1720010054.3157582
}