{
    "en-US": 1724185201.3698115,
    "ar": 1724185216.5455184,
    "de": 1724185231.7236123,
    "es-ES": 1724185246.886774,
    "es-MX": 1724185262.0743842,
    "fr": 1724185277.2446349,
    "it": 1724185292.442237,
    "ja": 1724185307.612393,
    "ko": 1724185322.786723,
    "pl": 1724185337.9547732,
    "pt-BR": 1724185353.1322386,
    "ru": 1724185368.2981362,
    "tr": 1724185383.4793718
}