{
    "en-US": 1714069169.3771944,
    "ar": 1714069185.3251555,
    "de": 1714069200.7053354,
    "es-ES": 1714069216.0557098,
    "es-MX": 1714069231.477557,
    "fr": 1714069246.8692255,
    "it": 1714069262.3514516,
    "ja": 1714069280.4556181,
    "ko": 1714069297.6306827,
    "pl": 1714069313.0959826,
    "pt-BR": 1714069328.5423524,
    "ru": 1714069344.0475745,
    "tr": 1714069359.512227
}