{
    "en-US": 1723814411.1612713,
    "ar": 1723814426.361704,
    "de": 1723814441.559538,
    "es-ES": 1723814456.745701,
    "es-MX": 1723814471.9692755,
    "fr": 1723814487.1709566,
    "it": 1723814502.3746035,
    "ja": 1723814517.563998,
    "ko": 1723814532.762853,
    "pl": 1723814547.9533904,
    "pt-BR": 1723814563.173776,
    "ru": 1723814578.3584023,
    "tr": 1723814593.5481904
}