{
    "en-US": 1716985797.8745434,
    "ar": 1716985813.686074,
    "de": 1716985829.3987617,
    "es-ES": 1716985844.9651418,
    "es-MX": 1716985861.0119045,
    "fr": 1716985876.5079114,
    "it": 1716985892.4428606,
    "ja": 1716985909.7386234,
    "ko": 1716985926.6904159,
    "pl": 1716985942.4699244,
    "pt-BR": 1716985958.2986014,
    "ru": 1716985974.1262243,
    "tr": 1716985989.9408991
}