{
    "en-US": 1720556277.5059795,
    "ar": 1720556292.6887336,
    "de": 1720556307.8548374,
    "es-ES": 1720556323.0190983,
    "es-MX": 1720556338.1923847,
    "fr": 1720556353.3505988,
    "it": 1720556368.5223866,
    "ja": 1720556383.6757169,
    "ko": 1720556398.8533995,
    "pl": 1720556414.011093,
    "pt-BR": 1720556429.204308,
    "ru": 1720556444.3728013,
    "tr": 1720556459.5338538
}