{
    "en-US": 1724271474.037781,
    "ar": 1724271489.230858,
    "de": 1724271504.4151347,
    "es-ES": 1724271519.601831,
    "es-MX": 1724271534.7789893,
    "fr": 1724271549.9390535,
    "it": 1724271565.1279714,
    "ja": 1724271580.2926815,
    "ko": 1724271595.4528935,
    "pl": 1724271610.6123877,
    "pt-BR": 1724271625.7890563,
    "ru": 1724271640.9521172,
    "tr": 1724271656.1448066
}