{
    "en-US": 1719277738.721194,
    "ar": 1719277753.839752,
    "de": 1719277768.9743357,
    "es-ES": 1719277784.1206996,
    "es-MX": 1719277799.2659168,
    "fr": 1719277814.3952634,
    "it": 1719277829.5269902,
    "ja": 1719277844.6329868,
    "ko": 1719277859.7674723,
    "pl": 1719277874.8972852,
    "pt-BR": 1719277890.0432036,
    "ru": 1719277905.1581082,
    "tr": 1719277920.2745929
}