{
    "en-US": 1721646851.1889384,
    "ar": 1721646866.3504863,
    "de": 1721646881.5139024,
    "es-ES": 1721646896.6902213,
    "es-MX": 1721646911.8669555,
    "fr": 1721646927.014413,
    "it": 1721646942.1768804,
    "ja": 1721646957.3334017,
    "ko": 1721646972.4960449,
    "pl": 1721646987.653306,
    "pt-BR": 1721647002.8329663,
    "ru": 1721647017.9954548,
    "tr": 1721647033.1527264
}