{
    "en-US": 1720761370.2222838,
    "ar": 1720761385.3916693,
    "de": 1720761400.5693312,
    "es-ES": 1720761415.7396476,
    "es-MX": 1720761430.9178488,
    "fr": 1720761446.0869,
    "it": 1720761461.2803197,
    "ja": 1720761476.4423573,
    "ko": 1720761491.6092985,
    "pl": 1720761506.7701743,
    "pt-BR": 1720761521.9594138,
    "ru": 1720761537.1284022,
    "tr": 1720761552.3213844
}