{
    "en-US": 1716944988.627659,
    "ar": 1716945004.5859873,
    "de": 1716945020.855153,
    "es-ES": 1716945036.682366,
    "es-MX": 1716945052.557989,
    "fr": 1716945068.1881115,
    "it": 1716945084.1699777,
    "ja": 1716945102.0554137,
    "ko": 1716945119.2102273,
    "pl": 1716945134.8492815,
    "pt-BR": 1716945152.202197,
    "ru": 1716945167.8858762,
    "tr": 1716945183.8651726
}