{
    "en-US": 1717903089.7080622,
    "ar": 1717903105.4912794,
    "de": 1717903120.9553554,
    "es-ES": 1717903136.1426537,
    "es-MX": 1717903151.3105903,
    "fr": 1717903166.4683416,
    "it": 1717903181.6409914,
    "ja": 1717903196.8001099,
    "ko": 1717903211.9776683,
    "pl": 1717903227.1354663,
    "pt-BR": 1717903242.3057551,
    "ru": 1717903257.4821315,
    "tr": 1717903272.6505542
}