{
    "en-US": 1716441498.1037486,
    "ar": 1716441513.910101,
    "de": 1716441529.274881,
    "es-ES": 1716441544.8895123,
    "es-MX": 1716441560.5004559,
    "fr": 1716441575.8968377,
    "it": 1716441591.313968,
    "ja": 1716441608.5346968,
    "ko": 1716441625.214595,
    "pl": 1716441640.8423252,
    "pt-BR": 1716441656.483122,
    "ru": 1716441671.9667435,
    "tr": 1716441687.4225206
}