{
    "en-US": 1721643490.6827357,
    "ar": 1721643505.7874486,
    "de": 1721643520.9100795,
    "es-ES": 1721643536.005392,
    "es-MX": 1721643551.122716,
    "fr": 1721643566.226909,
    "it": 1721643581.3515186,
    "ja": 1721643596.4417753,
    "ko": 1721643611.537103,
    "pl": 1721643626.6503808,
    "pt-BR": 1721643641.7670293,
    "ru": 1721643656.8642719,
    "tr": 1721643671.9897752
}