{
    "en-US": 1720012781.2956555,
    "ar": 1720012796.4439955,
    "de": 1720012811.5593293,
    "es-ES": 1720012826.7043283,
    "es-MX": 1720012841.859201,
    "fr": 1720012856.9970002,
    "it": 1720012872.1450386,
    "ja": 1720012887.2669322,
    "ko": 1720012902.3981545,
    "pl": 1720012917.5213091,
    "pt-BR": 1720012932.645811,
    "ru": 1720012947.7619002,
    "tr": 1720012962.9485178
}