{
    "en-US": 1725888305.495337,
    "ar": 1725888320.630261,
    "de": 1725888335.753488,
    "es-ES": 1725888350.8712475,
    "es-MX": 1725888366.015257,
    "fr": 1725888381.1147048,
    "it": 1725888396.2431028,
    "ja": 1725888411.3712082,
    "ko": 1725888426.49358,
    "pl": 1725888441.6097958,
    "pt-BR": 1725888456.7411063,
    "ru": 1725888471.8540096,
    "tr": 1725888486.9947686
}