{
    "en-US": 1717813895.5683439,
    "ar": 1717813911.6171174,
    "de": 1717813927.447499,
    "es-ES": 1717813943.007722,
    "es-MX": 1717813958.2930768,
    "fr": 1717813973.557349,
    "it": 1717813988.8078005,
    "ja": 1717814004.0675023,
    "ko": 1717814019.3399098,
    "pl": 1717814034.578937,
    "pt-BR": 1717814049.8271356,
    "ru": 1717814065.0665338,
    "tr": 1717814080.3180754
}