{
    "en-US": 1716517824.3015194,
    "ar": 1716517839.4550116,
    "de": 1716517854.613995,
    "es-ES": 1716517870.2281816,
    "es-MX": 1716517885.6617365,
    "fr": 1716517901.2879965,
    "it": 1716517916.9266603,
    "ja": 1716517934.8573916,
    "ko": 1716517949.9998477,
    "pl": 1716517965.110129,
    "pt-BR": 1716517980.2364206,
    "ru": 1716517995.3532631,
    "tr": 1716518010.496069
}