{
    "en-US": 1717489251.5464287,
    "ar": 1717489267.2658153,
    "de": 1717489282.630344,
    "es-ES": 1717489297.965278,
    "es-MX": 1717489313.5302196,
    "fr": 1717489328.894358,
    "it": 1717489344.3853853,
    "ja": 1717489364.4060593,
    "ko": 1717489381.3287508,
    "pl": 1717489396.8204422,
    "pt-BR": 1717489413.8999932,
    "ru": 1717489429.5696714,
    "tr": 1717489445.0837598
}