{
    "en-US": 1725504166.7334206,
    "ar": 1725504181.8661025,
    "de": 1725504196.9935977,
    "es-ES": 1725504212.1060205,
    "es-MX": 1725504227.2437088,
    "fr": 1725504242.3569913,
    "it": 1725504257.4985247,
    "ja": 1725504272.6147459,
    "ko": 1725504287.7298465,
    "pl": 1725504302.8541005,
    "pt-BR": 1725504317.9753525,
    "ru": 1725504333.1002269,
    "tr": 1725504348.2422473
}