{
    "en-US": 1719166814.5264678,
    "ar": 1719166829.6606774,
    "de": 1719166844.8632104,
    "es-ES": 1719166859.971917,
    "es-MX": 1719166875.0988028,
    "fr": 1719166890.1975117,
    "it": 1719166905.3553376,
    "ja": 1719166920.4670312,
    "ko": 1719166935.5797205,
    "pl": 1719166950.6828384,
    "pt-BR": 1719166965.8091924,
    "ru": 1719166980.9373229,
    "tr": 1719166996.1011329
}