{
    "en-US": 1718266835.3797836,
    "ar": 1718266851.642166,
    "de": 1718266867.356485,
    "es-ES": 1718266882.4863598,
    "es-MX": 1718266897.5998466,
    "fr": 1718266912.7220774,
    "it": 1718266927.83227,
    "ja": 1718266942.9653158,
    "ko": 1718266958.1157553,
    "pl": 1718266973.2172813,
    "pt-BR": 1718266988.325153,
    "ru": 1718267003.4318204,
    "tr": 1718267018.5490816
}