{
    "en-US": 1718288220.8961499,
    "ar": 1718288236.035307,
    "de": 1718288251.2001429,
    "es-ES": 1718288266.3064635,
    "es-MX": 1718288281.461039,
    "fr": 1718288296.5732968,
    "it": 1718288311.7362397,
    "ja": 1718288326.8455105,
    "ko": 1718288341.9613395,
    "pl": 1718288357.0598376,
    "pt-BR": 1718288372.1722999,
    "ru": 1718288387.28502,
    "tr": 1718288402.4618835
}