{
    "en-US": 1724275020.4291027,
    "ar": 1724275035.6256378,
    "de": 1724275050.8228765,
    "es-ES": 1724275066.0034125,
    "es-MX": 1724275081.2188818,
    "fr": 1724275096.4105608,
    "it": 1724275111.632649,
    "ja": 1724275126.837235,
    "ko": 1724275142.0329285,
    "pl": 1724275157.214889,
    "pt-BR": 1724275172.4108708,
    "ru": 1724275187.5866375,
    "tr": 1724275202.8017282
}