{
    "en-US": 1718338764.4958153,
    "ar": 1718338780.6895897,
    "de": 1718338796.5733638,
    "es-ES": 1718338811.770595,
    "es-MX": 1718338826.9738526,
    "fr": 1718338842.1378477,
    "it": 1718338857.3252146,
    "ja": 1718338872.4957426,
    "ko": 1718338887.6863587,
    "pl": 1718338902.8525515,
    "pt-BR": 1718338918.045298,
    "ru": 1718338933.2277792,
    "tr": 1718338948.4034684
}