{
    "en-US": 1719170092.9868038,
    "ar": 1719170109.3658526,
    "de": 1719170125.5528593,
    "es-ES": 1719170140.6818337,
    "es-MX": 1719170155.8356218,
    "fr": 1719170170.959162,
    "it": 1719170186.0912828,
    "ja": 1719170201.2210026,
    "ko": 1719170216.3882487,
    "pl": 1719170231.5676055,
    "pt-BR": 1719170246.7310517,
    "ru": 1719170261.8548427,
    "tr": 1719170276.9985557
}