{
    "en-US": 1717737431.8528447,
    "ar": 1717737447.7134733,
    "de": 1717737463.1564088,
    "es-ES": 1717737478.2761626,
    "es-MX": 1717737493.3926404,
    "fr": 1717737508.5317132,
    "it": 1717737523.6555312,
    "ja": 1717737538.7537618,
    "ko": 1717737553.8594356,
    "pl": 1717737568.9519281,
    "pt-BR": 1717737584.077041,
    "ru": 1717737599.19797,
    "tr": 1717737614.3800645
}