{
    "en-US": 1714061967.71197,
    "ar": 1714061983.6561785,
    "de": 1714061999.0195749,
    "es-ES": 1714062014.377223,
    "es-MX": 1714062029.7682152,
    "fr": 1714062045.1324608,
    "it": 1714062060.736404,
    "ja": 1714062079.0009274,
    "ko": 1714062096.2435856,
    "pl": 1714062111.6210482,
    "pt-BR": 1714062127.0456862,
    "ru": 1714062142.5097477,
    "tr": 1714062157.964008
}