{
    "en-US": 1716409019.0901048,
    "ar": 1716409035.030625,
    "de": 1716409050.5475566,
    "es-ES": 1716409066.047184,
    "es-MX": 1716409081.609954,
    "fr": 1716409097.1507533,
    "it": 1716409112.7173731,
    "ja": 1716409129.83225,
    "ko": 1716409146.4876797,
    "pl": 1716409162.0579498,
    "pt-BR": 1716409177.6279728,
    "ru": 1716409193.462821,
    "tr": 1716409209.096797
}