{
    "en-US": 1725405503.3592424,
    "ar": 1725405518.5237932,
    "de": 1725405533.7098134,
    "es-ES": 1725405548.8756428,
    "es-MX": 1725405564.0654016,
    "fr": 1725405579.2427137,
    "it": 1725405594.4250982,
    "ja": 1725405609.5866485,
    "ko": 1725405624.7651503,
    "pl": 1725405639.939982,
    "pt-BR": 1725405655.1228397,
    "ru": 1725405670.315455,
    "tr": 1725405685.518947
}