{
    "en-US": 1713961949.159806,
    "ar": 1713961965.2238815,
    "de": 1713961980.7740397,
    "es-ES": 1713961996.323623,
    "es-MX": 1713962011.9048758,
    "fr": 1713962027.5782547,
    "it": 1713962043.178877,
    "ja": 1713962060.428981,
    "ko": 1713962077.309154,
    "pl": 1713962093.060769,
    "pt-BR": 1713962108.68534,
    "ru": 1713962124.3871987,
    "tr": 1713962140.0661633
}