{
    "en-US": 1721452573.035643,
    "ar": 1721452588.196602,
    "de": 1721452603.3902934,
    "es-ES": 1721452618.551669,
    "es-MX": 1721452633.7122498,
    "fr": 1721452648.8742726,
    "it": 1721452664.0393705,
    "ja": 1721452679.1979744,
    "ko": 1721452694.3731573,
    "pl": 1721452709.526849,
    "pt-BR": 1721452724.6909099,
    "ru": 1721452739.8501284,
    "tr": 1721452755.0102174
}