{
    "en-US": 1715408351.7622197,
    "ar": 1715408367.6812124,
    "de": 1715408383.1760793,
    "es-ES": 1715408398.6867611,
    "es-MX": 1715408414.3081784,
    "fr": 1715408429.8532302,
    "it": 1715408445.4126792,
    "ja": 1715408462.8547406,
    "ko": 1715408479.5186596,
    "pl": 1715408495.0523171,
    "pt-BR": 1715408510.6215515,
    "ru": 1715408526.239307,
    "tr": 1715408541.828952
}