{
    "en-US": 1721290856.1908379,
    "ar": 1721290871.368506,
    "de": 1721290886.5417242,
    "es-ES": 1721290901.7028928,
    "es-MX": 1721290916.8970635,
    "fr": 1721290932.052001,
    "it": 1721290947.2193398,
    "ja": 1721290962.3745596,
    "ko": 1721290977.539318,
    "pl": 1721290992.6955097,
    "pt-BR": 1721291007.8884947,
    "ru": 1721291023.045488,
    "tr": 1721291038.2086673
}