{
    "en-US": 1719897445.629066,
    "ar": 1719897460.7688594,
    "de": 1719897475.8834984,
    "es-ES": 1719897490.9841223,
    "es-MX": 1719897506.1075184,
    "fr": 1719897521.241584,
    "it": 1719897536.4020398,
    "ja": 1719897551.5329533,
    "ko": 1719897566.64018,
    "pl": 1719897581.741206,
    "pt-BR": 1719897596.8514233,
    "ru": 1719897611.9549835,
    "tr": 1719897627.065726
}