{
    "en-US": 1719811030.2073152,
    "ar": 1719811045.32715,
    "de": 1719811060.45003,
    "es-ES": 1719811075.5514238,
    "es-MX": 1719811090.691528,
    "fr": 1719811105.796298,
    "it": 1719811120.9065356,
    "ja": 1719811136.009644,
    "ko": 1719811151.1212482,
    "pl": 1719811166.2365425,
    "pt-BR": 1719811181.3716407,
    "ru": 1719811196.4794335,
    "tr": 1719811211.5850117
}