{
    "en-US": 1720873668.8408601,
    "ar": 1720873683.9984238,
    "de": 1720873699.1597621,
    "es-ES": 1720873714.3055398,
    "es-MX": 1720873729.4818196,
    "fr": 1720873744.6288142,
    "it": 1720873759.7885544,
    "ja": 1720873774.9344857,
    "ko": 1720873790.0926273,
    "pl": 1720873805.24265,
    "pt-BR": 1720873820.4221144,
    "ru": 1720873835.5806613,
    "tr": 1720873850.737821
}