{
    "en-US": 1722892695.3182325,
    "ar": 1722892710.4790425,
    "de": 1722892725.649053,
    "es-ES": 1722892740.8080394,
    "es-MX": 1722892755.9936285,
    "fr": 1722892771.172803,
    "it": 1722892786.3377118,
    "ja": 1722892801.492883,
    "ko": 1722892816.655711,
    "pl": 1722892831.8259306,
    "pt-BR": 1722892847.029147,
    "ru": 1722892862.1987965,
    "tr": 1722892877.3598328
}