{
    "en-US": 1721193371.3114543,
    "ar": 1721193386.484151,
    "de": 1721193401.675427,
    "es-ES": 1721193416.8402174,
    "es-MX": 1721193432.030831,
    "fr": 1721193447.1851683,
    "it": 1721193462.349719,
    "ja": 1721193477.5203152,
    "ko": 1721193492.6838558,
    "pl": 1721193507.8440375,
    "pt-BR": 1721193523.0389302,
    "ru": 1721193538.203374,
    "tr": 1721193553.3677998
}