{
    "en-US": 1720466011.2172198,
    "ar": 1720466026.3277478,
    "de": 1720466041.4385955,
    "es-ES": 1720466056.5270617,
    "es-MX": 1720466071.653759,
    "fr": 1720466086.769779,
    "it": 1720466101.880394,
    "ja": 1720466116.9787233,
    "ko": 1720466132.0976777,
    "pl": 1720466147.2002587,
    "pt-BR": 1720466162.3064265,
    "ru": 1720466177.419216,
    "tr": 1720466192.514056
}