{
    "en-US": 1715206495.7814333,
    "ar": 1715206511.6591792,
    "de": 1715206527.0094283,
    "es-ES": 1715206542.3709748,
    "es-MX": 1715206557.7969868,
    "fr": 1715206573.433114,
    "it": 1715206588.8564134,
    "ja": 1715206606.9520514,
    "ko": 1715206624.2906024,
    "pl": 1715206639.7512677,
    "pt-BR": 1715206655.201362,
    "ru": 1715206670.926527,
    "tr": 1715206686.5403004
}