{
    "en-US": 1716567519.8060045,
    "ar": 1716567535.7544274,
    "de": 1716567551.1405957,
    "es-ES": 1716567566.8635468,
    "es-MX": 1716567582.460383,
    "fr": 1716567597.9577699,
    "it": 1716567613.5027676,
    "ja": 1716567631.7232528,
    "ko": 1716567649.0882509,
    "pl": 1716567664.648754,
    "pt-BR": 1716567680.5993757,
    "ru": 1716567696.2322037,
    "tr": 1716567711.844255
}