{
    "en-US": 1719059303.8661957,
    "ar": 1719059319.0810208,
    "de": 1719059334.3105712,
    "es-ES": 1719059349.4693797,
    "es-MX": 1719059364.6340475,
    "fr": 1719059379.8570957,
    "it": 1719059395.1101267,
    "ja": 1719059410.339338,
    "ko": 1719059425.5660985,
    "pl": 1719059440.7848563,
    "pt-BR": 1719059456.0291166,
    "ru": 1719059471.2639968,
    "tr": 1719059486.519062
}