{
    "en-US": 1716899343.9966288,
    "ar": 1716899360.1324782,
    "de": 1716899375.9368153,
    "es-ES": 1716899391.7697604,
    "es-MX": 1716899407.7337313,
    "fr": 1716899423.3474128,
    "it": 1716899439.466414,
    "ja": 1716899456.015816,
    "ko": 1716899472.406462,
    "pl": 1716899488.5676,
    "pt-BR": 1716899504.4551895,
    "ru": 1716899520.4170752,
    "tr": 1716899536.3781998
}