{
    "en-US": 1724461863.6594064,
    "ar": 1724461878.846187,
    "de": 1724461893.9445708,
    "es-ES": 1724461909.0425525,
    "es-MX": 1724461924.1410525,
    "fr": 1724461939.238485,
    "it": 1724461954.3673406,
    "ja": 1724461969.4524632,
    "ko": 1724461984.560669,
    "pl": 1724461999.6776686,
    "pt-BR": 1724462014.7881868,
    "ru": 1724462029.8726091,
    "tr": 1724462044.962956
}