{
    "en-US": 1722334733.527624,
    "ar": 1722334748.638512,
    "de": 1722334763.7476585,
    "es-ES": 1722334778.8459218,
    "es-MX": 1722334793.9589205,
    "fr": 1722334809.047304,
    "it": 1722334824.1643093,
    "ja": 1722334839.2493303,
    "ko": 1722334854.3608758,
    "pl": 1722334869.4653182,
    "pt-BR": 1722334884.5643044,
    "ru": 1722334899.6650481,
    "tr": 1722334914.8101857
}