{
    "en-US": 1715681876.6011846,
    "ar": 1715681892.3856452,
    "de": 1715681908.0740726,
    "es-ES": 1715681923.562031,
    "es-MX": 1715681939.1030748,
    "fr": 1715681954.6495676,
    "it": 1715681970.1947064,
    "ja": 1715681986.51203,
    "ko": 1715682002.4581258,
    "pl": 1715682018.3898494,
    "pt-BR": 1715682034.168087,
    "ru": 1715682049.755149,
    "tr": 1715682065.318233
}