{
    "en-US": 1720250095.494866,
    "ar": 1720250110.6780097,
    "de": 1720250125.8610318,
    "es-ES": 1720250141.0425816,
    "es-MX": 1720250156.253921,
    "fr": 1720250171.4306574,
    "it": 1720250186.6324382,
    "ja": 1720250201.800441,
    "ko": 1720250216.98007,
    "pl": 1720250232.150971,
    "pt-BR": 1720250247.3638597,
    "ru": 1720250262.5371003,
    "tr": 1720250277.716469
}