{
    "en-US": 1717820375.5426197,
    "ar": 1717820391.4790967,
    "de": 1717820407.3660958,
    "es-ES": 1717820423.0439565,
    "es-MX": 1717820438.25221,
    "fr": 1717820453.4539554,
    "it": 1717820468.6430452,
    "ja": 1717820483.8208907,
    "ko": 1717820498.9986331,
    "pl": 1717820514.1615536,
    "pt-BR": 1717820529.3501437,
    "ru": 1717820544.536385,
    "tr": 1717820559.7059546
}