{
    "en-US": 1721798246.2775297,
    "ar": 1721798261.3793342,
    "de": 1721798276.4951203,
    "es-ES": 1721798291.5786443,
    "es-MX": 1721798306.6808145,
    "fr": 1721798321.77559,
    "it": 1721798336.9014525,
    "ja": 1721798351.9996257,
    "ko": 1721798367.0962002,
    "pl": 1721798382.1924467,
    "pt-BR": 1721798397.2877963,
    "ru": 1721798412.3914535,
    "tr": 1721798427.519035
}