{
    "en-US": 1718828166.7826817,
    "ar": 1718828181.9983797,
    "de": 1718828197.1997647,
    "es-ES": 1718828212.3727489,
    "es-MX": 1718828227.5564964,
    "fr": 1718828242.7430074,
    "it": 1718828257.9472811,
    "ja": 1718828273.1296368,
    "ko": 1718828288.30312,
    "pl": 1718828303.4782326,
    "pt-BR": 1718828318.6562521,
    "ru": 1718828333.8359103,
    "tr": 1718828349.1227682
}