{
    "en-US": 1724346987.1534052,
    "ar": 1724347002.280388,
    "de": 1724347017.392363,
    "es-ES": 1724347032.513012,
    "es-MX": 1724347047.6297185,
    "fr": 1724347062.7289364,
    "it": 1724347077.8629673,
    "ja": 1724347092.9639978,
    "ko": 1724347108.0814369,
    "pl": 1724347123.193917,
    "pt-BR": 1724347138.3334887,
    "ru": 1724347153.4489546,
    "tr": 1724347168.568177
}