{
    "en-US": 1714328261.0416305,
    "ar": 1714328276.853479,
    "de": 1714328292.3553758,
    "es-ES": 1714328307.8454528,
    "es-MX": 1714328323.5798037,
    "fr": 1714328339.1138268,
    "it": 1714328354.6480427,
    "ja": 1714328370.9334283,
    "ko": 1714328386.968378,
    "pl": 1714328402.5180516,
    "pt-BR": 1714328418.2504995,
    "ru": 1714328433.8210983,
    "tr": 1714328449.5804772
}