{
    "en-US": 1718468391.1878004,
    "ar": 1718468406.3911562,
    "de": 1718468421.5944588,
    "es-ES": 1718468436.7641983,
    "es-MX": 1718468451.9383621,
    "fr": 1718468467.1037624,
    "it": 1718468482.301754,
    "ja": 1718468497.4716098,
    "ko": 1718468512.6414287,
    "pl": 1718468527.8119602,
    "pt-BR": 1718468542.9865851,
    "ru": 1718468558.1595657,
    "tr": 1718468573.3507164
}