{
    "en-US": 1725574592.6998959,
    "ar": 1725574607.8490746,
    "de": 1725574623.0086904,
    "es-ES": 1725574638.1666875,
    "es-MX": 1725574653.33433,
    "fr": 1725574668.479899,
    "it": 1725574683.6370862,
    "ja": 1725574698.7843223,
    "ko": 1725574713.9779522,
    "pl": 1725574729.1288157,
    "pt-BR": 1725574744.2928205,
    "ru": 1725574759.448139,
    "tr": 1725574774.6167855
}