{
    "en-US": 1724761950.2230668,
    "ar": 1724761965.3585289,
    "de": 1724761980.4814854,
    "es-ES": 1724761995.5817366,
    "es-MX": 1724762010.7037015,
    "fr": 1724762025.8226676,
    "it": 1724762040.930416,
    "ja": 1724762056.0350597,
    "ko": 1724762071.1342971,
    "pl": 1724762086.263053,
    "pt-BR": 1724762101.3772442,
    "ru": 1724762116.5041795,
    "tr": 1724762131.6012871
}