{
    "en-US": 1724102312.8087254,
    "ar": 1724102327.8979366,
    "de": 1724102343.027425,
    "es-ES": 1724102358.1299326,
    "es-MX": 1724102373.2568283,
    "fr": 1724102388.3827052,
    "it": 1724102403.493898,
    "ja": 1724102418.5927806,
    "ko": 1724102433.7392976,
    "pl": 1724102448.834549,
    "pt-BR": 1724102463.9456294,
    "ru": 1724102479.0629697,
    "tr": 1724102494.1744168
}