{
    "en-US": 1718255821.5825357,
    "ar": 1718255837.7984638,
    "de": 1718255853.3557665,
    "es-ES": 1718255868.5626154,
    "es-MX": 1718255883.7616577,
    "fr": 1718255898.9436018,
    "it": 1718255914.1302326,
    "ja": 1718255929.3078127,
    "ko": 1718255944.509937,
    "pl": 1718255959.689452,
    "pt-BR": 1718255974.8651636,
    "ru": 1718255990.0509806,
    "tr": 1718256005.2614532
}