{
    "en-US": 1720567136.5785115,
    "ar": 1720567151.744664,
    "de": 1720567166.9070773,
    "es-ES": 1720567182.0647595,
    "es-MX": 1720567197.2543201,
    "fr": 1720567212.4069245,
    "it": 1720567227.5749779,
    "ja": 1720567242.726783,
    "ko": 1720567257.892787,
    "pl": 1720567273.0510046,
    "pt-BR": 1720567288.2343073,
    "ru": 1720567303.3880842,
    "tr": 1720567318.5498629
}