{
    "en-US": 1718821244.5743053,
    "ar": 1718821261.025736,
    "de": 1718821276.836276,
    "es-ES": 1718821291.9821289,
    "es-MX": 1718821307.180539,
    "fr": 1718821322.3168123,
    "it": 1718821337.510581,
    "ja": 1718821352.6402085,
    "ko": 1718821367.800271,
    "pl": 1718821382.930573,
    "pt-BR": 1718821398.0737844,
    "ru": 1718821413.2188718,
    "tr": 1718821428.3630464
}