{
    "en-US": 1719080400.229574,
    "ar": 1719080415.4284935,
    "de": 1719080430.6391878,
    "es-ES": 1719080445.8126469,
    "es-MX": 1719080460.998513,
    "fr": 1719080476.1698065,
    "it": 1719080491.3660176,
    "ja": 1719080506.5337148,
    "ko": 1719080521.716987,
    "pl": 1719080536.8847513,
    "pt-BR": 1719080552.0628674,
    "ru": 1719080567.235831,
    "tr": 1719080582.4421258
}