{
    "en-US": 1717590636.6136453,
    "ar": 1717590652.8297565,
    "de": 1717590668.9202323,
    "es-ES": 1717590684.6793666,
    "es-MX": 1717590700.4377072,
    "fr": 1717590716.230945,
    "it": 1717590732.0615158,
    "ja": 1717590750.6540167,
    "ko": 1717590768.0273244,
    "pl": 1717590783.7685843,
    "pt-BR": 1717590799.5510626,
    "ru": 1717590815.3817303,
    "tr": 1717590831.3161893
}