{
    "en-US": 1720340372.1285422,
    "ar": 1720340387.2432125,
    "de": 1720340402.3540854,
    "es-ES": 1720340417.443545,
    "es-MX": 1720340432.5792825,
    "fr": 1720340447.6876101,
    "it": 1720340462.8141634,
    "ja": 1720340477.9101243,
    "ko": 1720340493.012191,
    "pl": 1720340508.106443,
    "pt-BR": 1720340523.2405162,
    "ru": 1720340538.3446147,
    "tr": 1720340553.4444807
}