{
    "en-US": 1724980515.6951501,
    "ar": 1724980530.799419,
    "de": 1724980545.9087396,
    "es-ES": 1724980561.0065036,
    "es-MX": 1724980576.1413562,
    "fr": 1724980591.2377787,
    "it": 1724980606.3529065,
    "ja": 1724980621.451974,
    "ko": 1724980636.5605998,
    "pl": 1724980651.6598027,
    "pt-BR": 1724980666.7932398,
    "ru": 1724980681.9159195,
    "tr": 1724980697.0302312
}