{
    "en-US": 1720492487.123866,
    "ar": 1720492502.2923806,
    "de": 1720492517.470027,
    "es-ES": 1720492532.6285925,
    "es-MX": 1720492547.7977128,
    "fr": 1720492562.9578652,
    "it": 1720492578.1811638,
    "ja": 1720492593.349099,
    "ko": 1720492608.503476,
    "pl": 1720492623.6643794,
    "pt-BR": 1720492638.8373528,
    "ru": 1720492654.0052772,
    "tr": 1720492669.183349
}