{
    "en-US": 1716391040.2323658,
    "ar": 1716391056.1349454,
    "de": 1716391071.9931765,
    "es-ES": 1716391087.478591,
    "es-MX": 1716391103.0107868,
    "fr": 1716391118.5600154,
    "it": 1716391134.1141407,
    "ja": 1716391151.4065638,
    "ko": 1716391168.1016924,
    "pl": 1716391183.6939883,
    "pt-BR": 1716391199.2378392,
    "ru": 1716391214.9146712,
    "tr": 1716391230.5033076
}