{
    "en-US": 1718346179.455443,
    "ar": 1718346195.8498852,
    "de": 1718346211.594314,
    "es-ES": 1718346226.7332788,
    "es-MX": 1718346241.9183872,
    "fr": 1718346257.026086,
    "it": 1718346272.15792,
    "ja": 1718346287.268438,
    "ko": 1718346302.4171243,
    "pl": 1718346317.5146976,
    "pt-BR": 1718346332.6375682,
    "ru": 1718346347.7398007,
    "tr": 1718346362.846524
}