{
    "en-US": 1724793358.855884,
    "ar": 1724793374.0417714,
    "de": 1724793389.2198045,
    "es-ES": 1724793404.3801951,
    "es-MX": 1724793419.5632212,
    "fr": 1724793434.7390735,
    "it": 1724793449.9151933,
    "ja": 1724793465.0776982,
    "ko": 1724793480.2497041,
    "pl": 1724793495.4196205,
    "pt-BR": 1724793510.591303,
    "ru": 1724793525.7870994,
    "tr": 1724793540.9508104
}