{
    "en-US": 1719426089.4566514,
    "ar": 1719426104.5809915,
    "de": 1719426119.7020922,
    "es-ES": 1719426134.816843,
    "es-MX": 1719426149.997999,
    "fr": 1719426165.1326811,
    "it": 1719426180.2500913,
    "ja": 1719426195.386452,
    "ko": 1719426210.509043,
    "pl": 1719426225.6297963,
    "pt-BR": 1719426240.7861385,
    "ru": 1719426255.904028,
    "tr": 1719426271.1819866
}