{
    "en-US": 1721910673.5810807,
    "ar": 1721910688.7454875,
    "de": 1721910703.925747,
    "es-ES": 1721910719.0822861,
    "es-MX": 1721910734.2418597,
    "fr": 1721910749.404233,
    "it": 1721910764.5925448,
    "ja": 1721910779.7452064,
    "ko": 1721910794.9048626,
    "pl": 1721910810.0541904,
    "pt-BR": 1721910825.216314,
    "ru": 1721910840.3674276,
    "tr": 1721910855.5391386
}