{
    "en-US": 1721042057.6816742,
    "ar": 1721042072.7822735,
    "de": 1721042087.8932047,
    "es-ES": 1721042102.9927127,
    "es-MX": 1721042118.1197996,
    "fr": 1721042133.2117178,
    "it": 1721042148.3092258,
    "ja": 1721042163.3967044,
    "ko": 1721042178.4842308,
    "pl": 1721042193.6137366,
    "pt-BR": 1721042208.7274497,
    "ru": 1721042223.8087797,
    "tr": 1721042238.9016256
}