{
    "en-US": 1722666179.1363962,
    "ar": 1722666194.2306032,
    "de": 1722666209.3339617,
    "es-ES": 1722666224.42216,
    "es-MX": 1722666239.5330257,
    "fr": 1722666254.6157572,
    "it": 1722666269.7161462,
    "ja": 1722666284.8066962,
    "ko": 1722666299.905475,
    "pl": 1722666314.9960876,
    "pt-BR": 1722666330.1121936,
    "ru": 1722666345.1949332,
    "tr": 1722666360.302667
}