{
    "en-US": 1721420378.390214,
    "ar": 1721420395.3515906,
    "de": 1721420410.498179,
    "es-ES": 1721420425.592426,
    "es-MX": 1721420440.6827173,
    "fr": 1721420455.775638,
    "it": 1721420470.901511,
    "ja": 1721420485.9987714,
    "ko": 1721420501.1065102,
    "pl": 1721420516.1902564,
    "pt-BR": 1721420531.2965002,
    "ru": 1721420546.3930972,
    "tr": 1721420561.5466008
}