{
    "en-US": 1718389357.1837945,
    "ar": 1718389373.1555388,
    "de": 1718389388.8488708,
    "es-ES": 1718389403.9896572,
    "es-MX": 1718389419.1274264,
    "fr": 1718389434.2361119,
    "it": 1718389449.3644319,
    "ja": 1718389464.4637268,
    "ko": 1718389479.5946748,
    "pl": 1718389494.7062466,
    "pt-BR": 1718389509.8247228,
    "ru": 1718389524.933972,
    "tr": 1718389540.0949428
}