{
    "en-US": 1721492429.5354521,
    "ar": 1721492444.7136714,
    "de": 1721492459.8404639,
    "es-ES": 1721492474.9272323,
    "es-MX": 1721492490.0429428,
    "fr": 1721492505.148448,
    "it": 1721492520.3001971,
    "ja": 1721492535.3968291,
    "ko": 1721492550.5109522,
    "pl": 1721492565.6028528,
    "pt-BR": 1721492580.706878,
    "ru": 1721492595.8007464,
    "tr": 1721492610.9154422
}