{
    "en-US": 1722825437.4787123,
    "ar": 1722825452.6540124,
    "de": 1722825467.8279595,
    "es-ES": 1722825482.9894009,
    "es-MX": 1722825498.1528819,
    "fr": 1722825513.3051567,
    "it": 1722825528.5010514,
    "ja": 1722825543.6604493,
    "ko": 1722825558.8242385,
    "pl": 1722825573.9837909,
    "pt-BR": 1722825589.1588013,
    "ru": 1722825604.3241847,
    "tr": 1722825619.523186
}