{
    "en-US": 1718245967.0223653,
    "ar": 1718245983.2777286,
    "de": 1718245999.2313201,
    "es-ES": 1718246014.954954,
    "es-MX": 1718246030.087853,
    "fr": 1718246045.2103078,
    "it": 1718246060.3335242,
    "ja": 1718246075.4495623,
    "ko": 1718246090.550663,
    "pl": 1718246105.6900065,
    "pt-BR": 1718246120.7959864,
    "ru": 1718246135.9063296,
    "tr": 1718246151.052843
}