{
    "en-US": 1720617574.837884,
    "ar": 1720617589.9920416,
    "de": 1720617605.1559284,
    "es-ES": 1720617620.309728,
    "es-MX": 1720617635.4864185,
    "fr": 1720617650.637894,
    "it": 1720617665.802971,
    "ja": 1720617680.9542623,
    "ko": 1720617696.107035,
    "pl": 1720617711.2641006,
    "pt-BR": 1720617726.443174,
    "ru": 1720617741.6040967,
    "tr": 1720617756.7676105
}