{
    "en-US": 1714666750.479122,
    "ar": 1714666766.6112497,
    "de": 1714666782.1142745,
    "es-ES": 1714666797.630936,
    "es-MX": 1714666813.4439013,
    "fr": 1714666829.2930114,
    "it": 1714666844.8369498,
    "ja": 1714666862.732061,
    "ko": 1714666881.0724597,
    "pl": 1714666896.641174,
    "pt-BR": 1714666912.1725576,
    "ru": 1714666928.055569,
    "tr": 1714666943.8637264
}