{
    "en-US": 1723725133.180155,
    "ar": 1723725148.2818055,
    "de": 1723725163.39539,
    "es-ES": 1723725178.482212,
    "es-MX": 1723725193.621732,
    "fr": 1723725208.7273204,
    "it": 1723725223.827606,
    "ja": 1723725238.9201152,
    "ko": 1723725254.024325,
    "pl": 1723725269.1158042,
    "pt-BR": 1723725284.2433019,
    "ru": 1723725299.3297803,
    "tr": 1723725314.439213
}