{
    "en-US": 1721356531.2133138,
    "ar": 1721356546.311745,
    "de": 1721356561.4153113,
    "es-ES": 1721356576.5261965,
    "es-MX": 1721356591.646099,
    "fr": 1721356606.7501054,
    "it": 1721356621.8984382,
    "ja": 1721356637.0066042,
    "ko": 1721356652.1092262,
    "pl": 1721356667.201744,
    "pt-BR": 1721356682.3631918,
    "ru": 1721356697.4615128,
    "tr": 1721356712.6015568
}