{
    "en-US": 1719217245.7273753,
    "ar": 1719217262.044659,
    "de": 1719217277.9223914,
    "es-ES": 1719217293.123271,
    "es-MX": 1719217308.3374817,
    "fr": 1719217323.5154858,
    "it": 1719217338.6904418,
    "ja": 1719217353.859119,
    "ko": 1719217369.052187,
    "pl": 1719217384.2191918,
    "pt-BR": 1719217399.3955066,
    "ru": 1719217414.5656035,
    "tr": 1719217429.7465062
}