{
    "en-US": 1722301863.6985335,
    "ar": 1722301878.8086183,
    "de": 1722301893.9212956,
    "es-ES": 1722301909.009557,
    "es-MX": 1722301924.1734974,
    "fr": 1722301939.2632039,
    "it": 1722301954.3739474,
    "ja": 1722301969.4714808,
    "ko": 1722301984.583917,
    "pl": 1722301999.685947,
    "pt-BR": 1722302014.811822,
    "ru": 1722302029.9141,
    "tr": 1722302045.014909
}