{
    "en-US": 1721406024.0362954,
    "ar": 1721406039.144057,
    "de": 1721406054.259392,
    "es-ES": 1721406069.352343,
    "es-MX": 1721406084.457535,
    "fr": 1721406099.5704596,
    "it": 1721406114.709811,
    "ja": 1721406129.8101268,
    "ko": 1721406144.9219964,
    "pl": 1721406160.0345228,
    "pt-BR": 1721406175.1473522,
    "ru": 1721406190.2426927,
    "tr": 1721406205.3559608
}