{
    "en-US": 1724746936.1950731,
    "ar": 1724746951.3736305,
    "de": 1724746966.5494921,
    "es-ES": 1724746981.711931,
    "es-MX": 1724746996.899797,
    "fr": 1724747012.0600607,
    "it": 1724747027.2342398,
    "ja": 1724747042.3974035,
    "ko": 1724747057.5555606,
    "pl": 1724747072.7143254,
    "pt-BR": 1724747087.9061108,
    "ru": 1724747103.0690923,
    "tr": 1724747118.23055
}