{
    "en-US": 1715544908.4448879,
    "ar": 1715544924.2872066,
    "de": 1715544939.4683604,
    "es-ES": 1715544954.640955,
    "es-MX": 1715544969.8182473,
    "fr": 1715544985.0013092,
    "it": 1715545000.212983,
    "ja": 1715545015.3868728,
    "ko": 1715545031.9641995,
    "pl": 1715545047.7910922,
    "pt-BR": 1715545063.5240471,
    "ru": 1715545079.0749528,
    "tr": 1715545094.945391
}