{
    "en-US": 1724812761.8515708,
    "ar": 1724812776.95443,
    "de": 1724812792.0657809,
    "es-ES": 1724812807.188843,
    "es-MX": 1724812822.3072731,
    "fr": 1724812837.4203634,
    "it": 1724812852.5311635,
    "ja": 1724812867.6281013,
    "ko": 1724812882.7449555,
    "pl": 1724812897.8471096,
    "pt-BR": 1724812912.9532273,
    "ru": 1724812928.076171,
    "tr": 1724812943.1843371
}