{
    "en-US": 1718937158.1629174,
    "ar": 1718937174.6034327,
    "de": 1718937190.7719636,
    "es-ES": 1718937206.6336267,
    "es-MX": 1718937221.8405085,
    "fr": 1718937237.0588381,
    "it": 1718937252.2478042,
    "ja": 1718937267.4236412,
    "ko": 1718937282.615573,
    "pl": 1718937297.8153148,
    "pt-BR": 1718937313.0021317,
    "ru": 1718937328.1639647,
    "tr": 1718937343.3322315
}