{
    "en-US": 1723856981.9740908,
    "ar": 1723856997.0795224,
    "de": 1723857012.1787548,
    "es-ES": 1723857027.2747474,
    "es-MX": 1723857042.5248506,
    "fr": 1723857057.6348636,
    "it": 1723857072.7509446,
    "ja": 1723857087.8353875,
    "ko": 1723857102.946339,
    "pl": 1723857118.0446632,
    "pt-BR": 1723857133.1876128,
    "ru": 1723857148.2765563,
    "tr": 1723857163.3974533
}