{
    "en-US": 1717402895.111929,
    "ar": 1717402910.8668568,
    "de": 1717402926.2152917,
    "es-ES": 1717402941.554281,
    "es-MX": 1717402957.0245342,
    "fr": 1717402972.4947712,
    "it": 1717402987.9579315,
    "ja": 1717403005.8405263,
    "ko": 1717403022.824824,
    "pl": 1717403038.3002706,
    "pt-BR": 1717403053.7594385,
    "ru": 1717403069.3974705,
    "tr": 1717403084.968333
}