{
    "en-US": 1719152039.6315928,
    "ar": 1719152054.829461,
    "de": 1719152070.026908,
    "es-ES": 1719152085.206987,
    "es-MX": 1719152100.388683,
    "fr": 1719152115.5528188,
    "it": 1719152130.7581558,
    "ja": 1719152145.922142,
    "ko": 1719152161.099505,
    "pl": 1719152176.2728748,
    "pt-BR": 1719152191.4469628,
    "ru": 1719152206.6222377,
    "tr": 1719152221.827726
}