{
    "en-US": 1713795301.104931,
    "ar": 1713795317.1419666,
    "de": 1713795332.6799562,
    "es-ES": 1713795348.5095434,
    "es-MX": 1713795364.0644586,
    "fr": 1713795379.6248844,
    "it": 1713795395.2135534,
    "ja": 1713795411.5231473,
    "ko": 1713795427.5671237,
    "pl": 1713795443.1492069,
    "pt-BR": 1713795458.7303843,
    "ru": 1713795474.3206625,
    "tr": 1713795489.9210422
}