{
    "en-US": 1722500490.981511,
    "ar": 1722500506.0980892,
    "de": 1722500521.209613,
    "es-ES": 1722500536.3188064,
    "es-MX": 1722500551.4359493,
    "fr": 1722500566.5547934,
    "it": 1722500581.7007885,
    "ja": 1722500596.7994037,
    "ko": 1722500611.9006965,
    "pl": 1722500626.9861038,
    "pt-BR": 1722500642.1000402,
    "ru": 1722500657.2117903,
    "tr": 1722500672.3336315
}