{
    "en-US": 1721564985.6496885,
    "ar": 1721565000.7471566,
    "de": 1721565015.8476114,
    "es-ES": 1721565030.934771,
    "es-MX": 1721565046.070563,
    "fr": 1721565061.1545649,
    "it": 1721565076.2538784,
    "ja": 1721565091.3340323,
    "ko": 1721565106.4455514,
    "pl": 1721565121.5465147,
    "pt-BR": 1721565136.6703527,
    "ru": 1721565151.7687726,
    "tr": 1721565166.8551233
}