{
    "en-US": 1719670551.776852,
    "ar": 1719670566.886489,
    "de": 1719670582.015717,
    "es-ES": 1719670597.1343155,
    "es-MX": 1719670612.3021622,
    "fr": 1719670627.4254048,
    "it": 1719670642.5571742,
    "ja": 1719670657.6580963,
    "ko": 1719670672.7657723,
    "pl": 1719670687.8681185,
    "pt-BR": 1719670703.022885,
    "ru": 1719670718.124696,
    "tr": 1719670733.250469
}