{
    "en-US": 1715049148.1009154,
    "ar": 1715049163.3746092,
    "de": 1715049178.615226,
    "es-ES": 1715049193.8373685,
    "es-MX": 1715049209.057766,
    "fr": 1715049224.2766764,
    "it": 1715049239.5336773,
    "ja": 1715049254.7737088,
    "ko": 1715049269.9991815,
    "pl": 1715049285.213707,
    "pt-BR": 1715049300.455812,
    "ru": 1715049315.686336,
    "tr": 1715049330.945934
}