{
    "en-US": 1723735059.097799,
    "ar": 1723735074.2003376,
    "de": 1723735089.2937157,
    "es-ES": 1723735104.392716,
    "es-MX": 1723735119.498561,
    "fr": 1723735134.6070733,
    "it": 1723735149.7012832,
    "ja": 1723735164.787878,
    "ko": 1723735179.869689,
    "pl": 1723735194.9566078,
    "pt-BR": 1723735210.0480444,
    "ru": 1723735225.1626966,
    "tr": 1723735240.2487922
}