{
    "en-US": 1725585321.551981,
    "ar": 1725585336.714106,
    "de": 1725585351.8917718,
    "es-ES": 1725585367.0571659,
    "es-MX": 1725585382.2485723,
    "fr": 1725585397.4080975,
    "it": 1725585412.5947614,
    "ja": 1725585427.771641,
    "ko": 1725585442.9389918,
    "pl": 1725585458.1185765,
    "pt-BR": 1725585473.2977154,
    "ru": 1725585488.459841,
    "tr": 1725585503.6291661
}