{
    "en-US": 1714551746.7913752,
    "ar": 1714551762.8458195,
    "de": 1714551778.2004108,
    "es-ES": 1714551793.5509322,
    "es-MX": 1714551808.944398,
    "fr": 1714551824.34929,
    "it": 1714551839.7562828,
    "ja": 1714551857.617226,
    "ko": 1714551874.7383745,
    "pl": 1714551890.1571949,
    "pt-BR": 1714551905.5650284,
    "ru": 1714551921.0556712,
    "tr": 1714551936.8404937
}