{
    "en-US": 1719837180.6213737,
    "ar": 1719837195.7346945,
    "de": 1719837210.841994,
    "es-ES": 1719837225.945393,
    "es-MX": 1719837241.147268,
    "fr": 1719837256.2723913,
    "it": 1719837271.3921835,
    "ja": 1719837286.5068414,
    "ko": 1719837301.703096,
    "pl": 1719837316.8224187,
    "pt-BR": 1719837331.977884,
    "ru": 1719837347.094766,
    "tr": 1719837362.2620015
}