{
    "en-US": 1716339975.3563352,
    "ar": 1716339991.5252583,
    "de": 1716340007.5596354,
    "es-ES": 1716340023.4097395,
    "es-MX": 1716340039.1604848,
    "fr": 1716340054.7368429,
    "it": 1716340070.5327344,
    "ja": 1716340087.979366,
    "ko": 1716340104.7368817,
    "pl": 1716340120.6494963,
    "pt-BR": 1716340136.5544739,
    "ru": 1716340152.4470892,
    "tr": 1716340168.3731925
}