{
    "en-US": 1718558039.9360266,
    "ar": 1718558055.921126,
    "de": 1718558071.8345695,
    "es-ES": 1718558087.0268247,
    "es-MX": 1718558102.2268927,
    "fr": 1718558117.3806448,
    "it": 1718558132.5698905,
    "ja": 1718558147.7289042,
    "ko": 1718558162.8856163,
    "pl": 1718558178.0435927,
    "pt-BR": 1718558193.2181382,
    "ru": 1718558208.374937,
    "tr": 1718558223.561942
}