{
    "en-US": 1724350931.7988267,
    "ar": 1724350946.9121082,
    "de": 1724350962.0250897,
    "es-ES": 1724350977.1263092,
    "es-MX": 1724350992.2559423,
    "fr": 1724351007.3552907,
    "it": 1724351022.4652941,
    "ja": 1724351037.555826,
    "ko": 1724351052.6616454,
    "pl": 1724351067.7683637,
    "pt-BR": 1724351082.8888633,
    "ru": 1724351097.993545,
    "tr": 1724351113.0819793
}