{
    "en-US": 1713946838.5713913,
    "ar": 1713946854.613149,
    "de": 1713946870.2925115,
    "es-ES": 1713946885.794578,
    "es-MX": 1713946901.3336048,
    "fr": 1713946916.891391,
    "it": 1713946932.4339833,
    "ja": 1713946949.9643438,
    "ko": 1713946966.9203532,
    "pl": 1713946982.6611414,
    "pt-BR": 1713946998.414105,
    "ru": 1713947014.0260973,
    "tr": 1713947029.6047904
}