{
    "en-US": 1723285067.7907107,
    "ar": 1723285082.9509804,
    "de": 1723285098.1212556,
    "es-ES": 1723285113.2847738,
    "es-MX": 1723285128.4586494,
    "fr": 1723285143.6161456,
    "it": 1723285158.791122,
    "ja": 1723285173.9524696,
    "ko": 1723285189.1119227,
    "pl": 1723285204.268491,
    "pt-BR": 1723285219.4573903,
    "ru": 1723285234.6257792,
    "tr": 1723285249.7831984
}