{
    "en-US": 1713666390.555027,
    "ar": 1713666406.4147909,
    "de": 1713666421.7695012,
    "es-ES": 1713666437.1265824,
    "es-MX": 1713666452.5178716,
    "fr": 1713666467.9381707,
    "it": 1713666483.3376527,
    "ja": 1713666500.9297316,
    "ko": 1713666517.8401349,
    "pl": 1713666533.257451,
    "pt-BR": 1713666548.6654541,
    "ru": 1713666564.3714206,
    "tr": 1713666579.8258524
}