{
    "en-US": 1718413682.4496562,
    "ar": 1718413698.7290792,
    "de": 1718413714.3890665,
    "es-ES": 1718413729.5881915,
    "es-MX": 1718413744.7883728,
    "fr": 1718413759.9496324,
    "it": 1718413775.154,
    "ja": 1718413790.3169918,
    "ko": 1718413805.480025,
    "pl": 1718413820.661247,
    "pt-BR": 1718413835.837719,
    "ru": 1718413850.9982247,
    "tr": 1718413866.1846638
}