{
    "en-US": 1722622911.4621494,
    "ar": 1722622926.6294005,
    "de": 1722622941.7921846,
    "es-ES": 1722622956.9620984,
    "es-MX": 1722622972.1272063,
    "fr": 1722622987.2856393,
    "it": 1722623002.474007,
    "ja": 1722623017.6261902,
    "ko": 1722623032.7979143,
    "pl": 1722623047.9573352,
    "pt-BR": 1722623063.119763,
    "ru": 1722623078.2958684,
    "tr": 1722623093.4739554
}