{
    "en-US": 1716653907.2077456,
    "ar": 1716653923.348129,
    "de": 1716653938.694707,
    "es-ES": 1716653954.0247424,
    "es-MX": 1716653969.4670823,
    "fr": 1716653984.9629016,
    "it": 1716654000.452569,
    "ja": 1716654017.9747694,
    "ko": 1716654035.2112432,
    "pl": 1716654050.7025328,
    "pt-BR": 1716654066.3458204,
    "ru": 1716654081.9248755,
    "tr": 1716654097.6428716
}