{
    "en-US": 1721586006.8121982,
    "ar": 1721586022.0054932,
    "de": 1721586037.1941864,
    "es-ES": 1721586052.3572433,
    "es-MX": 1721586067.5262218,
    "fr": 1721586082.6822999,
    "it": 1721586097.8783207,
    "ja": 1721586113.0366848,
    "ko": 1721586128.2146647,
    "pl": 1721586143.3703132,
    "pt-BR": 1721586158.5483725,
    "ru": 1721586173.7204483,
    "tr": 1721586188.900721
}