{
    "en-US": 1721276409.0292375,
    "ar": 1721276424.200168,
    "de": 1721276439.3653975,
    "es-ES": 1721276454.5398822,
    "es-MX": 1721276469.7192297,
    "fr": 1721276484.891245,
    "it": 1721276500.0724285,
    "ja": 1721276515.2333562,
    "ko": 1721276530.3939965,
    "pl": 1721276545.552341,
    "pt-BR": 1721276560.7089753,
    "ru": 1721276575.8933086,
    "tr": 1721276591.0501838
}