{
    "en-US": 1721024722.2650797,
    "ar": 1721024737.454478,
    "de": 1721024752.633686,
    "es-ES": 1721024767.8000262,
    "es-MX": 1721024783.0138907,
    "fr": 1721024798.1718984,
    "it": 1721024813.3528948,
    "ja": 1721024828.5170019,
    "ko": 1721024843.6882427,
    "pl": 1721024858.8464708,
    "pt-BR": 1721024874.0424855,
    "ru": 1721024889.2014263,
    "tr": 1721024904.3751163
}