{
    "en-US": 1721139389.8054626,
    "ar": 1721139404.9766476,
    "de": 1721139420.179082,
    "es-ES": 1721139435.3448098,
    "es-MX": 1721139450.5255632,
    "fr": 1721139465.6841993,
    "it": 1721139480.9040308,
    "ja": 1721139496.1029866,
    "ko": 1721139511.2696712,
    "pl": 1721139526.4386425,
    "pt-BR": 1721139541.6168609,
    "ru": 1721139556.9384677,
    "tr": 1721139572.1396701
}