{
    "en-US": 1722947501.2770908,
    "ar": 1722947516.43566,
    "de": 1722947531.5886068,
    "es-ES": 1722947546.7202246,
    "es-MX": 1722947561.8876243,
    "fr": 1722947577.0218706,
    "it": 1722947592.1809525,
    "ja": 1722947607.3239744,
    "ko": 1722947622.4607236,
    "pl": 1722947637.5915618,
    "pt-BR": 1722947652.7377915,
    "ru": 1722947667.8757565,
    "tr": 1722947683.0362444
}