{
    "en-US": 1721183705.4761722,
    "ar": 1721183720.5767848,
    "de": 1721183735.6922374,
    "es-ES": 1721183750.803161,
    "es-MX": 1721183765.9378903,
    "fr": 1721183781.029595,
    "it": 1721183796.143562,
    "ja": 1721183811.2367811,
    "ko": 1721183826.3406627,
    "pl": 1721183841.446733,
    "pt-BR": 1721183856.5928252,
    "ru": 1721183871.699161,
    "tr": 1721183886.8609488
}