{
    "en-US": 1720257518.0293322,
    "ar": 1720257533.193275,
    "de": 1720257548.355315,
    "es-ES": 1720257563.5012255,
    "es-MX": 1720257578.66833,
    "fr": 1720257593.8234332,
    "it": 1720257609.0007288,
    "ja": 1720257624.1558726,
    "ko": 1720257639.3075013,
    "pl": 1720257654.453103,
    "pt-BR": 1720257669.6176648,
    "ru": 1720257684.7757194,
    "tr": 1720257699.9663074
}