{
    "en-US": 1725369878.3807683,
    "ar": 1725369893.497644,
    "de": 1725369908.6133158,
    "es-ES": 1725369923.7243063,
    "es-MX": 1725369938.828191,
    "fr": 1725369953.9563622,
    "it": 1725369969.070595,
    "ja": 1725369984.178065,
    "ko": 1725369999.2838383,
    "pl": 1725370014.4061983,
    "pt-BR": 1725370029.5218503,
    "ru": 1725370044.6615684,
    "tr": 1725370059.777466
}