{
    "en-US": 1715329218.1277237,
    "ar": 1715329234.0540683,
    "de": 1715329249.4136584,
    "es-ES": 1715329264.7511902,
    "es-MX": 1715329280.3956382,
    "fr": 1715329295.977508,
    "it": 1715329311.3869612,
    "ja": 1715329329.7170181,
    "ko": 1715329346.5961251,
    "pl": 1715329361.9947767,
    "pt-BR": 1715329377.612679,
    "ru": 1715329393.1476948,
    "tr": 1715329408.6398132
}