{
    "en-US": 1722716154.8532605,
    "ar": 1722716170.0129006,
    "de": 1722716185.1869788,
    "es-ES": 1722716200.4082716,
    "es-MX": 1722716215.582631,
    "fr": 1722716230.7362633,
    "it": 1722716245.905477,
    "ja": 1722716261.0615034,
    "ko": 1722716276.2170994,
    "pl": 1722716291.3752525,
    "pt-BR": 1722716306.5585792,
    "ru": 1722716321.7261894,
    "tr": 1722716336.890252
}