{
    "en-US": 1725885280.1004164,
    "ar": 1725885295.2234013,
    "de": 1725885310.3501387,
    "es-ES": 1725885325.4858057,
    "es-MX": 1725885340.6225533,
    "fr": 1725885355.7249537,
    "it": 1725885370.8369734,
    "ja": 1725885385.9394493,
    "ko": 1725885401.0621243,
    "pl": 1725885416.1841204,
    "pt-BR": 1725885431.298379,
    "ru": 1725885446.3991292,
    "tr": 1725885461.5011954
}