{
    "en-US": 1720146757.1592014,
    "ar": 1720146772.3247924,
    "de": 1720146787.52226,
    "es-ES": 1720146802.7010431,
    "es-MX": 1720146817.9124305,
    "fr": 1720146833.0678668,
    "it": 1720146848.2413166,
    "ja": 1720146863.4090247,
    "ko": 1720146878.5837522,
    "pl": 1720146893.7509224,
    "pt-BR": 1720146908.952405,
    "ru": 1720146924.1390975,
    "tr": 1720146939.3120103
}