{
    "en-US": 1722709298.8550818,
    "ar": 1722709314.0376797,
    "de": 1722709329.2124357,
    "es-ES": 1722709344.3854291,
    "es-MX": 1722709359.5605066,
    "fr": 1722709374.7204816,
    "it": 1722709389.9085822,
    "ja": 1722709405.1022546,
    "ko": 1722709420.2773097,
    "pl": 1722709435.4408646,
    "pt-BR": 1722709450.631861,
    "ru": 1722709465.7935188,
    "tr": 1722709480.9801881
}