{
    "en-US": 1724876358.9433262,
    "ar": 1724876374.0730426,
    "de": 1724876389.1821868,
    "es-ES": 1724876404.3007169,
    "es-MX": 1724876419.41453,
    "fr": 1724876434.5610485,
    "it": 1724876449.655739,
    "ja": 1724876464.7642362,
    "ko": 1724876479.8674982,
    "pl": 1724876494.9834602,
    "pt-BR": 1724876510.08455,
    "ru": 1724876525.2286444,
    "tr": 1724876540.3421624
}