{
    "en-US": 1718918189.9252565,
    "ar": 1718918205.1355546,
    "de": 1718918220.3407598,
    "es-ES": 1718918235.5071397,
    "es-MX": 1718918250.6815314,
    "fr": 1718918265.847881,
    "it": 1718918281.0712154,
    "ja": 1718918296.2339222,
    "ko": 1718918311.412312,
    "pl": 1718918326.584052,
    "pt-BR": 1718918341.7767186,
    "ru": 1718918356.9505477,
    "tr": 1718918372.1638238
}