{
    "en-US": 1715132147.2508447,
    "ar": 1715132163.323581,
    "de": 1715132178.6930237,
    "es-ES": 1715132194.2668169,
    "es-MX": 1715132209.6854951,
    "fr": 1715132225.1081498,
    "it": 1715132240.5118,
    "ja": 1715132259.2304122,
    "ko": 1715132276.8212216,
    "pl": 1715132292.2561512,
    "pt-BR": 1715132307.6785996,
    "ru": 1715132323.1605015,
    "tr": 1715132338.6502664
}