{
    "en-US": 1716167171.550013,
    "ar": 1716167187.611684,
    "de": 1716167203.4785068,
    "es-ES": 1716167219.420417,
    "es-MX": 1716167235.317137,
    "fr": 1716167250.9610152,
    "it": 1716167266.9137514,
    "ja": 1716167284.407305,
    "ko": 1716167301.4324412,
    "pl": 1716167316.9818547,
    "pt-BR": 1716167332.76168,
    "ru": 1716167348.6294143,
    "tr": 1716167364.397773
}