{
    "en-US": 1723468955.3585682,
    "ar": 1723468970.469753,
    "de": 1723468985.5775306,
    "es-ES": 1723469000.6785913,
    "es-MX": 1723469015.8005848,
    "fr": 1723469030.95113,
    "it": 1723469046.0590527,
    "ja": 1723469061.159657,
    "ko": 1723469076.2564027,
    "pl": 1723469091.3484888,
    "pt-BR": 1723469106.4578667,
    "ru": 1723469121.5854442,
    "tr": 1723469136.7087495
}