{
    "en-US": 1718939977.1675267,
    "ar": 1718939994.257254,
    "de": 1718940009.804807,
    "es-ES": 1718940024.9956894,
    "es-MX": 1718940040.2288818,
    "fr": 1718940055.3918903,
    "it": 1718940070.6124556,
    "ja": 1718940085.7779732,
    "ko": 1718940100.967725,
    "pl": 1718940116.1358674,
    "pt-BR": 1718940131.3153763,
    "ru": 1718940146.4835474,
    "tr": 1718940161.6547022
}