{
    "en-US": 1721118071.3247292,
    "ar": 1721118086.4867425,
    "de": 1721118101.651134,
    "es-ES": 1721118116.8067272,
    "es-MX": 1721118131.9841526,
    "fr": 1721118147.148802,
    "it": 1721118162.3063948,
    "ja": 1721118177.4694426,
    "ko": 1721118192.627674,
    "pl": 1721118207.7767215,
    "pt-BR": 1721118222.9499803,
    "ru": 1721118238.1100082,
    "tr": 1721118253.2750075
}