{
    "en-US": 1719731726.5791323,
    "ar": 1719731741.7489345,
    "de": 1719731756.9235616,
    "es-ES": 1719731772.091601,
    "es-MX": 1719731787.2627318,
    "fr": 1719731802.4190507,
    "it": 1719731817.6145391,
    "ja": 1719731832.7827818,
    "ko": 1719731847.9488564,
    "pl": 1719731863.106299,
    "pt-BR": 1719731878.2787914,
    "ru": 1719731893.439694,
    "tr": 1719731908.6158576
}