{
    "en-US": 1715648739.5055587,
    "ar": 1715648755.6160417,
    "de": 1715648771.2752123,
    "es-ES": 1715648786.8841932,
    "es-MX": 1715648802.320387,
    "fr": 1715648818.063777,
    "it": 1715648833.4803026,
    "ja": 1715648851.1395714,
    "ko": 1715648866.3204288,
    "pl": 1715648881.4386475,
    "pt-BR": 1715648896.5568004,
    "ru": 1715648912.3395493,
    "tr": 1715648928.0391414
}