{
    "en-US": 1724948523.23458,
    "ar": 1724948538.3566296,
    "de": 1724948553.4853349,
    "es-ES": 1724948568.5857096,
    "es-MX": 1724948583.7320864,
    "fr": 1724948598.8413389,
    "it": 1724948613.9690716,
    "ja": 1724948629.0892036,
    "ko": 1724948644.2044082,
    "pl": 1724948659.3155396,
    "pt-BR": 1724948674.4510374,
    "ru": 1724948689.5754654,
    "tr": 1724948704.6881542
}