{
    "en-US": 1723171092.0482593,
    "ar": 1723171107.150427,
    "de": 1723171122.2538748,
    "es-ES": 1723171137.3538997,
    "es-MX": 1723171152.4747062,
    "fr": 1723171167.6134455,
    "it": 1723171182.714753,
    "ja": 1723171197.808678,
    "ko": 1723171212.904775,
    "pl": 1723171227.9902422,
    "pt-BR": 1723171243.0984828,
    "ru": 1723171258.2037516,
    "tr": 1723171273.3005733
}