{
    "en-US": 1722111405.8279965,
    "ar": 1722111420.931225,
    "de": 1722111436.0396056,
    "es-ES": 1722111451.1339538,
    "es-MX": 1722111466.247405,
    "fr": 1722111481.438879,
    "it": 1722111496.5598264,
    "ja": 1722111511.6515193,
    "ko": 1722111526.7555351,
    "pl": 1722111541.8408594,
    "pt-BR": 1722111556.9474626,
    "ru": 1722111572.042154,
    "tr": 1722111587.1637475
}