{
    "en-US": 1714998519.0930111,
    "ar": 1714998535.2017717,
    "de": 1714998550.8251412,
    "es-ES": 1714998566.389273,
    "es-MX": 1714998582.031559,
    "fr": 1714998597.696074,
    "it": 1714998613.3043158,
    "ja": 1714998631.3597357,
    "ko": 1714998648.6595538,
    "pl": 1714998664.3952465,
    "pt-BR": 1714998680.1543682,
    "ru": 1714998695.9448678,
    "tr": 1714998711.9273617
}