{
    "en-US": 1715999280.9775176,
    "ar": 1715999296.9138212,
    "de": 1715999312.4174454,
    "es-ES": 1715999327.9020507,
    "es-MX": 1715999343.4492004,
    "fr": 1715999359.0042353,
    "it": 1715999374.5359523,
    "ja": 1715999391.858182,
    "ko": 1715999408.4783955,
    "pl": 1715999424.0013127,
    "pt-BR": 1715999439.6224806,
    "ru": 1715999455.24512,
    "tr": 1715999470.826211
}