{
    "en-US": 1715631374.5439904,
    "ar": 1715631390.3502338,
    "de": 1715631405.8107364,
    "es-ES": 1715631421.223723,
    "es-MX": 1715631436.7106967,
    "fr": 1715631452.1999826,
    "it": 1715631467.689109,
    "ja": 1715631484.7768645,
    "ko": 1715631501.3918288,
    "pl": 1715631516.8519835,
    "pt-BR": 1715631532.3444932,
    "ru": 1715631548.0785782,
    "tr": 1715631563.6057987
}