{
    "en-US": 1721982015.3043528,
    "ar": 1721982030.5018113,
    "de": 1721982045.6973472,
    "es-ES": 1721982060.90698,
    "es-MX": 1721982076.1421494,
    "fr": 1721982091.3495688,
    "it": 1721982106.5937157,
    "ja": 1721982121.802387,
    "ko": 1721982137.016388,
    "pl": 1721982152.2271574,
    "pt-BR": 1721982167.4400232,
    "ru": 1721982182.6489685,
    "tr": 1721982197.873978
}