{
    "en-US": 1724361481.799009,
    "ar": 1724361497.049992,
    "de": 1724361512.3083205,
    "es-ES": 1724361527.5306845,
    "es-MX": 1724361542.7650332,
    "fr": 1724361557.9816458,
    "it": 1724361573.2341597,
    "ja": 1724361588.4754033,
    "ko": 1724361603.7066622,
    "pl": 1724361618.9304469,
    "pt-BR": 1724361634.1659973,
    "ru": 1724361649.4082475,
    "tr": 1724361664.6319573
}