{
    "en-US": 1722918051.5036368,
    "ar": 1722918066.6078265,
    "de": 1722918081.7187138,
    "es-ES": 1722918096.808954,
    "es-MX": 1722918111.9161034,
    "fr": 1722918127.0044913,
    "it": 1722918142.1195447,
    "ja": 1722918157.2175715,
    "ko": 1722918172.3099632,
    "pl": 1722918187.3950465,
    "pt-BR": 1722918202.500246,
    "ru": 1722918217.5914943,
    "tr": 1722918232.7208343
}