{
    "en-US": 1716527735.0347393,
    "ar": 1716527750.8211248,
    "de": 1716527766.3217545,
    "es-ES": 1716527781.8058589,
    "es-MX": 1716527797.376796,
    "fr": 1716527812.940293,
    "it": 1716527828.501337,
    "ja": 1716527844.6172566,
    "ko": 1716527860.5983393,
    "pl": 1716527876.1546829,
    "pt-BR": 1716527891.7111893,
    "ru": 1716527907.2960443,
    "tr": 1716527922.8982556
}