{
    "en-US": 1723775807.2069347,
    "ar": 1723775822.3107574,
    "de": 1723775837.4202797,
    "es-ES": 1723775852.5222354,
    "es-MX": 1723775867.6433656,
    "fr": 1723775882.742251,
    "it": 1723775897.8509793,
    "ja": 1723775912.937572,
    "ko": 1723775928.024996,
    "pl": 1723775943.1089053,
    "pt-BR": 1723775958.220226,
    "ru": 1723775973.3272517,
    "tr": 1723775988.4212544
}