{
    "en-US": 1714015370.700682,
    "ar": 1714015386.6536815,
    "de": 1714015402.2159684,
    "es-ES": 1714015417.730958,
    "es-MX": 1714015433.276431,
    "fr": 1714015448.8903062,
    "it": 1714015464.5130289,
    "ja": 1714015481.950406,
    "ko": 1714015498.8438907,
    "pl": 1714015514.4451525,
    "pt-BR": 1714015530.0423439,
    "ru": 1714015545.69965,
    "tr": 1714015561.453864
}