{
    "en-US": 1718353201.76795,
    "ar": 1718353216.975296,
    "de": 1718353232.223943,
    "es-ES": 1718353247.390952,
    "es-MX": 1718353262.5773103,
    "fr": 1718353277.7491755,
    "it": 1718353292.950832,
    "ja": 1718353308.115221,
    "ko": 1718353323.2816825,
    "pl": 1718353338.4449172,
    "pt-BR": 1718353353.6209533,
    "ru": 1718353368.8075547,
    "tr": 1718353384.0088654
}