{
    "en-US": 1725704253.7205443,
    "ar": 1725704268.9450781,
    "de": 1725704284.1779068,
    "es-ES": 1725704299.405635,
    "es-MX": 1725704314.6453686,
    "fr": 1725704329.896474,
    "it": 1725704345.1576033,
    "ja": 1725704360.3847303,
    "ko": 1725704375.6293464,
    "pl": 1725704390.8558557,
    "pt-BR": 1725704406.0941904,
    "ru": 1725704421.3527176,
    "tr": 1725704436.5854588
}