{
    "en-US": 1713839160.320463,
    "ar": 1713839176.3045683,
    "de": 1713839191.7227538,
    "es-ES": 1713839207.1490092,
    "es-MX": 1713839222.592226,
    "fr": 1713839238.054891,
    "it": 1713839253.530563,
    "ja": 1713839269.6814165,
    "ko": 1713839286.364927,
    "pl": 1713839302.055095,
    "pt-BR": 1713839317.5388546,
    "ru": 1713839333.0631008,
    "tr": 1713839348.5363116
}