{
    "en-US": 1714853783.5735128,
    "ar": 1714853798.8300738,
    "de": 1714853814.668176,
    "es-ES": 1714853829.9263172,
    "es-MX": 1714853845.1618018,
    "fr": 1714853860.9473517,
    "it": 1714853876.2152917,
    "ja": 1714853892.6254,
    "ko": 1714853907.897308,
    "pl": 1714853923.1211004,
    "pt-BR": 1714853938.34437,
    "ru": 1714853953.577285,
    "tr": 1714853968.7952409
}