{
    "en-US": 1721802218.1534376,
    "ar": 1721802233.343376,
    "de": 1721802248.514759,
    "es-ES": 1721802263.673407,
    "es-MX": 1721802278.862921,
    "fr": 1721802294.0369804,
    "it": 1721802309.2273676,
    "ja": 1721802324.4055247,
    "ko": 1721802339.5804074,
    "pl": 1721802354.741111,
    "pt-BR": 1721802369.914164,
    "ru": 1721802385.0835123,
    "tr": 1721802400.279279
}