{
    "en-US": 1723785411.4653487,
    "ar": 1723785426.564001,
    "de": 1723785441.668763,
    "es-ES": 1723785456.7581189,
    "es-MX": 1723785471.8640528,
    "fr": 1723785486.9765725,
    "it": 1723785502.0752783,
    "ja": 1723785517.1662245,
    "ko": 1723785532.256165,
    "pl": 1723785547.3498304,
    "pt-BR": 1723785562.4582756,
    "ru": 1723785577.5953045,
    "tr": 1723785592.6899033
}