{
    "en-US": 1719210167.982162,
    "ar": 1719210184.3030736,
    "de": 1719210200.0057943,
    "es-ES": 1719210215.147432,
    "es-MX": 1719210230.3104947,
    "fr": 1719210245.4051073,
    "it": 1719210260.5191483,
    "ja": 1719210275.621106,
    "ko": 1719210290.744828,
    "pl": 1719210305.8515005,
    "pt-BR": 1719210320.9940228,
    "ru": 1719210336.0973668,
    "tr": 1719210351.2389524
}