{
    "en-US": 1720060426.4813643,
    "ar": 1720060441.6633239,
    "de": 1720060456.8597755,
    "es-ES": 1720060472.0704334,
    "es-MX": 1720060487.272335,
    "fr": 1720060502.4453943,
    "it": 1720060517.6707978,
    "ja": 1720060532.8592823,
    "ko": 1720060548.048699,
    "pl": 1720060563.2258022,
    "pt-BR": 1720060578.4131277,
    "ru": 1720060593.591943,
    "tr": 1720060608.7955961
}