{
    "en-US": 1716740363.997004,
    "ar": 1716740380.0795677,
    "de": 1716740395.4694295,
    "es-ES": 1716740410.79844,
    "es-MX": 1716740426.5472088,
    "fr": 1716740442.3357542,
    "it": 1716740457.790839,
    "ja": 1716740475.200237,
    "ko": 1716740491.9213686,
    "pl": 1716740507.3893108,
    "pt-BR": 1716740522.8577392,
    "ru": 1716740538.3650286,
    "tr": 1716740553.884646
}