{
    "en-US": 1719307064.3452332,
    "ar": 1719307079.4467769,
    "de": 1719307094.597427,
    "es-ES": 1719307109.698941,
    "es-MX": 1719307124.810983,
    "fr": 1719307139.9072754,
    "it": 1719307155.0629914,
    "ja": 1719307170.1617224,
    "ko": 1719307185.2672353,
    "pl": 1719307200.385273,
    "pt-BR": 1719307215.4984176,
    "ru": 1719307230.5972767,
    "tr": 1719307245.7278142
}