{
    "en-US": 1716366047.802874,
    "ar": 1716366063.6992462,
    "de": 1716366079.223096,
    "es-ES": 1716366094.6981797,
    "es-MX": 1716366110.2520869,
    "fr": 1716366125.7981875,
    "it": 1716366141.350947,
    "ja": 1716366158.480009,
    "ko": 1716366174.9849694,
    "pl": 1716366190.7909377,
    "pt-BR": 1716366206.3279676,
    "ru": 1716366221.9515266,
    "tr": 1716366237.5417106
}