{
    "en-US": 1715019794.748897,
    "ar": 1715019811.0098786,
    "de": 1715019826.7928126,
    "es-ES": 1715019842.6451614,
    "es-MX": 1715019858.6074266,
    "fr": 1715019874.3648226,
    "it": 1715019890.1839685,
    "ja": 1715019908.0576382,
    "ko": 1715019925.3839114,
    "pl": 1715019941.2041686,
    "pt-BR": 1715019956.9922917,
    "ru": 1715019972.8688517,
    "tr": 1715019988.8270183
}