{
    "en-US": 1716437921.1976657,
    "ar": 1716437937.204555,
    "de": 1716437952.5590901,
    "es-ES": 1716437968.0970736,
    "es-MX": 1716437983.5101032,
    "fr": 1716437998.9279096,
    "it": 1716438014.6301527,
    "ja": 1716438031.8546116,
    "ko": 1716438048.5433931,
    "pl": 1716438063.9965672,
    "pt-BR": 1716438079.4903052,
    "ru": 1716438094.9874856,
    "tr": 1716438110.42543
}