{
    "en-US": 1715430401.3614056,
    "ar": 1715430417.4072807,
    "de": 1715430433.0323722,
    "es-ES": 1715430448.640297,
    "es-MX": 1715430464.234734,
    "fr": 1715430480.0390453,
    "it": 1715430495.6974616,
    "ja": 1715430514.3677306,
    "ko": 1715430532.317509,
    "pl": 1715430547.9794967,
    "pt-BR": 1715430563.5961404,
    "ru": 1715430579.2886183,
    "tr": 1715430595.0380666
}