{
    "en-US": 1725481198.4162169,
    "ar": 1725481213.560019,
    "de": 1725481228.7000582,
    "es-ES": 1725481243.8265908,
    "es-MX": 1725481258.963329,
    "fr": 1725481274.224357,
    "it": 1725481289.3532324,
    "ja": 1725481304.4781532,
    "ko": 1725481319.6088462,
    "pl": 1725481334.7248724,
    "pt-BR": 1725481349.865147,
    "ru": 1725481365.0132246,
    "tr": 1725481380.154547
}