{
    "en-US": 1719843326.7752604,
    "ar": 1719843341.934341,
    "de": 1719843357.0677469,
    "es-ES": 1719843372.1884544,
    "es-MX": 1719843387.3211641,
    "fr": 1719843402.4483972,
    "it": 1719843417.597104,
    "ja": 1719843432.7540405,
    "ko": 1719843447.8735347,
    "pl": 1719843462.98797,
    "pt-BR": 1719843478.191218,
    "ru": 1719843493.3152564,
    "tr": 1719843508.4553561
}