{
    "en-US": 1724476591.1312926,
    "ar": 1724476606.231774,
    "de": 1724476621.3403757,
    "es-ES": 1724476636.4283893,
    "es-MX": 1724476651.5783405,
    "fr": 1724476666.6663198,
    "it": 1724476681.7733471,
    "ja": 1724476696.8637805,
    "ko": 1724476711.9641693,
    "pl": 1724476727.0511827,
    "pt-BR": 1724476742.1727438,
    "ru": 1724476757.2611902,
    "tr": 1724476772.3576913
}