{
    "en-US": 1724966234.9243803,
    "ar": 1724966250.1037612,
    "de": 1724966265.2682583,
    "es-ES": 1724966280.4357405,
    "es-MX": 1724966295.6320202,
    "fr": 1724966310.786982,
    "it": 1724966325.9565704,
    "ja": 1724966341.1189153,
    "ko": 1724966356.2803288,
    "pl": 1724966371.4565682,
    "pt-BR": 1724966386.6458364,
    "ru": 1724966401.8091514,
    "tr": 1724966416.97248
}