{
    "en-US": 1717727650.4649732,
    "ar": 1717727666.8266616,
    "de": 1717727682.6859224,
    "es-ES": 1717727697.8691995,
    "es-MX": 1717727713.0503793,
    "fr": 1717727728.2234166,
    "it": 1717727743.3975236,
    "ja": 1717727758.5572174,
    "ko": 1717727773.744385,
    "pl": 1717727788.9075162,
    "pt-BR": 1717727804.0858734,
    "ru": 1717727819.246401,
    "tr": 1717727834.4219508
}