{
    "en-US": 1714018734.7203588,
    "ar": 1714018750.6666963,
    "de": 1714018766.0143476,
    "es-ES": 1714018781.525217,
    "es-MX": 1714018796.9096613,
    "fr": 1714018812.3005812,
    "it": 1714018827.6847856,
    "ja": 1714018845.3998356,
    "ko": 1714018862.4870129,
    "pl": 1714018877.8750572,
    "pt-BR": 1714018893.2791843,
    "ru": 1714018908.9571998,
    "tr": 1714018924.4114466
}