{
    "en-US": 1725801576.787146,
    "ar": 1725801591.9348254,
    "de": 1725801607.0730028,
    "es-ES": 1725801622.212054,
    "es-MX": 1725801637.3734448,
    "fr": 1725801652.5054455,
    "it": 1725801667.6499324,
    "ja": 1725801682.7778738,
    "ko": 1725801697.916297,
    "pl": 1725801713.0453837,
    "pt-BR": 1725801728.2031305,
    "ru": 1725801743.3330228,
    "tr": 1725801758.469028
}