{
    "en-US": 1717884969.2086103,
    "ar": 1717884985.0644212,
    "de": 1717885000.475044,
    "es-ES": 1717885015.600117,
    "es-MX": 1717885030.7178888,
    "fr": 1717885045.82547,
    "it": 1717885060.965263,
    "ja": 1717885076.1411314,
    "ko": 1717885091.2422934,
    "pl": 1717885106.342924,
    "pt-BR": 1717885121.4557753,
    "ru": 1717885136.5540462,
    "tr": 1717885151.7196953
}