{
    "en-US": 1723396496.9090507,
    "ar": 1723396512.0038283,
    "de": 1723396527.1014671,
    "es-ES": 1723396542.183805,
    "es-MX": 1723396557.269839,
    "fr": 1723396572.377412,
    "it": 1723396587.4891403,
    "ja": 1723396602.58426,
    "ko": 1723396617.6729822,
    "pl": 1723396632.7540717,
    "pt-BR": 1723396647.8650148,
    "ru": 1723396662.983334,
    "tr": 1723396678.08071
}