{
    "en-US": 1722197849.0642412,
    "ar": 1722197864.16084,
    "de": 1722197879.25491,
    "es-ES": 1722197894.335883,
    "es-MX": 1722197909.4371777,
    "fr": 1722197924.5249064,
    "it": 1722197939.6278765,
    "ja": 1722197954.7189205,
    "ko": 1722197969.8032284,
    "pl": 1722197984.8997467,
    "pt-BR": 1722198000.0178812,
    "ru": 1722198015.1135309,
    "tr": 1722198030.2128482
}