{
    "en-US": 1722042590.790548,
    "ar": 1722042605.8982642,
    "de": 1722042620.9918613,
    "es-ES": 1722042636.0842721,
    "es-MX": 1722042651.182366,
    "fr": 1722042666.3036234,
    "it": 1722042681.3930244,
    "ja": 1722042696.4851706,
    "ko": 1722042711.5816941,
    "pl": 1722042726.6717722,
    "pt-BR": 1722042741.7649112,
    "ru": 1722042756.8760905,
    "tr": 1722042771.9729273
}