{
    "en-US": 1724726307.9685345,
    "ar": 1724726323.1387877,
    "de": 1724726338.311945,
    "es-ES": 1724726353.47628,
    "es-MX": 1724726368.6601446,
    "fr": 1724726383.865188,
    "it": 1724726399.0447128,
    "ja": 1724726414.2103236,
    "ko": 1724726429.392048,
    "pl": 1724726444.5564802,
    "pt-BR": 1724726459.7327023,
    "ru": 1724726474.92956,
    "tr": 1724726490.105249
}