{
    "en-US": 1721615850.1395843,
    "ar": 1721615865.31447,
    "de": 1721615880.4821942,
    "es-ES": 1721615895.6399362,
    "es-MX": 1721615910.8250856,
    "fr": 1721615925.9780426,
    "it": 1721615941.1525567,
    "ja": 1721615956.305181,
    "ko": 1721615971.4663546,
    "pl": 1721615986.6273153,
    "pt-BR": 1721616001.846931,
    "ru": 1721616017.0098426,
    "tr": 1721616032.1705127
}