{
    "en-US": 1723450955.2696447,
    "ar": 1723450970.4327645,
    "de": 1723450985.5911605,
    "es-ES": 1723451000.7522433,
    "es-MX": 1723451015.9275916,
    "fr": 1723451031.0660875,
    "it": 1723451046.224476,
    "ja": 1723451061.375575,
    "ko": 1723451076.5235012,
    "pl": 1723451091.6724987,
    "pt-BR": 1723451106.8494904,
    "ru": 1723451122.0074556,
    "tr": 1723451137.1752598
}