{
    "en-US": 1722431985.7089338,
    "ar": 1722432000.8220234,
    "de": 1722432015.9381058,
    "es-ES": 1722432031.0423863,
    "es-MX": 1722432046.164832,
    "fr": 1722432061.2563958,
    "it": 1722432076.397062,
    "ja": 1722432091.5056772,
    "ko": 1722432106.6137805,
    "pl": 1722432121.7415905,
    "pt-BR": 1722432136.8571105,
    "ru": 1722432151.9718268,
    "tr": 1722432167.1081395
}