{
    "en-US": 1722190923.2314806,
    "ar": 1722190938.4485161,
    "de": 1722190953.6803873,
    "es-ES": 1722190968.8957567,
    "es-MX": 1722190984.108783,
    "fr": 1722190999.300064,
    "it": 1722191014.5462086,
    "ja": 1722191029.7538948,
    "ko": 1722191044.9976768,
    "pl": 1722191060.1953568,
    "pt-BR": 1722191075.3996618,
    "ru": 1722191090.5985198,
    "tr": 1722191105.8024638
}