{
    "en-US": 1722480057.430357,
    "ar": 1722480072.5363312,
    "de": 1722480087.6501684,
    "es-ES": 1722480102.7404068,
    "es-MX": 1722480117.8562684,
    "fr": 1722480132.965542,
    "it": 1722480148.0899374,
    "ja": 1722480163.180637,
    "ko": 1722480178.2791715,
    "pl": 1722480193.3646142,
    "pt-BR": 1722480208.4689507,
    "ru": 1722480223.564746,
    "tr": 1722480238.689969
}