{
    "en-US": 1720030875.6984274,
    "ar": 1720030890.8408694,
    "de": 1720030905.958205,
    "es-ES": 1720030921.0866716,
    "es-MX": 1720030936.2865598,
    "fr": 1720030951.4062755,
    "it": 1720030966.53983,
    "ja": 1720030981.6616063,
    "ko": 1720030996.8095822,
    "pl": 1720031011.9225004,
    "pt-BR": 1720031027.1148055,
    "ru": 1720031042.2501004,
    "tr": 1720031057.3801003
}