{
    "en-US": 1722688139.0849874,
    "ar": 1722688154.1836777,
    "de": 1722688169.2730253,
    "es-ES": 1722688184.3597426,
    "es-MX": 1722688199.4575179,
    "fr": 1722688214.5468302,
    "it": 1722688229.6588717,
    "ja": 1722688244.7467096,
    "ko": 1722688259.8360853,
    "pl": 1722688274.9238296,
    "pt-BR": 1722688290.0189197,
    "ru": 1722688305.114995,
    "tr": 1722688320.215185
}