{
    "en-US": 1718291893.2798162,
    "ar": 1718291910.8083365,
    "de": 1718291926.3176692,
    "es-ES": 1718291941.4552312,
    "es-MX": 1718291956.7549906,
    "fr": 1718291971.8550224,
    "it": 1718291986.9763944,
    "ja": 1718292002.0831938,
    "ko": 1718292017.2191954,
    "pl": 1718292032.3199773,
    "pt-BR": 1718292047.4574912,
    "ru": 1718292062.5601761,
    "tr": 1718292077.682079
}