{
    "en-US": 1723871855.931195,
    "ar": 1723871871.0323272,
    "de": 1723871886.1414893,
    "es-ES": 1723871901.23003,
    "es-MX": 1723871916.343701,
    "fr": 1723871931.4472272,
    "it": 1723871946.550039,
    "ja": 1723871961.6452723,
    "ko": 1723871976.7462206,
    "pl": 1723871991.8369858,
    "pt-BR": 1723872006.9428883,
    "ru": 1723872022.0594537,
    "tr": 1723872037.1600635
}