{
    "en-US": 1715422554.0862014,
    "ar": 1715422569.922441,
    "de": 1715422585.4167352,
    "es-ES": 1715422600.9005132,
    "es-MX": 1715422616.4409442,
    "fr": 1715422631.9919739,
    "it": 1715422647.5470343,
    "ja": 1715422663.8598518,
    "ko": 1715422679.9344747,
    "pl": 1715422695.473085,
    "pt-BR": 1715422711.043817,
    "ru": 1715422726.6564195,
    "tr": 1715422742.2270555
}