{
    "en-US": 1723713461.38287,
    "ar": 1723713476.5687716,
    "de": 1723713491.7468731,
    "es-ES": 1723713506.92185,
    "es-MX": 1723713522.120866,
    "fr": 1723713537.3191712,
    "it": 1723713552.4953897,
    "ja": 1723713567.6690729,
    "ko": 1723713582.8439474,
    "pl": 1723713598.0113041,
    "pt-BR": 1723713613.1983411,
    "ru": 1723713628.39093,
    "tr": 1723713643.5722826
}