{
    "en-US": 1720847765.577413,
    "ar": 1720847780.7622807,
    "de": 1720847795.9435863,
    "es-ES": 1720847811.1219628,
    "es-MX": 1720847826.326397,
    "fr": 1720847841.4950273,
    "it": 1720847856.679579,
    "ja": 1720847871.8676102,
    "ko": 1720847887.0728512,
    "pl": 1720847902.247062,
    "pt-BR": 1720847917.4561563,
    "ru": 1720847932.6312118,
    "tr": 1720847947.8049839
}