{
    "en-US": 1725056227.4206154,
    "ar": 1725056242.590841,
    "de": 1725056257.7811098,
    "es-ES": 1725056272.9491668,
    "es-MX": 1725056288.1548357,
    "fr": 1725056303.325042,
    "it": 1725056318.500341,
    "ja": 1725056333.6710446,
    "ko": 1725056348.8579404,
    "pl": 1725056364.0189567,
    "pt-BR": 1725056379.2031307,
    "ru": 1725056394.3692489,
    "tr": 1725056409.540874
}