{
    "en-US": 1722387569.7692516,
    "ar": 1722387584.8666675,
    "de": 1722387599.9785469,
    "es-ES": 1722387615.0736432,
    "es-MX": 1722387630.1803346,
    "fr": 1722387645.280561,
    "it": 1722387660.406022,
    "ja": 1722387675.49695,
    "ko": 1722387690.5916662,
    "pl": 1722387705.6766841,
    "pt-BR": 1722387720.7831945,
    "ru": 1722387735.8701186,
    "tr": 1722387750.9931676
}