{
    "en-US": 1722739080.1814673,
    "ar": 1722739095.3576207,
    "de": 1722739110.532494,
    "es-ES": 1722739125.6935153,
    "es-MX": 1722739140.8702404,
    "fr": 1722739156.036426,
    "it": 1722739171.2261014,
    "ja": 1722739186.3890061,
    "ko": 1722739201.5731835,
    "pl": 1722739216.7281666,
    "pt-BR": 1722739231.8909383,
    "ru": 1722739247.0476992,
    "tr": 1722739262.2618494
}