{
    "en-US": 1718871685.7524202,
    "ar": 1718871702.1290958,
    "de": 1718871717.6032507,
    "es-ES": 1718871732.7918925,
    "es-MX": 1718871747.994286,
    "fr": 1718871763.1619592,
    "it": 1718871778.3423448,
    "ja": 1718871793.5056741,
    "ko": 1718871808.689662,
    "pl": 1718871823.8472736,
    "pt-BR": 1718871839.0196514,
    "ru": 1718871854.1749048,
    "tr": 1718871869.33973
}