{
    "en-US": 1725498940.7202306,
    "ar": 1725498955.8239768,
    "de": 1725498970.9252925,
    "es-ES": 1725498986.0193589,
    "es-MX": 1725499001.1543021,
    "fr": 1725499016.2468865,
    "it": 1725499031.3482966,
    "ja": 1725499046.436239,
    "ko": 1725499061.545118,
    "pl": 1725499076.6401808,
    "pt-BR": 1725499091.782211,
    "ru": 1725499106.8840585,
    "tr": 1725499121.9965026
}