{
    "en-US": 1725340673.8167853,
    "ar": 1725340688.9241686,
    "de": 1725340704.034845,
    "es-ES": 1725340719.1337774,
    "es-MX": 1725340734.2496629,
    "fr": 1725340749.3745637,
    "it": 1725340764.485738,
    "ja": 1725340779.589434,
    "ko": 1725340794.6958873,
    "pl": 1725340809.7883024,
    "pt-BR": 1725340824.899255,
    "ru": 1725340840.0116346,
    "tr": 1725340855.119155
}