{
    "en-US": 1720790402.606036,
    "ar": 1720790417.749873,
    "de": 1720790432.8663962,
    "es-ES": 1720790447.9665847,
    "es-MX": 1720790463.0851774,
    "fr": 1720790478.1809323,
    "it": 1720790493.355455,
    "ja": 1720790508.4486175,
    "ko": 1720790523.5800846,
    "pl": 1720790538.6824582,
    "pt-BR": 1720790553.8441985,
    "ru": 1720790568.9543016,
    "tr": 1720790584.083711
}