{
    "en-US": 1724973460.5304854,
    "ar": 1724973475.829614,
    "de": 1724973491.1036391,
    "es-ES": 1724973506.361443,
    "es-MX": 1724973521.6284323,
    "fr": 1724973536.8815708,
    "it": 1724973552.1509175,
    "ja": 1724973567.4226935,
    "ko": 1724973582.689382,
    "pl": 1724973597.945285,
    "pt-BR": 1724973613.230883,
    "ru": 1724973628.4967124,
    "tr": 1724973643.7700818
}