{
    "en-US": 1717384747.6275952,
    "ar": 1717384763.3980029,
    "de": 1717384779.0595315,
    "es-ES": 1717384794.4244025,
    "es-MX": 1717384809.886042,
    "fr": 1717384825.6304095,
    "it": 1717384841.137425,
    "ja": 1717384858.647325,
    "ko": 1717384875.582407,
    "pl": 1717384891.0778816,
    "pt-BR": 1717384906.5652328,
    "ru": 1717384922.113085,
    "tr": 1717384937.6504793
}