{
    "en-US": 1724919737.830504,
    "ar": 1724919752.9361129,
    "de": 1724919768.0765686,
    "es-ES": 1724919783.1636865,
    "es-MX": 1724919798.2685814,
    "fr": 1724919813.378264,
    "it": 1724919828.4906461,
    "ja": 1724919843.5847864,
    "ko": 1724919858.689102,
    "pl": 1724919873.771837,
    "pt-BR": 1724919888.8708596,
    "ru": 1724919903.9810293,
    "tr": 1724919919.1059434
}