{
    "en-US": 1718932069.9560819,
    "ar": 1718932086.1965053,
    "de": 1718932102.1420002,
    "es-ES": 1718932117.27516,
    "es-MX": 1718932132.426581,
    "fr": 1718932147.539307,
    "it": 1718932162.6700692,
    "ja": 1718932177.7842374,
    "ko": 1718932192.9243426,
    "pl": 1718932208.0430307,
    "pt-BR": 1718932223.1695106,
    "ru": 1718932238.2838619,
    "tr": 1718932253.4334445
}