{
    "en-US": 1724070731.693199,
    "ar": 1724070746.7931423,
    "de": 1724070761.903095,
    "es-ES": 1724070777.00316,
    "es-MX": 1724070792.1528425,
    "fr": 1724070807.2465842,
    "it": 1724070822.3567052,
    "ja": 1724070837.4531384,
    "ko": 1724070852.5550086,
    "pl": 1724070867.6450732,
    "pt-BR": 1724070882.777716,
    "ru": 1724070897.875,
    "tr": 1724070913.0036964
}