{
    "en-US": 1723728007.745475,
    "ar": 1723728022.9185147,
    "de": 1723728038.0909333,
    "es-ES": 1723728053.246002,
    "es-MX": 1723728068.432449,
    "fr": 1723728083.5828447,
    "it": 1723728098.7443373,
    "ja": 1723728113.9051569,
    "ko": 1723728129.0569997,
    "pl": 1723728144.2166464,
    "pt-BR": 1723728159.4200706,
    "ru": 1723728174.574144,
    "tr": 1723728189.740296
}