{
    "en-US": 1714957524.3208532,
    "ar": 1714957540.4720511,
    "de": 1714957556.0249522,
    "es-ES": 1714957571.3723125,
    "es-MX": 1714957586.9525354,
    "fr": 1714957602.355458,
    "it": 1714957617.932273,
    "ja": 1714957636.0650709,
    "ko": 1714957653.2686043,
    "pl": 1714957668.8987033,
    "pt-BR": 1714957684.3230991,
    "ru": 1714957700.1001167,
    "tr": 1714957715.8980126
}