{
    "en-US": 1722140334.3323252,
    "ar": 1722140349.4209685,
    "de": 1722140364.5146246,
    "es-ES": 1722140379.5994828,
    "es-MX": 1722140394.7039514,
    "fr": 1722140409.7846184,
    "it": 1722140424.8879166,
    "ja": 1722140439.9674404,
    "ko": 1722140455.060322,
    "pl": 1722140470.1447158,
    "pt-BR": 1722140485.24518,
    "ru": 1722140500.3239994,
    "tr": 1722140515.425512
}