{
    "en-US": 1723439855.4213235,
    "ar": 1723439870.600665,
    "de": 1723439885.7828746,
    "es-ES": 1723439900.9337335,
    "es-MX": 1723439916.1195865,
    "fr": 1723439931.2629266,
    "it": 1723439946.4295986,
    "ja": 1723439961.5925975,
    "ko": 1723439976.7517881,
    "pl": 1723439991.9376957,
    "pt-BR": 1723440007.1316006,
    "ru": 1723440022.2905533,
    "tr": 1723440037.4627604
}