{
    "en-US": 1725159193.71259,
    "ar": 1725159208.8837748,
    "de": 1725159224.0504978,
    "es-ES": 1725159239.2129824,
    "es-MX": 1725159254.4075873,
    "fr": 1725159269.5628717,
    "it": 1725159284.7277956,
    "ja": 1725159299.8978665,
    "ko": 1725159315.0686944,
    "pl": 1725159330.2228467,
    "pt-BR": 1725159345.3998704,
    "ru": 1725159360.55251,
    "tr": 1725159375.7113802
}