{
    "en-US": 1718240897.8142862,
    "ar": 1718240914.0807028,
    "de": 1718240929.8289642,
    "es-ES": 1718240944.9746337,
    "es-MX": 1718240960.1787765,
    "fr": 1718240975.297569,
    "it": 1718240990.433515,
    "ja": 1718241005.552136,
    "ko": 1718241020.7469313,
    "pl": 1718241035.8876195,
    "pt-BR": 1718241051.0052152,
    "ru": 1718241066.1080132,
    "tr": 1718241081.2213056
}