{
    "en-US": 1714179749.0802581,
    "ar": 1714179765.1104622,
    "de": 1714179780.4762843,
    "es-ES": 1714179796.0652988,
    "es-MX": 1714179811.6489198,
    "fr": 1714179827.7463832,
    "it": 1714179843.3909483,
    "ja": 1714179861.1883893,
    "ko": 1714179878.481711,
    "pl": 1714179894.1509433,
    "pt-BR": 1714179909.5802002,
    "ru": 1714179925.119061,
    "tr": 1714179940.8302982
}