{
    "en-US": 1724030009.8585753,
    "ar": 1724030024.959521,
    "de": 1724030040.0857797,
    "es-ES": 1724030055.176668,
    "es-MX": 1724030070.301869,
    "fr": 1724030085.3928835,
    "it": 1724030100.5049925,
    "ja": 1724030115.5992174,
    "ko": 1724030130.714688,
    "pl": 1724030145.83419,
    "pt-BR": 1724030160.968257,
    "ru": 1724030176.0666945,
    "tr": 1724030191.17424
}