{
    "en-US": 1717262073.2724361,
    "ar": 1717262089.3057537,
    "de": 1717262104.6740122,
    "es-ES": 1717262120.0337205,
    "es-MX": 1717262135.537777,
    "fr": 1717262151.3148305,
    "it": 1717262167.0225909,
    "ja": 1717262184.5002112,
    "ko": 1717262201.781895,
    "pl": 1717262217.280101,
    "pt-BR": 1717262232.8178163,
    "ru": 1717262248.4376602,
    "tr": 1717262263.9619205
}