{
    "en-US": 1725290310.510417,
    "ar": 1725290325.6926432,
    "de": 1725290340.8787327,
    "es-ES": 1725290356.0586443,
    "es-MX": 1725290371.2701497,
    "fr": 1725290386.4475524,
    "it": 1725290401.6538613,
    "ja": 1725290416.8322713,
    "ko": 1725290432.0112798,
    "pl": 1725290447.1821332,
    "pt-BR": 1725290462.3933163,
    "ru": 1725290477.57631,
    "tr": 1725290492.7663183
}