{
    "en-US": 1720660270.24165,
    "ar": 1720660285.342129,
    "de": 1720660300.458463,
    "es-ES": 1720660315.563947,
    "es-MX": 1720660330.690464,
    "fr": 1720660345.7801487,
    "it": 1720660360.92185,
    "ja": 1720660376.0130541,
    "ko": 1720660391.1189835,
    "pl": 1720660406.2065396,
    "pt-BR": 1720660421.3217309,
    "ru": 1720660436.4324653,
    "tr": 1720660451.5936103
}