{
    "en-US": 1719479881.7321482,
    "ar": 1719479896.862245,
    "de": 1719479912.0283022,
    "es-ES": 1719479927.1353006,
    "es-MX": 1719479942.288636,
    "fr": 1719479957.3964798,
    "it": 1719479972.5103385,
    "ja": 1719479987.6104763,
    "ko": 1719480002.7210119,
    "pl": 1719480017.8266566,
    "pt-BR": 1719480032.9702373,
    "ru": 1719480048.0748076,
    "tr": 1719480063.196403
}