{
    "en-US": 1719796570.4545202,
    "ar": 1719796585.569923,
    "de": 1719796600.6963904,
    "es-ES": 1719796615.8076427,
    "es-MX": 1719796630.9197056,
    "fr": 1719796646.0260363,
    "it": 1719796661.1417053,
    "ja": 1719796676.239934,
    "ko": 1719796691.3548696,
    "pl": 1719796706.4721787,
    "pt-BR": 1719796721.5848436,
    "ru": 1719796736.684528,
    "tr": 1719796751.7864187
}