{
    "en-US": 1720365402.4416919,
    "ar": 1720365417.626767,
    "de": 1720365432.8214836,
    "es-ES": 1720365448.0010774,
    "es-MX": 1720365463.2239168,
    "fr": 1720365478.402253,
    "it": 1720365493.5841572,
    "ja": 1720365508.8053634,
    "ko": 1720365523.9853766,
    "pl": 1720365539.160963,
    "pt-BR": 1720365554.3842914,
    "ru": 1720365569.5628204,
    "tr": 1720365584.7343183
}