{
    "en-US": 1714969195.038183,
    "ar": 1714969210.2216098,
    "de": 1714969225.3846023,
    "es-ES": 1714969240.5357993,
    "es-MX": 1714969255.6970012,
    "fr": 1714969270.8311083,
    "it": 1714969286.02133,
    "ja": 1714969301.2339904,
    "ko": 1714969316.3822978,
    "pl": 1714969331.5338154,
    "pt-BR": 1714969346.7172205,
    "ru": 1714969361.8822124,
    "tr": 1714969377.0441678
}