{
    "en-US": 1722230294.563807,
    "ar": 1722230309.665548,
    "de": 1722230324.7673526,
    "es-ES": 1722230339.8512695,
    "es-MX": 1722230354.9635105,
    "fr": 1722230370.060058,
    "it": 1722230385.1742923,
    "ja": 1722230400.2646852,
    "ko": 1722230415.3547542,
    "pl": 1722230430.4466739,
    "pt-BR": 1722230445.5580406,
    "ru": 1722230460.645883,
    "tr": 1722230475.7569118
}