{
    "en-US": 1722896138.4474955,
    "ar": 1722896153.6098588,
    "de": 1722896168.807071,
    "es-ES": 1722896183.968715,
    "es-MX": 1722896199.126962,
    "fr": 1722896214.2780704,
    "it": 1722896229.4730003,
    "ja": 1722896244.6451836,
    "ko": 1722896259.8103614,
    "pl": 1722896274.9828207,
    "pt-BR": 1722896290.1541755,
    "ru": 1722896305.3082385,
    "tr": 1722896320.4802058
}