{
    "en-US": 1721305919.5853279,
    "ar": 1721305934.7634804,
    "de": 1721305949.9452364,
    "es-ES": 1721305965.1047666,
    "es-MX": 1721305980.269924,
    "fr": 1721305995.442356,
    "it": 1721306010.6195514,
    "ja": 1721306025.7941616,
    "ko": 1721306040.958866,
    "pl": 1721306056.1190786,
    "pt-BR": 1721306071.3304052,
    "ru": 1721306086.5118492,
    "tr": 1721306101.6899025
}