{
    "en-US": 1719159525.7171817,
    "ar": 1719159541.6656475,
    "de": 1719159557.4184816,
    "es-ES": 1719159572.5724165,
    "es-MX": 1719159587.7331457,
    "fr": 1719159602.8420753,
    "it": 1719159617.9693706,
    "ja": 1719159633.0710185,
    "ko": 1719159648.2583678,
    "pl": 1719159663.38035,
    "pt-BR": 1719159678.519671,
    "ru": 1719159693.6368916,
    "tr": 1719159708.778763
}