{
    "en-US": 1718475650.2956324,
    "ar": 1718475666.1864586,
    "de": 1718475681.5912714,
    "es-ES": 1718475696.7181475,
    "es-MX": 1718475711.886419,
    "fr": 1718475727.0126572,
    "it": 1718475742.1264408,
    "ja": 1718475757.224702,
    "ko": 1718475772.3345215,
    "pl": 1718475787.446044,
    "pt-BR": 1718475802.587769,
    "ru": 1718475817.7348747,
    "tr": 1718475832.848757
}