{
    "en-US": 1714703290.729029,
    "ar": 1714703306.843002,
    "de": 1714703322.3928819,
    "es-ES": 1714703337.9151824,
    "es-MX": 1714703353.7127342,
    "fr": 1714703369.275208,
    "it": 1714703385.0529478,
    "ja": 1714703403.580085,
    "ko": 1714703420.8749828,
    "pl": 1714703436.4587657,
    "pt-BR": 1714703452.0227308,
    "ru": 1714703467.6926346,
    "tr": 1714703483.3366673
}