{
    "en-US": 1723789375.7195723,
    "ar": 1723789390.8904068,
    "de": 1723789406.0811548,
    "es-ES": 1723789421.243905,
    "es-MX": 1723789436.4070773,
    "fr": 1723789451.5834856,
    "it": 1723789466.7620614,
    "ja": 1723789481.9201093,
    "ko": 1723789497.0842426,
    "pl": 1723789512.2447374,
    "pt-BR": 1723789527.420569,
    "ru": 1723789542.6105618,
    "tr": 1723789557.7773368
}