{
    "en-US": 1714443911.326304,
    "ar": 1714443927.2849798,
    "de": 1714443942.6443083,
    "es-ES": 1714443957.995977,
    "es-MX": 1714443973.4010122,
    "fr": 1714443988.8249946,
    "it": 1714444004.2452435,
    "ja": 1714444022.2111912,
    "ko": 1714444039.1523414,
    "pl": 1714444054.5848918,
    "pt-BR": 1714444070.0029993,
    "ru": 1714444085.5234466,
    "tr": 1714444101.035242
}