{
    "en-US": 1719958574.7459,
    "ar": 1719958590.0176566,
    "de": 1719958605.1974342,
    "es-ES": 1719958620.3735814,
    "es-MX": 1719958635.5530875,
    "fr": 1719958650.7294571,
    "it": 1719958665.9289536,
    "ja": 1719958681.1016657,
    "ko": 1719958696.2823706,
    "pl": 1719958711.4565587,
    "pt-BR": 1719958726.643578,
    "ru": 1719958741.8172717,
    "tr": 1719958757.0155637
}