{
    "en-US": 1718576206.6361861,
    "ar": 1718576222.5925412,
    "de": 1718576238.0687733,
    "es-ES": 1718576253.2596102,
    "es-MX": 1718576268.4835246,
    "fr": 1718576283.650821,
    "it": 1718576298.8356462,
    "ja": 1718576314.0003877,
    "ko": 1718576329.1946933,
    "pl": 1718576344.3743396,
    "pt-BR": 1718576359.5516434,
    "ru": 1718576374.723131,
    "tr": 1718576389.9031458
}