{
    "en-US": 1723123218.1004915,
    "ar": 1723123233.2000513,
    "de": 1723123248.3126822,
    "es-ES": 1723123263.4055378,
    "es-MX": 1723123278.5231233,
    "fr": 1723123293.6123676,
    "it": 1723123308.722986,
    "ja": 1723123323.8209114,
    "ko": 1723123338.9136217,
    "pl": 1723123354.0053806,
    "pt-BR": 1723123369.138012,
    "ru": 1723123384.234895,
    "tr": 1723123399.3305628
}