{
    "en-US": 1719750535.3589468,
    "ar": 1719750550.534937,
    "de": 1719750565.722233,
    "es-ES": 1719750580.8847756,
    "es-MX": 1719750596.0773668,
    "fr": 1719750611.2417295,
    "it": 1719750626.4248488,
    "ja": 1719750641.5984843,
    "ko": 1719750656.762944,
    "pl": 1719750671.9215872,
    "pt-BR": 1719750687.1086783,
    "ru": 1719750702.2872844,
    "tr": 1719750717.4466946
}