{
    "en-US": 1723806928.5836823,
    "ar": 1723806943.756517,
    "de": 1723806958.9270763,
    "es-ES": 1723806974.0918667,
    "es-MX": 1723806989.2751112,
    "fr": 1723807004.446193,
    "it": 1723807019.6181407,
    "ja": 1723807034.7972002,
    "ko": 1723807049.964333,
    "pl": 1723807065.1303332,
    "pt-BR": 1723807080.308105,
    "ru": 1723807095.4998364,
    "tr": 1723807110.6682317
}