{
    "en-US": 1725625978.368998,
    "ar": 1725625993.5234501,
    "de": 1725626008.6481705,
    "es-ES": 1725626023.7472484,
    "es-MX": 1725626038.8713574,
    "fr": 1725626054.0054276,
    "it": 1725626069.1661565,
    "ja": 1725626084.2759707,
    "ko": 1725626099.3873863,
    "pl": 1725626114.4958935,
    "pt-BR": 1725626129.6185315,
    "ru": 1725626144.746402,
    "tr": 1725626159.8641033
}