{
    "en-US": 1721877502.110401,
    "ar": 1721877517.275446,
    "de": 1721877532.4637547,
    "es-ES": 1721877547.6238277,
    "es-MX": 1721877562.7909033,
    "fr": 1721877577.9539075,
    "it": 1721877593.1301866,
    "ja": 1721877608.2891345,
    "ko": 1721877623.489865,
    "pl": 1721877638.6544092,
    "pt-BR": 1721877653.8407164,
    "ru": 1721877669.007497,
    "tr": 1721877684.187331
}