{
    "en-US": 1722525454.3181772,
    "ar": 1722525469.4943082,
    "de": 1722525484.6580515,
    "es-ES": 1722525499.8235576,
    "es-MX": 1722525515.0134094,
    "fr": 1722525530.1611958,
    "it": 1722525545.3450985,
    "ja": 1722525560.5000374,
    "ko": 1722525575.6643887,
    "pl": 1722525590.8212526,
    "pt-BR": 1722525606.0040443,
    "ru": 1722525621.1769502,
    "tr": 1722525636.3337772
}