{
    "en-US": 1713737677.603847,
    "ar": 1713737693.7196236,
    "de": 1713737709.1961036,
    "es-ES": 1713737724.9710546,
    "es-MX": 1713737740.757301,
    "fr": 1713737756.2866447,
    "it": 1713737771.823553,
    "ja": 1713737789.445788,
    "ko": 1713737806.19019,
    "pl": 1713737821.7669997,
    "pt-BR": 1713737837.29938,
    "ru": 1713737852.906302,
    "tr": 1713737868.6813638
}