{
    "en-US": 1721524531.250397,
    "ar": 1721524546.4048557,
    "de": 1721524561.578397,
    "es-ES": 1721524576.7416477,
    "es-MX": 1721524591.9198697,
    "fr": 1721524607.075547,
    "it": 1721524622.2506244,
    "ja": 1721524637.4095433,
    "ko": 1721524652.5734937,
    "pl": 1721524667.726326,
    "pt-BR": 1721524682.9313617,
    "ru": 1721524698.098467,
    "tr": 1721524713.2569923
}