{
    "en-US": 1718159626.9720285,
    "ar": 1718159643.2560692,
    "de": 1718159659.263264,
    "es-ES": 1718159674.3921,
    "es-MX": 1718159689.5151854,
    "fr": 1718159704.6199613,
    "it": 1718159719.7317371,
    "ja": 1718159734.8317413,
    "ko": 1718159749.9548576,
    "pl": 1718159765.1124506,
    "pt-BR": 1718159780.2291238,
    "ru": 1718159795.337334,
    "tr": 1718159810.4539244
}