{
    "en-US": 1724340027.6107712,
    "ar": 1724340042.7141232,
    "de": 1724340057.8254848,
    "es-ES": 1724340072.923032,
    "es-MX": 1724340088.057251,
    "fr": 1724340103.1606047,
    "it": 1724340118.2607703,
    "ja": 1724340133.3537328,
    "ko": 1724340148.4513156,
    "pl": 1724340163.5580747,
    "pt-BR": 1724340178.6666973,
    "ru": 1724340193.7718163,
    "tr": 1724340208.869994
}