{
    "en-US": 1717496299.3343878,
    "ar": 1717496315.4370954,
    "de": 1717496330.8132663,
    "es-ES": 1717496346.1777418,
    "es-MX": 1717496361.5894713,
    "fr": 1717496377.0647972,
    "it": 1717496392.5387087,
    "ja": 1717496410.3242059,
    "ko": 1717496427.1848588,
    "pl": 1717496442.684755,
    "pt-BR": 1717496458.1861503,
    "ru": 1717496473.797251,
    "tr": 1717496489.5239322
}