{
    "en-US": 1718460896.9981887,
    "ar": 1718460912.902736,
    "de": 1718460928.620648,
    "es-ES": 1718460944.423894,
    "es-MX": 1718460959.6302395,
    "fr": 1718460974.7924075,
    "it": 1718460989.9739695,
    "ja": 1718461005.1393077,
    "ko": 1718461020.304823,
    "pl": 1718461035.5407543,
    "pt-BR": 1718461050.7084076,
    "ru": 1718461065.8821762,
    "tr": 1718461081.0461812
}