{
    "en-US": 1715890598.6952598,
    "ar": 1715890614.7091627,
    "de": 1715890630.2255442,
    "es-ES": 1715890645.7288284,
    "es-MX": 1715890661.6276946,
    "fr": 1715890677.1630492,
    "it": 1715890692.733807,
    "ja": 1715890710.4501445,
    "ko": 1715890727.3498704,
    "pl": 1715890742.9221268,
    "pt-BR": 1715890758.5260324,
    "ru": 1715890774.3938048,
    "tr": 1715890790.0069892
}