{
    "en-US": 1718418729.1786711,
    "ar": 1718418745.1729932,
    "de": 1718418760.8751082,
    "es-ES": 1718418776.0130072,
    "es-MX": 1718418791.1940136,
    "fr": 1718418806.3097992,
    "it": 1718418821.4207335,
    "ja": 1718418836.5182645,
    "ko": 1718418851.6510718,
    "pl": 1718418866.7490342,
    "pt-BR": 1718418881.8885026,
    "ru": 1718418896.9914284,
    "tr": 1718418912.1506343
}