{
    "en-US": 1716081011.9285183,
    "ar": 1716081027.7035098,
    "de": 1716081043.3968403,
    "es-ES": 1716081059.0244231,
    "es-MX": 1716081074.6887681,
    "fr": 1716081090.4675374,
    "it": 1716081106.2075126,
    "ja": 1716081123.348554,
    "ko": 1716081140.2729323,
    "pl": 1716081155.4526145,
    "pt-BR": 1716081170.5782118,
    "ru": 1716081185.6884506,
    "tr": 1716081201.7284384
}