{
    "en-US": 1718439575.9258437,
    "ar": 1718439591.0617733,
    "de": 1718439606.236,
    "es-ES": 1718439621.3333738,
    "es-MX": 1718439636.448454,
    "fr": 1718439651.5438976,
    "it": 1718439666.669705,
    "ja": 1718439681.7734706,
    "ko": 1718439696.8768082,
    "pl": 1718439711.9768727,
    "pt-BR": 1718439727.0795107,
    "ru": 1718439742.178969,
    "tr": 1718439757.3039937
}