{
    "en-US": 1725790679.1986463,
    "ar": 1725790694.3063073,
    "de": 1725790709.414837,
    "es-ES": 1725790724.5167644,
    "es-MX": 1725790739.637413,
    "fr": 1725790754.7479758,
    "it": 1725790769.8580077,
    "ja": 1725790784.9574425,
    "ko": 1725790800.0613153,
    "pl": 1725790815.1690252,
    "pt-BR": 1725790830.2810795,
    "ru": 1725790845.393363,
    "tr": 1725790860.4987717
}