{
    "en-US": 1723257449.7477298,
    "ar": 1723257464.8501155,
    "de": 1723257479.9528146,
    "es-ES": 1723257495.0551903,
    "es-MX": 1723257510.1796918,
    "fr": 1723257525.2741642,
    "it": 1723257540.3833244,
    "ja": 1723257555.4756863,
    "ko": 1723257570.5645258,
    "pl": 1723257585.6531427,
    "pt-BR": 1723257600.784862,
    "ru": 1723257615.866383,
    "tr": 1723257630.9621067
}