{
    "en-US": 1722054023.0601027,
    "ar": 1722054038.170042,
    "de": 1722054053.270604,
    "es-ES": 1722054068.36364,
    "es-MX": 1722054083.4670582,
    "fr": 1722054098.5600712,
    "it": 1722054113.6729686,
    "ja": 1722054128.7560873,
    "ko": 1722054143.84909,
    "pl": 1722054158.9306035,
    "pt-BR": 1722054174.0284622,
    "ru": 1722054189.110603,
    "tr": 1722054204.2235916
}