{
    "en-US": 1720451867.9851663,
    "ar": 1720451883.1867518,
    "de": 1720451898.3890762,
    "es-ES": 1720451913.545362,
    "es-MX": 1720451928.7136602,
    "fr": 1720451943.8691275,
    "it": 1720451959.0301297,
    "ja": 1720451974.2214165,
    "ko": 1720451989.3821275,
    "pl": 1720452004.5452268,
    "pt-BR": 1720452019.7243247,
    "ru": 1720452034.8846285,
    "tr": 1720452050.0435164
}