{
    "en-US": 1725034821.6088774,
    "ar": 1725034836.7893217,
    "de": 1725034851.9696891,
    "es-ES": 1725034867.1291256,
    "es-MX": 1725034882.3143487,
    "fr": 1725034897.5072727,
    "it": 1725034912.7011707,
    "ja": 1725034927.863332,
    "ko": 1725034943.0302203,
    "pl": 1725034958.1893888,
    "pt-BR": 1725034973.3681195,
    "ru": 1725034988.5533106,
    "tr": 1725035003.7222424
}