{
    "en-US": 1719710050.7210665,
    "ar": 1719710065.8832788,
    "de": 1719710081.05642,
    "es-ES": 1719710096.221123,
    "es-MX": 1719710111.4112654,
    "fr": 1719710126.569666,
    "it": 1719710141.747096,
    "ja": 1719710156.9157555,
    "ko": 1719710172.082421,
    "pl": 1719710187.2471337,
    "pt-BR": 1719710202.4467742,
    "ru": 1719710217.6194644,
    "tr": 1719710232.7859182
}