{
    "en-US": 1716531712.9797885,
    "ar": 1716531729.119851,
    "de": 1716531744.751618,
    "es-ES": 1716531760.3705838,
    "es-MX": 1716531776.307211,
    "fr": 1716531791.8029096,
    "it": 1716531807.276146,
    "ja": 1716531824.807779,
    "ko": 1716531841.8090835,
    "pl": 1716531857.189166,
    "pt-BR": 1716531872.6631625,
    "ru": 1716531888.2316024,
    "tr": 1716531903.7601445
}