{
    "en-US": 1720124198.7223954,
    "ar": 1720124213.8919697,
    "de": 1720124229.0698173,
    "es-ES": 1720124244.2569861,
    "es-MX": 1720124259.4220417,
    "fr": 1720124274.5866432,
    "it": 1720124289.7762136,
    "ja": 1720124304.937205,
    "ko": 1720124320.1105847,
    "pl": 1720124335.2701998,
    "pt-BR": 1720124350.4426544,
    "ru": 1720124365.6069708,
    "tr": 1720124380.7965972
}