{
    "en-US": 1721931689.5614476,
    "ar": 1721931704.7412508,
    "de": 1721931719.9225583,
    "es-ES": 1721931735.094047,
    "es-MX": 1721931750.2933366,
    "fr": 1721931765.4527159,
    "it": 1721931780.726004,
    "ja": 1721931795.8914533,
    "ko": 1721931811.0774913,
    "pl": 1721931826.239983,
    "pt-BR": 1721931841.4354048,
    "ru": 1721931856.6076648,
    "tr": 1721931871.7982244
}