{
    "en-US": 1725021156.492673,
    "ar": 1725021171.6072807,
    "de": 1725021186.701624,
    "es-ES": 1725021201.791856,
    "es-MX": 1725021216.9006362,
    "fr": 1725021231.995725,
    "it": 1725021247.0904539,
    "ja": 1725021262.1899443,
    "ko": 1725021277.2801685,
    "pl": 1725021292.3689322,
    "pt-BR": 1725021307.4649854,
    "ru": 1725021322.5537517,
    "tr": 1725021337.653174
}