{
    "en-US": 1722871081.4721913,
    "ar": 1722871096.6669106,
    "de": 1722871111.8502011,
    "es-ES": 1722871127.0156183,
    "es-MX": 1722871142.1942353,
    "fr": 1722871157.356717,
    "it": 1722871172.573567,
    "ja": 1722871187.744319,
    "ko": 1722871202.950659,
    "pl": 1722871218.1140077,
    "pt-BR": 1722871233.288086,
    "ru": 1722871248.462799,
    "tr": 1722871263.7072651
}