{
    "en-US": 1724706968.5532546,
    "ar": 1724706983.6608546,
    "de": 1724706998.7846503,
    "es-ES": 1724707013.8772707,
    "es-MX": 1724707029.0105128,
    "fr": 1724707044.1076126,
    "it": 1724707059.2182388,
    "ja": 1724707074.314152,
    "ko": 1724707089.4259539,
    "pl": 1724707104.5278144,
    "pt-BR": 1724707119.6751575,
    "ru": 1724707134.773788,
    "tr": 1724707149.8780482
}