{
    "en-US": 1718748915.0737422,
    "ar": 1718748931.0025635,
    "de": 1718748946.4680853,
    "es-ES": 1718748961.6724083,
    "es-MX": 1718748976.894243,
    "fr": 1718748992.0638604,
    "it": 1718749007.2456932,
    "ja": 1718749022.4139478,
    "ko": 1718749037.603248,
    "pl": 1718749052.7724278,
    "pt-BR": 1718749067.9491186,
    "ru": 1718749083.1182363,
    "tr": 1718749098.3040261
}