{
    "en-US": 1722861145.9658995,
    "ar": 1722861161.1188438,
    "de": 1722861176.2747123,
    "es-ES": 1722861191.428347,
    "es-MX": 1722861206.5927212,
    "fr": 1722861221.7468085,
    "it": 1722861236.9228828,
    "ja": 1722861252.1016016,
    "ko": 1722861267.2615278,
    "pl": 1722861282.4127092,
    "pt-BR": 1722861297.5749059,
    "ru": 1722861312.7246516,
    "tr": 1722861327.8974895
}