{
    "en-US": 1724768161.1430366,
    "ar": 1724768176.2328212,
    "de": 1724768191.332534,
    "es-ES": 1724768206.4363723,
    "es-MX": 1724768221.5715756,
    "fr": 1724768236.6658049,
    "it": 1724768251.7750664,
    "ja": 1724768266.8631032,
    "ko": 1724768281.9767613,
    "pl": 1724768297.0604155,
    "pt-BR": 1724768312.2066536,
    "ru": 1724768327.3010643,
    "tr": 1724768342.3983088
}