{
    "en-US": 1715308299.6362395,
    "ar": 1715308315.6715922,
    "de": 1715308331.179355,
    "es-ES": 1715308346.9150927,
    "es-MX": 1715308362.4582,
    "fr": 1715308378.0171518,
    "it": 1715308393.5774784,
    "ja": 1715308411.376685,
    "ko": 1715308428.484959,
    "pl": 1715308444.1064386,
    "pt-BR": 1715308459.8809192,
    "ru": 1715308475.531873,
    "tr": 1715308491.1968443
}