{
    "en-US": 1722018169.776729,
    "ar": 1722018184.8841121,
    "de": 1722018199.97782,
    "es-ES": 1722018215.0787897,
    "es-MX": 1722018230.175101,
    "fr": 1722018245.2708566,
    "it": 1722018260.378139,
    "ja": 1722018275.4733186,
    "ko": 1722018290.5685186,
    "pl": 1722018305.6743205,
    "pt-BR": 1722018320.7750204,
    "ru": 1722018335.871549,
    "tr": 1722018350.9811087
}