{
    "en-US": 1724512636.207294,
    "ar": 1724512651.32759,
    "de": 1724512666.442095,
    "es-ES": 1724512681.5386539,
    "es-MX": 1724512696.6574986,
    "fr": 1724512711.7806647,
    "it": 1724512726.8969464,
    "ja": 1724512741.9904227,
    "ko": 1724512757.089481,
    "pl": 1724512772.1852171,
    "pt-BR": 1724512787.2979274,
    "ru": 1724512802.4169211,
    "tr": 1724512817.5135982
}