{
    "en-US": 1723234716.770977,
    "ar": 1723234731.9506228,
    "de": 1723234747.1235914,
    "es-ES": 1723234762.307583,
    "es-MX": 1723234777.4745395,
    "fr": 1723234792.6444974,
    "it": 1723234807.8171933,
    "ja": 1723234822.9842331,
    "ko": 1723234838.1531782,
    "pl": 1723234853.312814,
    "pt-BR": 1723234868.4856744,
    "ru": 1723234883.6658986,
    "tr": 1723234898.8398838
}