{
    "en-US": 1722835091.7012777,
    "ar": 1722835107.0601208,
    "de": 1722835122.353135,
    "es-ES": 1722835137.6297367,
    "es-MX": 1722835152.9191773,
    "fr": 1722835168.196997,
    "it": 1722835183.4871135,
    "ja": 1722835198.7562356,
    "ko": 1722835214.0288703,
    "pl": 1722835229.3056698,
    "pt-BR": 1722835244.5870538,
    "ru": 1722835259.8571367,
    "tr": 1722835275.152847
}