{
    "en-US": 1718572609.5297418,
    "ar": 1718572625.4228926,
    "de": 1718572641.0967278,
    "es-ES": 1718572656.228429,
    "es-MX": 1718572671.3694534,
    "fr": 1718572686.484834,
    "it": 1718572701.595468,
    "ja": 1718572716.7062514,
    "ko": 1718572731.8384945,
    "pl": 1718572746.9475152,
    "pt-BR": 1718572762.062498,
    "ru": 1718572777.1675851,
    "tr": 1718572792.2825975
}