{
    "en-US": 1724329909.4228482,
    "ar": 1724329924.614114,
    "de": 1724329939.7984383,
    "es-ES": 1724329954.9630733,
    "es-MX": 1724329970.1299922,
    "fr": 1724329985.2910035,
    "it": 1724330000.4818392,
    "ja": 1724330015.6548502,
    "ko": 1724330030.8133712,
    "pl": 1724330045.9751744,
    "pt-BR": 1724330061.1330295,
    "ru": 1724330076.294522,
    "tr": 1724330091.4721148
}