{
    "en-US": 1718633768.402896,
    "ar": 1718633783.6035688,
    "de": 1718633798.8190906,
    "es-ES": 1718633813.9944985,
    "es-MX": 1718633829.1696587,
    "fr": 1718633844.335729,
    "it": 1718633859.5437322,
    "ja": 1718633874.7179384,
    "ko": 1718633889.9197578,
    "pl": 1718633905.095127,
    "pt-BR": 1718633920.2709517,
    "ru": 1718633935.4443028,
    "tr": 1718633950.6356897
}