{
    "en-US": 1723875707.6490934,
    "ar": 1723875722.9027832,
    "de": 1723875738.1632602,
    "es-ES": 1723875753.4102247,
    "es-MX": 1723875768.7014003,
    "fr": 1723875783.9587648,
    "it": 1723875799.224996,
    "ja": 1723875814.4702322,
    "ko": 1723875829.7221613,
    "pl": 1723875844.974811,
    "pt-BR": 1723875860.2511585,
    "ru": 1723875875.5076678,
    "tr": 1723875890.767713
}