{
    "en-US": 1724703572.7673512,
    "ar": 1724703587.9458373,
    "de": 1724703603.1375673,
    "es-ES": 1724703618.3142405,
    "es-MX": 1724703633.5190818,
    "fr": 1724703648.6859372,
    "it": 1724703663.8758488,
    "ja": 1724703679.0611653,
    "ko": 1724703694.2544148,
    "pl": 1724703709.4453678,
    "pt-BR": 1724703724.674433,
    "ru": 1724703739.8668144,
    "tr": 1724703755.052107
}