{
    "en-US": 1722147714.785663,
    "ar": 1722147729.9003384,
    "de": 1722147745.0021043,
    "es-ES": 1722147760.0891373,
    "es-MX": 1722147775.2035575,
    "fr": 1722147790.29255,
    "it": 1722147805.4093359,
    "ja": 1722147820.5098338,
    "ko": 1722147835.597766,
    "pl": 1722147850.687742,
    "pt-BR": 1722147865.7895184,
    "ru": 1722147880.8781092,
    "tr": 1722147895.9806228
}