{
    "en-US": 1719569884.7617867,
    "ar": 1719569899.9301045,
    "de": 1719569915.1152089,
    "es-ES": 1719569930.2747772,
    "es-MX": 1719569945.4497168,
    "fr": 1719569960.61393,
    "it": 1719569975.8057284,
    "ja": 1719569990.9656582,
    "ko": 1719570006.1377578,
    "pl": 1719570021.2994218,
    "pt-BR": 1719570036.470247,
    "ru": 1719570051.6303933,
    "tr": 1719570066.8173113
}