{
    "en-US": 1713827689.423612,
    "ar": 1713827705.5971718,
    "de": 1713827721.1223145,
    "es-ES": 1713827736.6152987,
    "es-MX": 1713827752.1941223,
    "fr": 1713827767.695519,
    "it": 1713827783.233478,
    "ja": 1713827800.5779476,
    "ko": 1713827817.3337908,
    "pl": 1713827832.864952,
    "pt-BR": 1713827848.411257,
    "ru": 1713827864.0489564,
    "tr": 1713827879.8246808
}