{
    "en-US": 1720254044.9436202,
    "ar": 1720254060.1076443,
    "de": 1720254075.2674427,
    "es-ES": 1720254090.4271703,
    "es-MX": 1720254105.5965273,
    "fr": 1720254120.7578115,
    "it": 1720254135.933614,
    "ja": 1720254151.0931106,
    "ko": 1720254166.2507424,
    "pl": 1720254181.3988082,
    "pt-BR": 1720254196.5669765,
    "ru": 1720254211.7224534,
    "tr": 1720254226.8929873
}