{
    "en-US": 1725596474.085965,
    "ar": 1725596489.1866906,
    "de": 1725596504.2806537,
    "es-ES": 1725596519.3624437,
    "es-MX": 1725596534.4647918,
    "fr": 1725596549.548914,
    "it": 1725596564.671223,
    "ja": 1725596579.7602403,
    "ko": 1725596594.845656,
    "pl": 1725596609.927734,
    "pt-BR": 1725596625.0374355,
    "ru": 1725596640.124228,
    "tr": 1725596655.2364757
}