{
    "en-US": 1720815474.502081,
    "ar": 1720815489.6068666,
    "de": 1720815504.8302236,
    "es-ES": 1720815519.9282866,
    "es-MX": 1720815535.0689516,
    "fr": 1720815550.1679456,
    "it": 1720815565.2695782,
    "ja": 1720815580.3635073,
    "ko": 1720815595.4818444,
    "pl": 1720815610.5734332,
    "pt-BR": 1720815625.7044272,
    "ru": 1720815640.7905684,
    "tr": 1720815655.8893273
}