{
    "en-US": 1725956573.7997272,
    "ar": 1725956588.911858,
    "de": 1725956604.024775,
    "es-ES": 1725956619.124484,
    "es-MX": 1725956634.2475584,
    "fr": 1725956649.3691316,
    "it": 1725956664.4808297,
    "ja": 1725956679.5825622,
    "ko": 1725956694.6814318,
    "pl": 1725956709.7783542,
    "pt-BR": 1725956724.890346,
    "ru": 1725956740.0186548,
    "tr": 1725956755.1229541
}