{
    "en-US": 1716560146.5640237,
    "ar": 1716560162.2876182,
    "de": 1716560177.716615,
    "es-ES": 1716560193.1444016,
    "es-MX": 1716560208.678735,
    "fr": 1716560224.2060046,
    "it": 1716560239.954056,
    "ja": 1716560256.1147707,
    "ko": 1716560272.0371513,
    "pl": 1716560287.5936465,
    "pt-BR": 1716560303.1479313,
    "ru": 1716560318.7010357,
    "tr": 1716560334.2665453
}