{
    "en-US": 1720290007.3059068,
    "ar": 1720290022.4699428,
    "de": 1720290037.6416752,
    "es-ES": 1720290052.7929668,
    "es-MX": 1720290067.975245,
    "fr": 1720290083.130197,
    "it": 1720290098.2911162,
    "ja": 1720290113.4482498,
    "ko": 1720290128.6181788,
    "pl": 1720290143.7724102,
    "pt-BR": 1720290158.9510565,
    "ru": 1720290174.1090863,
    "tr": 1720290189.2742984
}