{
    "en-US": 1725571004.591719,
    "ar": 1725571019.780968,
    "de": 1725571034.9650655,
    "es-ES": 1725571050.1379573,
    "es-MX": 1725571065.351021,
    "fr": 1725571080.5088468,
    "it": 1725571095.690311,
    "ja": 1725571110.8502448,
    "ko": 1725571126.028624,
    "pl": 1725571141.2048087,
    "pt-BR": 1725571156.4125166,
    "ru": 1725571171.5815275,
    "tr": 1725571186.7573938
}