{
    "en-US": 1719436638.6157598,
    "ar": 1719436653.7832217,
    "de": 1719436668.9551692,
    "es-ES": 1719436684.1175823,
    "es-MX": 1719436699.298142,
    "fr": 1719436714.4679544,
    "it": 1719436729.6403,
    "ja": 1719436744.8029733,
    "ko": 1719436759.969426,
    "pl": 1719436775.13593,
    "pt-BR": 1719436790.3313315,
    "ru": 1719436805.5033767,
    "tr": 1719436820.6658974
}