{
    "en-US": 1724253459.0248013,
    "ar": 1724253474.210479,
    "de": 1724253489.4058616,
    "es-ES": 1724253504.5793893,
    "es-MX": 1724253519.7583094,
    "fr": 1724253534.9212992,
    "it": 1724253550.1280384,
    "ja": 1724253565.3013632,
    "ko": 1724253580.4810703,
    "pl": 1724253595.6625855,
    "pt-BR": 1724253610.8411462,
    "ru": 1724253626.0145264,
    "tr": 1724253641.1955216
}