{
    "en-US": 1725936189.7716813,
    "ar": 1725936204.935556,
    "de": 1725936220.1243236,
    "es-ES": 1725936235.2787707,
    "es-MX": 1725936250.4817812,
    "fr": 1725936265.6319358,
    "it": 1725936280.795742,
    "ja": 1725936295.9562418,
    "ko": 1725936311.1145506,
    "pl": 1725936326.27086,
    "pt-BR": 1725936341.458026,
    "ru": 1725936356.6521165,
    "tr": 1725936371.8065233
}