{
    "en-US": 1723511622.7810748,
    "ar": 1723511637.881052,
    "de": 1723511652.989187,
    "es-ES": 1723511668.0916178,
    "es-MX": 1723511683.2006035,
    "fr": 1723511698.3202193,
    "it": 1723511713.4296956,
    "ja": 1723511728.538273,
    "ko": 1723511743.6290674,
    "pl": 1723511758.7292514,
    "pt-BR": 1723511773.8493402,
    "ru": 1723511788.966693,
    "tr": 1723511804.0672746
}