{
    "en-US": 1722251690.034384,
    "ar": 1722251705.140958,
    "de": 1722251720.2390754,
    "es-ES": 1722251735.3222601,
    "es-MX": 1722251750.4391475,
    "fr": 1722251765.5339644,
    "it": 1722251780.6772723,
    "ja": 1722251795.7628975,
    "ko": 1722251810.8569553,
    "pl": 1722251825.9485295,
    "pt-BR": 1722251841.0619204,
    "ru": 1722251856.1707764,
    "tr": 1722251871.294296
}