{
    "en-US": 1720333317.2605646,
    "ar": 1720333332.3958316,
    "de": 1720333347.5150144,
    "es-ES": 1720333362.6204755,
    "es-MX": 1720333377.7473412,
    "fr": 1720333392.84921,
    "it": 1720333407.963581,
    "ja": 1720333423.0637302,
    "ko": 1720333438.1728337,
    "pl": 1720333453.278899,
    "pt-BR": 1720333468.4121714,
    "ru": 1720333483.518345,
    "tr": 1720333498.6315343
}