{
    "en-US": 1721463567.3405445,
    "ar": 1721463582.5600255,
    "de": 1721463597.7845092,
    "es-ES": 1721463613.0034502,
    "es-MX": 1721463628.2384903,
    "fr": 1721463643.447145,
    "it": 1721463658.6672757,
    "ja": 1721463673.8746583,
    "ko": 1721463689.0903082,
    "pl": 1721463704.3085008,
    "pt-BR": 1721463719.5513732,
    "ru": 1721463734.7680113,
    "tr": 1721463749.9840355
}