{
    "en-US": 1719882561.9399388,
    "ar": 1719882577.0675507,
    "de": 1719882592.1910942,
    "es-ES": 1719882607.306806,
    "es-MX": 1719882622.4422638,
    "fr": 1719882637.6049485,
    "it": 1719882652.7718167,
    "ja": 1719882667.881977,
    "ko": 1719882682.9976645,
    "pl": 1719882698.1066668,
    "pt-BR": 1719882713.2364318,
    "ru": 1719882728.3532403,
    "tr": 1719882743.500417
}