{
    "en-US": 1719861347.934958,
    "ar": 1719861363.0592608,
    "de": 1719861378.1918073,
    "es-ES": 1719861393.3133028,
    "es-MX": 1719861408.4617224,
    "fr": 1719861423.5758114,
    "it": 1719861438.7683465,
    "ja": 1719861453.876324,
    "ko": 1719861469.025098,
    "pl": 1719861484.1431363,
    "pt-BR": 1719861499.2752151,
    "ru": 1719861514.4043221,
    "tr": 1719861529.5618181
}