{
    "en-US": 1714357593.908609,
    "ar": 1714357609.7516239,
    "de": 1714357625.168025,
    "es-ES": 1714357640.5573194,
    "es-MX": 1714357656.0598602,
    "fr": 1714357671.5114555,
    "it": 1714357686.9610622,
    "ja": 1714357704.0454557,
    "ko": 1714357720.7679422,
    "pl": 1714357736.2121203,
    "pt-BR": 1714357751.889561,
    "ru": 1714357767.4239783,
    "tr": 1714357782.9374669
}