{
    "en-US": 1717557580.8058937,
    "ar": 1717557596.7501853,
    "de": 1717557612.30586,
    "es-ES": 1717557627.8088603,
    "es-MX": 1717557643.4445655,
    "fr": 1717557659.0872157,
    "it": 1717557674.7246284,
    "ja": 1717557690.9555433,
    "ko": 1717557707.0053258,
    "pl": 1717557722.901653,
    "pt-BR": 1717557738.5263422,
    "ru": 1717557754.2422266,
    "tr": 1717557769.8842404
}