{
    "en-US": 1718270327.225621,
    "ar": 1718270343.5865405,
    "de": 1718270359.6227474,
    "es-ES": 1718270375.3890347,
    "es-MX": 1718270390.9759235,
    "fr": 1718270406.1738145,
    "it": 1718270421.346449,
    "ja": 1718270436.5121312,
    "ko": 1718270451.6837993,
    "pl": 1718270466.8551974,
    "pt-BR": 1718270482.0472484,
    "ru": 1718270497.213523,
    "tr": 1718270512.378577
}