{
    "en-US": 1725110386.0471642,
    "ar": 1725110401.1563728,
    "de": 1725110416.2641568,
    "es-ES": 1725110431.3688846,
    "es-MX": 1725110446.4898233,
    "fr": 1725110461.6230857,
    "it": 1725110476.750432,
    "ja": 1725110491.8828545,
    "ko": 1725110507.0178514,
    "pl": 1725110522.126801,
    "pt-BR": 1725110537.244012,
    "ru": 1725110552.3896527,
    "tr": 1725110567.497153
}