{
    "en-US": 1721204467.8713648,
    "ar": 1721204483.1002567,
    "de": 1721204498.312295,
    "es-ES": 1721204513.509988,
    "es-MX": 1721204528.6898303,
    "fr": 1721204543.8539686,
    "it": 1721204559.0340278,
    "ja": 1721204574.1907413,
    "ko": 1721204589.362357,
    "pl": 1721204604.5246768,
    "pt-BR": 1721204619.7215602,
    "ru": 1721204634.8906336,
    "tr": 1721204650.066438
}