{
    "en-US": 1715235664.4726617,
    "ar": 1715235680.3011143,
    "de": 1715235695.6639674,
    "es-ES": 1715235711.0098362,
    "es-MX": 1715235726.4007473,
    "fr": 1715235741.7983708,
    "it": 1715235757.2245085,
    "ja": 1715235774.773317,
    "ko": 1715235791.5878313,
    "pl": 1715235807.0176425,
    "pt-BR": 1715235822.4214182,
    "ru": 1715235838.0889297,
    "tr": 1715235853.5465379
}