{
    "en-US": 1719206184.8136349,
    "ar": 1719206200.7790453,
    "de": 1719206216.4967577,
    "es-ES": 1719206232.1971443,
    "es-MX": 1719206248.3628695,
    "fr": 1719206263.4969559,
    "it": 1719206278.6712518,
    "ja": 1719206293.7761352,
    "ko": 1719206308.884135,
    "pl": 1719206323.9952655,
    "pt-BR": 1719206339.1248512,
    "ru": 1719206354.237966,
    "tr": 1719206369.3498623
}