{
    "en-US": 1719901443.9011805,
    "ar": 1719901459.066709,
    "de": 1719901474.2476811,
    "es-ES": 1719901489.4028828,
    "es-MX": 1719901504.6091604,
    "fr": 1719901519.7580633,
    "it": 1719901534.9278684,
    "ja": 1719901550.0811317,
    "ko": 1719901565.2432885,
    "pl": 1719901580.4060204,
    "pt-BR": 1719901595.608834,
    "ru": 1719901610.7665184,
    "tr": 1719901625.9209018
}