{
    "en-US": 1717662037.011879,
    "ar": 1717662052.8525226,
    "de": 1717662068.266399,
    "es-ES": 1717662083.3902574,
    "es-MX": 1717662098.5211768,
    "fr": 1717662113.6281064,
    "it": 1717662128.7573135,
    "ja": 1717662143.8645804,
    "ko": 1717662158.989491,
    "pl": 1717662174.0888262,
    "pt-BR": 1717662189.2081854,
    "ru": 1717662204.3157816,
    "tr": 1717662219.4308507
}