{
    "en-US": 1725653933.5406742,
    "ar": 1725653948.644028,
    "de": 1725653963.7571478,
    "es-ES": 1725653978.8545334,
    "es-MX": 1725653993.9913373,
    "fr": 1725654009.0861928,
    "it": 1725654024.1987936,
    "ja": 1725654039.313074,
    "ko": 1725654054.4216335,
    "pl": 1725654069.5230813,
    "pt-BR": 1725654084.6847918,
    "ru": 1725654099.7835515,
    "tr": 1725654114.8966534
}