{
    "en-US": 1719029935.4950774,
    "ar": 1719029950.6346753,
    "de": 1719029965.7961762,
    "es-ES": 1719029980.903434,
    "es-MX": 1719029996.0268524,
    "fr": 1719030011.1214418,
    "it": 1719030026.2532454,
    "ja": 1719030041.365811,
    "ko": 1719030056.4783475,
    "pl": 1719030071.5912526,
    "pt-BR": 1719030086.7502613,
    "ru": 1719030101.8559248,
    "tr": 1719030116.9812372
}