{
    "en-US": 1719450536.7889316,
    "ar": 1719450551.9091446,
    "de": 1719450567.0497816,
    "es-ES": 1719450582.1622138,
    "es-MX": 1719450597.2930775,
    "fr": 1719450612.4686143,
    "it": 1719450627.6290464,
    "ja": 1719450642.7415395,
    "ko": 1719450657.8708727,
    "pl": 1719450672.983882,
    "pt-BR": 1719450688.1084726,
    "ru": 1719450703.2426627,
    "tr": 1719450718.3610468
}