{
    "en-US": 1725977839.3465621,
    "ar": 1725977854.5304685,
    "de": 1725977869.7124796,
    "es-ES": 1725977884.8805764,
    "es-MX": 1725977900.0931928,
    "fr": 1725977915.250358,
    "it": 1725977930.424543,
    "ja": 1725977945.602397,
    "ko": 1725977960.7723317,
    "pl": 1725977975.9375193,
    "pt-BR": 1725977991.1493473,
    "ru": 1725978006.329032,
    "tr": 1725978021.5156846
}