{
    "en-US": 1725319088.605244,
    "ar": 1725319103.7250314,
    "de": 1725319118.8600044,
    "es-ES": 1725319133.9586267,
    "es-MX": 1725319149.1058717,
    "fr": 1725319164.2148025,
    "it": 1725319179.3270872,
    "ja": 1725319194.4148524,
    "ko": 1725319209.5291696,
    "pl": 1725319224.6257496,
    "pt-BR": 1725319239.7856057,
    "ru": 1725319254.8825457,
    "tr": 1725319269.9924355
}