{
    "en-US": 1718154519.660467,
    "ar": 1718154536.1855354,
    "de": 1718154552.331484,
    "es-ES": 1718154568.2288308,
    "es-MX": 1718154583.450811,
    "fr": 1718154598.6630223,
    "it": 1718154613.8493907,
    "ja": 1718154629.0510993,
    "ko": 1718154644.227491,
    "pl": 1718154659.426845,
    "pt-BR": 1718154674.6389663,
    "ru": 1718154689.820162,
    "tr": 1718154705.0121393
}