{
    "en-US": 1722338145.5166824,
    "ar": 1722338160.6234572,
    "de": 1722338175.73464,
    "es-ES": 1722338190.8212209,
    "es-MX": 1722338205.9380457,
    "fr": 1722338221.0350776,
    "it": 1722338236.1596506,
    "ja": 1722338251.2517936,
    "ko": 1722338266.3567235,
    "pl": 1722338281.4549243,
    "pt-BR": 1722338296.5579176,
    "ru": 1722338311.653088,
    "tr": 1722338326.7782297
}