{
    "en-US": 1721610778.8747957,
    "ar": 1721610794.064421,
    "de": 1721610809.239494,
    "es-ES": 1721610824.405679,
    "es-MX": 1721610839.5844786,
    "fr": 1721610854.7411919,
    "it": 1721610869.9136558,
    "ja": 1721610885.0970085,
    "ko": 1721610900.2606165,
    "pl": 1721610915.4179573,
    "pt-BR": 1721610930.5894506,
    "ru": 1721610945.7442102,
    "tr": 1721610960.910202
}