{
    "en-US": 1723007807.8369515,
    "ar": 1723007823.019427,
    "de": 1723007838.208644,
    "es-ES": 1723007853.3805149,
    "es-MX": 1723007868.5681913,
    "fr": 1723007883.7434728,
    "it": 1723007898.9595034,
    "ja": 1723007914.1220748,
    "ko": 1723007929.302322,
    "pl": 1723007944.4738498,
    "pt-BR": 1723007959.6456964,
    "ru": 1723007974.8233254,
    "tr": 1723007990.0475411
}