{
    "en-US": 1715912899.5138361,
    "ar": 1715912915.3529408,
    "de": 1715912930.7126017,
    "es-ES": 1715912946.056879,
    "es-MX": 1715912961.4999752,
    "fr": 1715912976.8930373,
    "it": 1715912992.3099077,
    "ja": 1715913009.482017,
    "ko": 1715913026.2617636,
    "pl": 1715913041.7026935,
    "pt-BR": 1715913057.108269,
    "ru": 1715913073.2348402,
    "tr": 1715913088.7271266
}