{
    "en-US": 1717449394.9487953,
    "ar": 1717449410.7652762,
    "de": 1717449426.2046099,
    "es-ES": 1717449441.6144168,
    "es-MX": 1717449457.1798801,
    "fr": 1717449472.932744,
    "it": 1717449488.5046332,
    "ja": 1717449505.3358302,
    "ko": 1717449522.1557233,
    "pl": 1717449537.7172208,
    "pt-BR": 1717449553.4910324,
    "ru": 1717449569.1294396,
    "tr": 1717449584.6918144
}