{
    "en-US": 1714537113.0033257,
    "ar": 1714537129.1552317,
    "de": 1714537144.6910126,
    "es-ES": 1714537160.1782372,
    "es-MX": 1714537175.723732,
    "fr": 1714537191.2772322,
    "it": 1714537206.8226082,
    "ja": 1714537224.7037926,
    "ko": 1714537242.0106566,
    "pl": 1714537257.6138492,
    "pt-BR": 1714537273.3814976,
    "ru": 1714537289.0545812,
    "tr": 1714537304.6857755
}