{
    "en-US": 1723699053.50991,
    "ar": 1723699068.67975,
    "de": 1723699083.8435707,
    "es-ES": 1723699098.9997454,
    "es-MX": 1723699114.1877263,
    "fr": 1723699129.3502502,
    "it": 1723699144.5327463,
    "ja": 1723699159.6908004,
    "ko": 1723699174.8500347,
    "pl": 1723699190.0080013,
    "pt-BR": 1723699205.202302,
    "ru": 1723699220.3629344,
    "tr": 1723699235.5236573
}