{
    "en-US": 1717679931.7157235,
    "ar": 1717679947.7913086,
    "de": 1717679963.5754485,
    "es-ES": 1717679979.437018,
    "es-MX": 1717679994.6647964,
    "fr": 1717680009.858128,
    "it": 1717680025.0310962,
    "ja": 1717680040.2027366,
    "ko": 1717680055.3738873,
    "pl": 1717680070.5742884,
    "pt-BR": 1717680085.7603483,
    "ru": 1717680100.9281058,
    "tr": 1717680116.1045244
}