{
    "en-US": 1725358711.2919965,
    "ar": 1725358726.465849,
    "de": 1725358741.6280289,
    "es-ES": 1725358756.7913194,
    "es-MX": 1725358771.9835997,
    "fr": 1725358787.1437924,
    "it": 1725358802.317154,
    "ja": 1725358817.47557,
    "ko": 1725358832.63456,
    "pl": 1725358847.845747,
    "pt-BR": 1725358863.086537,
    "ru": 1725358878.2872646,
    "tr": 1725358893.5053072
}