{
    "en-US": 1721133077.9371397,
    "ar": 1721133093.048014,
    "de": 1721133108.1489177,
    "es-ES": 1721133123.2326558,
    "es-MX": 1721133138.3702478,
    "fr": 1721133153.474999,
    "it": 1721133168.6006267,
    "ja": 1721133183.6963136,
    "ko": 1721133198.8011026,
    "pl": 1721133213.9234648,
    "pt-BR": 1721133229.0321696,
    "ru": 1721133244.1269588,
    "tr": 1721133259.2584245
}