{
    "en-US": 1716138872.9433293,
    "ar": 1716138888.761397,
    "de": 1716138904.128614,
    "es-ES": 1716138919.4587817,
    "es-MX": 1716138934.849867,
    "fr": 1716138950.5008168,
    "it": 1716138965.947834,
    "ja": 1716138983.3381178,
    "ko": 1716139000.520828,
    "pl": 1716139015.9035494,
    "pt-BR": 1716139031.2944756,
    "ru": 1716139046.7620788,
    "tr": 1716139062.2249513
}