{
    "en-US": 1714525716.5869641,
    "ar": 1714525732.7760613,
    "de": 1714525748.1269646,
    "es-ES": 1714525763.6373034,
    "es-MX": 1714525779.2944632,
    "fr": 1714525794.691558,
    "it": 1714525810.2864928,
    "ja": 1714525828.3490412,
    "ko": 1714525845.7273004,
    "pl": 1714525861.4490561,
    "pt-BR": 1714525876.852588,
    "ru": 1714525892.6106613,
    "tr": 1714525908.0365684
}