{
    "en-US": 1715221774.3720477,
    "ar": 1715221790.1894393,
    "de": 1715221805.691862,
    "es-ES": 1715221821.1957545,
    "es-MX": 1715221836.7884629,
    "fr": 1715221852.5429702,
    "it": 1715221868.3027585,
    "ja": 1715221884.5708022,
    "ko": 1715221900.6112254,
    "pl": 1715221916.1888664,
    "pt-BR": 1715221931.7472215,
    "ru": 1715221947.3873804,
    "tr": 1715221962.9630575
}