{
    "en-US": 1716772029.384032,
    "ar": 1716772045.3507993,
    "de": 1716772061.1473072,
    "es-ES": 1716772076.8577805,
    "es-MX": 1716772092.4802282,
    "fr": 1716772108.3728113,
    "it": 1716772124.3743944,
    "ja": 1716772141.6608307,
    "ko": 1716772158.6427455,
    "pl": 1716772174.564967,
    "pt-BR": 1716772190.4638155,
    "ru": 1716772206.3483374,
    "tr": 1716772222.2878745
}