{
    "en-US": 1723760219.6046534,
    "ar": 1723760234.7059023,
    "de": 1723760249.833193,
    "es-ES": 1723760264.950422,
    "es-MX": 1723760280.0618057,
    "fr": 1723760295.1804545,
    "it": 1723760310.2832396,
    "ja": 1723760325.3902051,
    "ko": 1723760340.4820158,
    "pl": 1723760355.5905385,
    "pt-BR": 1723760370.7069445,
    "ru": 1723760385.8709314,
    "tr": 1723760400.9811683
}