{
    "en-US": 1725676834.76192,
    "ar": 1725676849.8832822,
    "de": 1725676865.0083735,
    "es-ES": 1725676880.1239853,
    "es-MX": 1725676895.2519803,
    "fr": 1725676910.3875244,
    "it": 1725676925.5089884,
    "ja": 1725676940.620419,
    "ko": 1725676955.7397208,
    "pl": 1725676970.8638701,
    "pt-BR": 1725676985.9893868,
    "ru": 1725677001.1267414,
    "tr": 1725677016.2493465
}