{
    "en-US": 1723552380.302266,
    "ar": 1723552395.528646,
    "de": 1723552410.7490714,
    "es-ES": 1723552425.9657505,
    "es-MX": 1723552441.2053304,
    "fr": 1723552456.4955237,
    "it": 1723552471.721628,
    "ja": 1723552486.9337404,
    "ko": 1723552502.1537223,
    "pl": 1723552517.377217,
    "pt-BR": 1723552532.6237116,
    "ru": 1723552547.8439045,
    "tr": 1723552563.0613935
}