{
    "en-US": 1717993300.2642033,
    "ar": 1717993316.5376813,
    "de": 1717993331.685676,
    "es-ES": 1717993346.7939012,
    "es-MX": 1717993361.9002364,
    "fr": 1717993377.0016136,
    "it": 1717993392.1170995,
    "ja": 1717993407.2571454,
    "ko": 1717993422.3724852,
    "pl": 1717993437.4801567,
    "pt-BR": 1717993452.5923562,
    "ru": 1717993467.695197,
    "tr": 1717993482.809083
}