{
    "en-US": 1719652689.7086523,
    "ar": 1719652704.8823795,
    "de": 1719652720.0621815,
    "es-ES": 1719652735.2282102,
    "es-MX": 1719652750.4193406,
    "fr": 1719652765.5697458,
    "it": 1719652780.742187,
    "ja": 1719652795.91551,
    "ko": 1719652811.07786,
    "pl": 1719652826.238661,
    "pt-BR": 1719652841.43105,
    "ru": 1719652856.6006155,
    "tr": 1719652871.7649488
}