{
    "en-US": 1717031223.4764328,
    "ar": 1717031239.3347685,
    "de": 1717031255.0972364,
    "es-ES": 1717031270.5913913,
    "es-MX": 1717031286.1847355,
    "fr": 1717031302.1231494,
    "it": 1717031318.030304,
    "ja": 1717031335.7117805,
    "ko": 1717031352.6651468,
    "pl": 1717031368.2615964,
    "pt-BR": 1717031384.1655657,
    "ru": 1717031399.9092696,
    "tr": 1717031415.8673117
}