{
    "en-US": 1718591740.048167,
    "ar": 1718591756.357645,
    "de": 1718591772.4816434,
    "es-ES": 1718591787.6757488,
    "es-MX": 1718591802.9177282,
    "fr": 1718591818.083459,
    "it": 1718591833.2605133,
    "ja": 1718591848.4283497,
    "ko": 1718591863.6295078,
    "pl": 1718591878.797037,
    "pt-BR": 1718591893.9729915,
    "ru": 1718591909.1358538,
    "tr": 1718591924.310406
}