{
    "en-US": 1723148374.0891368,
    "ar": 1723148389.1914194,
    "de": 1723148404.3076928,
    "es-ES": 1723148419.4006035,
    "es-MX": 1723148434.5083568,
    "fr": 1723148449.7206767,
    "it": 1723148464.8280938,
    "ja": 1723148479.9642649,
    "ko": 1723148495.0725226,
    "pl": 1723148510.1863616,
    "pt-BR": 1723148525.3258307,
    "ru": 1723148540.5051916,
    "tr": 1723148555.61518
}