{
    "en-US": 1720444824.845593,
    "ar": 1720444840.024991,
    "de": 1720444855.2129884,
    "es-ES": 1720444870.3859627,
    "es-MX": 1720444885.5594618,
    "fr": 1720444900.7273405,
    "it": 1720444915.9229243,
    "ja": 1720444931.0962274,
    "ko": 1720444946.2670183,
    "pl": 1720444961.4320717,
    "pt-BR": 1720444976.6261034,
    "ru": 1720444991.7993908,
    "tr": 1720445006.9704945
}