{
    "en-US": 1714241873.1086333,
    "ar": 1714241888.9850054,
    "de": 1714241904.337131,
    "es-ES": 1714241919.6793573,
    "es-MX": 1714241935.119649,
    "fr": 1714241950.7069511,
    "it": 1714241966.364061,
    "ja": 1714241983.7349079,
    "ko": 1714242000.730856,
    "pl": 1714242016.3674805,
    "pt-BR": 1714242032.0913892,
    "ru": 1714242047.6235666,
    "tr": 1714242063.2943592
}