{
    "en-US": 1719782175.2365205,
    "ar": 1719782190.3436384,
    "de": 1719782205.4530296,
    "es-ES": 1719782220.5612628,
    "es-MX": 1719782235.6765015,
    "fr": 1719782250.8074245,
    "it": 1719782265.9173844,
    "ja": 1719782281.0447185,
    "ko": 1719782296.1512785,
    "pl": 1719782311.2566488,
    "pt-BR": 1719782326.3809514,
    "ru": 1719782341.4982536,
    "tr": 1719782356.6142588
}