{
    "en-US": 1719911867.208025,
    "ar": 1719911882.3375795,
    "de": 1719911897.4722185,
    "es-ES": 1719911912.5735588,
    "es-MX": 1719911927.701393,
    "fr": 1719911942.8030756,
    "it": 1719911957.9387589,
    "ja": 1719911973.0370245,
    "ko": 1719911988.1449947,
    "pl": 1719912003.2548075,
    "pt-BR": 1719912018.3673449,
    "ru": 1719912033.4725318,
    "tr": 1719912048.6044533
}