{
    "en-US": 1725245072.8830333,
    "ar": 1725245088.0513086,
    "de": 1725245103.2560623,
    "es-ES": 1725245118.4219253,
    "es-MX": 1725245133.6180701,
    "fr": 1725245148.7788713,
    "it": 1725245163.959271,
    "ja": 1725245179.117329,
    "ko": 1725245194.303574,
    "pl": 1725245209.464193,
    "pt-BR": 1725245224.66332,
    "ru": 1725245239.8338768,
    "tr": 1725245255.0005417
}