{
    "en-US": 1714911984.3034315,
    "ar": 1714912000.3838887,
    "de": 1714912016.1895123,
    "es-ES": 1714912031.7972207,
    "es-MX": 1714912047.4158204,
    "fr": 1714912063.0135474,
    "it": 1714912078.6703737,
    "ja": 1714912096.2346182,
    "ko": 1714912113.117791,
    "pl": 1714912128.7596412,
    "pt-BR": 1714912144.409274,
    "ru": 1714912160.107606,
    "tr": 1714912176.0841746
}