{
    "en-US": 1718144227.05639,
    "ar": 1718144243.0796747,
    "de": 1718144258.8378737,
    "es-ES": 1718144274.6813223,
    "es-MX": 1718144289.875379,
    "fr": 1718144305.0488617,
    "it": 1718144320.2216659,
    "ja": 1718144335.3904502,
    "ko": 1718144350.5914106,
    "pl": 1718144365.7739058,
    "pt-BR": 1718144380.948044,
    "ru": 1718144396.1229317,
    "tr": 1718144411.296468
}