{
    "en-US": 1714871288.0121262,
    "ar": 1714871303.2571309,
    "de": 1714871318.434086,
    "es-ES": 1714871334.2493136,
    "es-MX": 1714871349.913104,
    "fr": 1714871365.2771933,
    "it": 1714871380.8437815,
    "ja": 1714871398.203972,
    "ko": 1714871413.4194002,
    "pl": 1714871429.426243,
    "pt-BR": 1714871445.0711534,
    "ru": 1714871460.8002367,
    "tr": 1714871476.4656775
}