{
    "en-US": 1718036464.4040332,
    "ar": 1718036481.9547815,
    "de": 1718036497.3887913,
    "es-ES": 1718036512.5338874,
    "es-MX": 1718036527.668574,
    "fr": 1718036542.7768626,
    "it": 1718036557.9371245,
    "ja": 1718036573.0502203,
    "ko": 1718036588.2313554,
    "pl": 1718036603.3458886,
    "pt-BR": 1718036618.4785948,
    "ru": 1718036633.6097476,
    "tr": 1718036648.7369545
}