{
    "en-US": 1717651002.9928932,
    "ar": 1717651018.8835285,
    "de": 1717651034.66447,
    "es-ES": 1717651050.1866398,
    "es-MX": 1717651065.3965364,
    "fr": 1717651080.5677602,
    "it": 1717651095.7436986,
    "ja": 1717651110.919989,
    "ko": 1717651126.0931523,
    "pl": 1717651141.2799437,
    "pt-BR": 1717651156.4700587,
    "ru": 1717651171.6330369,
    "tr": 1717651186.8104138
}