{
    "en-US": 1725712227.804074,
    "ar": 1725712242.8950796,
    "de": 1725712257.9919524,
    "es-ES": 1725712273.0744762,
    "es-MX": 1725712288.1729388,
    "fr": 1725712303.2766495,
    "it": 1725712318.3774452,
    "ja": 1725712333.472673,
    "ko": 1725712348.5714424,
    "pl": 1725712363.6567326,
    "pt-BR": 1725712378.755909,
    "ru": 1725712393.8526278,
    "tr": 1725712408.9537253
}