{
    "en-US": 1715231776.693133,
    "ar": 1715231792.4611478,
    "de": 1715231807.8904884,
    "es-ES": 1715231823.3083053,
    "es-MX": 1715231838.774925,
    "fr": 1715231854.4823732,
    "it": 1715231869.9605289,
    "ja": 1715231886.3427238,
    "ko": 1715231902.3574195,
    "pl": 1715231917.8226838,
    "pt-BR": 1715231933.3044713,
    "ru": 1715231948.8221362,
    "tr": 1715231964.317114
}