{
    "en-US": 1722306935.860165,
    "ar": 1722306950.9604053,
    "de": 1722306966.0575895,
    "es-ES": 1722306981.1578236,
    "es-MX": 1722306996.2603822,
    "fr": 1722307011.3566802,
    "it": 1722307026.4831219,
    "ja": 1722307041.58306,
    "ko": 1722307056.6700988,
    "pl": 1722307071.7572672,
    "pt-BR": 1722307086.8453515,
    "ru": 1722307101.9283628,
    "tr": 1722307117.0417006
}