{
    "en-US": 1725553334.6521797,
    "ar": 1725553349.819214,
    "de": 1725553364.9920983,
    "es-ES": 1725553380.160099,
    "es-MX": 1725553395.3640225,
    "fr": 1725553410.5202162,
    "it": 1725553425.6931067,
    "ja": 1725553440.8555067,
    "ko": 1725553456.0357344,
    "pl": 1725553471.2057297,
    "pt-BR": 1725553486.4110365,
    "ru": 1725553501.5758865,
    "tr": 1725553516.746917
}