{
    "en-US": 1723897739.6551068,
    "ar": 1723897754.7531388,
    "de": 1723897770.4445198,
    "es-ES": 1723897785.5251358,
    "es-MX": 1723897800.637515,
    "fr": 1723897815.7329543,
    "it": 1723897830.832878,
    "ja": 1723897845.92602,
    "ko": 1723897861.029023,
    "pl": 1723897876.1366148,
    "pt-BR": 1723897891.2499974,
    "ru": 1723897906.3329191,
    "tr": 1723897921.4277563
}