{
    "en-US": 1723753080.666371,
    "ar": 1723753095.8769252,
    "de": 1723753111.0538487,
    "es-ES": 1723753126.2181008,
    "es-MX": 1723753141.3939636,
    "fr": 1723753156.5491564,
    "it": 1723753171.7124164,
    "ja": 1723753186.8945158,
    "ko": 1723753202.066238,
    "pl": 1723753217.2257433,
    "pt-BR": 1723753232.4016593,
    "ru": 1723753247.5773015,
    "tr": 1723753262.7500653
}