{
    "en-US": 1715358011.2015462,
    "ar": 1715358027.2329493,
    "de": 1715358042.690228,
    "es-ES": 1715358058.1417131,
    "es-MX": 1715358073.7066119,
    "fr": 1715358089.36283,
    "it": 1715358104.9016502,
    "ja": 1715358122.845704,
    "ko": 1715358139.6836662,
    "pl": 1715358155.2662485,
    "pt-BR": 1715358170.9902859,
    "ru": 1715358186.610771,
    "tr": 1715358202.2165487
}