{
    "en-US": 1716866278.0421772,
    "ar": 1716866293.8900514,
    "de": 1716866309.2599092,
    "es-ES": 1716866324.5864391,
    "es-MX": 1716866340.0661435,
    "fr": 1716866355.5247438,
    "it": 1716866371.0088096,
    "ja": 1716866388.4612026,
    "ko": 1716866405.2834394,
    "pl": 1716866420.7903402,
    "pt-BR": 1716866436.2961092,
    "ru": 1716866452.0670176,
    "tr": 1716866467.608564
}