{
    "en-US": 1721178664.4410367,
    "ar": 1721178679.555095,
    "de": 1721178694.672971,
    "es-ES": 1721178709.767305,
    "es-MX": 1721178724.9286885,
    "fr": 1721178740.0319386,
    "it": 1721178755.1859834,
    "ja": 1721178770.2841878,
    "ko": 1721178785.440941,
    "pl": 1721178800.5428343,
    "pt-BR": 1721178815.6788127,
    "ru": 1721178830.7822936,
    "tr": 1721178845.909097
}