{
    "en-US": 1725308348.3805392,
    "ar": 1725308363.5500276,
    "de": 1725308378.7121673,
    "es-ES": 1725308393.8801408,
    "es-MX": 1725308409.0680366,
    "fr": 1725308424.2261186,
    "it": 1725308439.3904915,
    "ja": 1725308454.5562274,
    "ko": 1725308469.7256532,
    "pl": 1725308484.8856366,
    "pt-BR": 1725308500.0828846,
    "ru": 1725308515.2579901,
    "tr": 1725308530.423849
}