{
    "en-US": 1722889073.4413378,
    "ar": 1722889088.6041873,
    "de": 1722889103.7678561,
    "es-ES": 1722889118.9227288,
    "es-MX": 1722889134.0858893,
    "fr": 1722889149.2374473,
    "it": 1722889164.4263425,
    "ja": 1722889179.58222,
    "ko": 1722889194.7344677,
    "pl": 1722889209.889505,
    "pt-BR": 1722889225.0531352,
    "ru": 1722889240.2119117,
    "tr": 1722889255.3962777
}