{
    "en-US": 1717694201.3759873,
    "ar": 1717694217.4093251,
    "de": 1717694232.9802217,
    "es-ES": 1717694248.1811466,
    "es-MX": 1717694263.357533,
    "fr": 1717694278.5232513,
    "it": 1717694293.7049584,
    "ja": 1717694308.873755,
    "ko": 1717694324.0698318,
    "pl": 1717694339.2497308,
    "pt-BR": 1717694354.4249783,
    "ru": 1717694369.617216,
    "tr": 1717694384.8048098
}