{
    "en-US": 1724620503.550226,
    "ar": 1724620518.7095847,
    "de": 1724620533.8708496,
    "es-ES": 1724620549.031875,
    "es-MX": 1724620564.2078357,
    "fr": 1724620579.3574398,
    "it": 1724620594.5173588,
    "ja": 1724620609.7097363,
    "ko": 1724620624.8723788,
    "pl": 1724620640.0278842,
    "pt-BR": 1724620655.215769,
    "ru": 1724620670.3887076,
    "tr": 1724620685.5519824
}