{
    "en-US": 1724563106.8533025,
    "ar": 1724563121.959818,
    "de": 1724563137.0605621,
    "es-ES": 1724563152.1586812,
    "es-MX": 1724563167.2770178,
    "fr": 1724563182.3685076,
    "it": 1724563197.486565,
    "ja": 1724563212.590755,
    "ko": 1724563227.6968646,
    "pl": 1724563242.7920282,
    "pt-BR": 1724563257.8925586,
    "ru": 1724563272.9877884,
    "tr": 1724563288.1145387
}