{
    "en-US": 1717064244.9456255,
    "ar": 1717064260.736157,
    "de": 1717064276.1510005,
    "es-ES": 1717064291.6082306,
    "es-MX": 1717064307.3774152,
    "fr": 1717064323.0398397,
    "it": 1717064338.6398048,
    "ja": 1717064355.4811888,
    "ko": 1717064372.2144697,
    "pl": 1717064387.8001337,
    "pt-BR": 1717064403.3984518,
    "ru": 1717064419.2517672,
    "tr": 1717064434.8347428
}