{
    "en-US": 1724574013.973024,
    "ar": 1724574029.0656993,
    "de": 1724574044.1595895,
    "es-ES": 1724574059.24726,
    "es-MX": 1724574074.3615818,
    "fr": 1724574089.4484766,
    "it": 1724574104.5405693,
    "ja": 1724574119.6242394,
    "ko": 1724574134.7212458,
    "pl": 1724574149.8074384,
    "pt-BR": 1724574164.9175286,
    "ru": 1724574180.0004957,
    "tr": 1724574195.0895314
}