{
    "en-US": 1719196460.9127388,
    "ar": 1719196477.4479961,
    "de": 1719196493.3089085,
    "es-ES": 1719196508.501279,
    "es-MX": 1719196523.7506254,
    "fr": 1719196538.9236634,
    "it": 1719196554.1582346,
    "ja": 1719196569.3223357,
    "ko": 1719196584.5199957,
    "pl": 1719196599.6950562,
    "pt-BR": 1719196614.874266,
    "ru": 1719196630.0451553,
    "tr": 1719196645.2206838
}