{
    "en-US": 1720477009.364083,
    "ar": 1720477024.4908047,
    "de": 1720477039.621008,
    "es-ES": 1720477054.718268,
    "es-MX": 1720477069.849776,
    "fr": 1720477084.9705255,
    "it": 1720477100.1152985,
    "ja": 1720477115.2202559,
    "ko": 1720477130.3352041,
    "pl": 1720477145.4528081,
    "pt-BR": 1720477160.5737064,
    "ru": 1720477175.682931,
    "tr": 1720477190.8387613
}