{
    "en-US": 1722515499.845349,
    "ar": 1722515515.027513,
    "de": 1722515530.185767,
    "es-ES": 1722515545.3374422,
    "es-MX": 1722515560.5039005,
    "fr": 1722515575.6616185,
    "it": 1722515590.8292882,
    "ja": 1722515605.9997017,
    "ko": 1722515621.1571872,
    "pl": 1722515636.324633,
    "pt-BR": 1722515651.4975846,
    "ru": 1722515666.6768756,
    "tr": 1722515681.857558
}