{
    "en-US": 1722698206.6093957,
    "ar": 1722698221.7227957,
    "de": 1722698236.8311818,
    "es-ES": 1722698251.9224834,
    "es-MX": 1722698267.037236,
    "fr": 1722698282.1496844,
    "it": 1722698297.31704,
    "ja": 1722698312.4109938,
    "ko": 1722698327.5495882,
    "pl": 1722698342.6567113,
    "pt-BR": 1722698357.7685413,
    "ru": 1722698372.8643417,
    "tr": 1722698387.9837303
}