{
    "en-US": 1722601905.67499,
    "ar": 1722601920.803798,
    "de": 1722601935.914172,
    "es-ES": 1722601951.0111363,
    "es-MX": 1722601966.1303058,
    "fr": 1722601981.2217233,
    "it": 1722601996.350155,
    "ja": 1722602011.4455187,
    "ko": 1722602026.5473325,
    "pl": 1722602041.6431136,
    "pt-BR": 1722602056.75827,
    "ru": 1722602071.8509073,
    "tr": 1722602086.975738
}