{
    "en-US": 1721679482.5666583,
    "ar": 1721679497.9856853,
    "de": 1721679513.0931778,
    "es-ES": 1721679528.1961513,
    "es-MX": 1721679543.3065717,
    "fr": 1721679558.3890383,
    "it": 1721679573.5044212,
    "ja": 1721679588.599093,
    "ko": 1721679603.740001,
    "pl": 1721679618.838274,
    "pt-BR": 1721679633.9546819,
    "ru": 1721679649.077904,
    "tr": 1721679664.2080388
}