{
    "en-US": 1720096334.6819258,
    "ar": 1720096349.848763,
    "de": 1720096365.0179608,
    "es-ES": 1720096380.1737862,
    "es-MX": 1720096395.3638158,
    "fr": 1720096410.522579,
    "it": 1720096425.682047,
    "ja": 1720096440.856266,
    "ko": 1720096456.0280297,
    "pl": 1720096471.2800384,
    "pt-BR": 1720096486.4571898,
    "ru": 1720096501.6166039,
    "tr": 1720096516.7785797
}